:020000041000EA
:1000000000B5324B212058609868022188439860DF
:10001000D860186158612E4B002199600221596106
:100020000121F02299502B49196001219960352056
:1000300000F044F80222904214D00621196600F024
:1000400034F8196E01211966002018661A6600F04E
:100050002CF8196E196E196E052000F02FF8012189
:100060000842F9D1002199601B49196000215960AB
:100070001A491B48016001219960EB211966A021F2
:10008000196600F012F800219960164914480160C1
:100090000121996001BC002800D000471248134993
:1000A000086003C880F30888084703B5996A0420EC
:1000B0000142FBD001200142F8D103BD02B5186610
:1000C0001866FFF7F2FF186E186E02BD00000240BE
:1000D000000000180000070000035F00212200005C
:1000E000F4000018222000A00001001008ED00E03C
:1000F00000000000000000000000000074B24E7A12
:1001000000200420F7010010CB010010CD010010E9
:10011000C9010010C9010010C9010010C901001077
:10012000C9010010C9010010C9010010CF01001061
:10013000C9010010C9010010D1010010D301001045
:10014000C1010010C1010010C1010010C101001067
:10015000C1010010C1010010C1010010C101001057
:10016000C1010010C1010010C1010010C101001047
:10017000C1010010C1010010C1010010C101001037
:10018000C1010010C1010010C1010010C101001027
:10019000C1010010C1010010C1010010C101001017
:1001A000C1010010C1010010C1010010C101001007
:1001B000C1010010C1010010C1010010C1010010F7
:1001C000EFF30580103800BE00BE00BE00BE00BECA
:1001D00000BE00BEF2EB88713038041054380410B1
:1001E0003802001090A31AE71E481F49086006C88D
:1001F00081F3088810471D480068002801D019487D
:10020000F3E70DA40ECC002902D000F012F8F9E7B4
:100210001749184A002000E001C19142FCD116495B
:100220008847164988471649884700BEFDE701C937
:1002300001C29A42FBD3704754380410C00000201A
:1002400068120020FC490410000004200000042073
:10025000FC490410001004200010042000000000DD
:10026000704700000000000008ED00E0000000D032
:1002700068120020F42A00202D4B0010E10200102B
:10028000254B0010F8B5C04606480749091A8B10DF
:10029000C90FC91810B5491003D0044B002B00D06A
:1002A000984710BD6812002068120020000000006E
:1002B000054B10B5002B03D00449054800E000BFF2
:1002C000FFF7E2FF10BDC0460000000078290020C3
:1002D0003CB500100122014B1A707047ED2A002036
:1002E000F0B5DE4657464E464546E0B591B004F0BF
:1002F0005BFD112000F076FFD02380221B069202C6
:100300005A625A6107F026FA002800D097E105F0FA
:10031000B3F8002824D1642001F02EFF05F0ACF8DA
:100320000028F4D1012107F005FA642001F024FF30
:1003300005F0A2F80028EAD101240134E4B20A2C25
:10034000E5D0642001F018FF05F096F80028DED112
:10035000052CF2D10021002007F0ECF90134F0E780
:1003600003240121002007F0E5F938233122302150
:10037000B94804F0EBFDB94804F064FD1F231322D3
:100380001221112000F010FBB54804F05BFDB548C8
:1003900004F058FDB44804F055FDB44EB44D0021AE
:1003A000112000F03BFA300004F04CFDFA208000F0
:1003B00001F0E2FE0121112000F030FA280004F0E3
:1003C00041FDFA20013C8000E4B201F0D5FE002C92
:1003D000E5D1A84804F036FDA74FA84DA84E033438
:1003E0000121122000F024FA132000F02BFA38002B
:1003F00004F028FDFA20800001F0BEFE132000F07A
:1004000051FA280004F01EFDFA20400001F0B4FE6D
:100410000021122000F00CFA132000F013FA300033
:1004200004F010FDFA20800001F0A6FE132000F079
:1004300039FA280004F006FDFA20013C4000E4B23D
:1004400001F09AFE002CCBD18E4B8F4F9B468F4BE9
:10045000012605938E4B98468E4B9A468E4B9946B5
:100460008E4B0E938E4B02938E4B04938E4B0C93BC
:100470008E4B09938E4B07938E4B08938E4B0393B1
:100480008E4B01938E4B00938E4B0F938E4B0A93A2
:100490008E4B0B938E4B0D938E4B06935B461B78C6
:1004A000002B45D14B461B78002B5ED1424611787C
:1004B00006223B781A4274D105221A4277D053465D
:1004C00008981A7804F042FD019804F03FFD009B63
:1004D0000F241D8804E0312004F06AFC013C08D39D
:1004E0002B0023411E42F6D1302004F061FC013C78
:1004F000F6D20A2004F05CFC3B78002B5BD09A0714
:100500000ED05B070CD4C8211320029AC90000F05A
:10051000E9F904223B78069813433B7004F092FCFF
:10052000FA20800001F028FE5B461B78002BB9D032
:10053000059804F087FC00235A46137042463B7826
:1005400010789A075BD543460130C0B21870534605
:100550001B7883425DD0C8211320029AC90000F0A5
:10056000C1F94B461B78002BA0D05B4801F004FE7C
:1005700000244B4604981C7004F064FC387800F0AA
:1005800063FB5346187043461B78010083424CD0EE
:10059000099804F0DBFC4246117806223B781A42A7
:1005A0008AD0534607981A7804F0D0FC8CE7039859
:1005B00004F0CCFC88E74346187800F027FB0028BD
:1005C00002D03B78002B35D0009B1B88002B01D13B
:1005D0003B7894E700F024FB0A993870800700D537
:1005E0000F990B9804F0B2FC387800F02DFB5346BD
:1005F000010018700D9804F0A9FC3B787FE71E42BB
:10060000A5D043460138C0B2187053461B788342C8
:10061000A1D100F0F1FA4B461E7000233B70434617
:100620000E98197804F092FC3CE70C983C7004F0AA
:1006300009FC3BE74346187800F0DEFAC4E7274898
:1006400004F000FC0120404211B0F0BCBB46B246B1
:10065000A946A046F0BDC04660B5001088B50010A0
:10066000ACB50010D0B50010F4B5001014B60010F1
:100670002CB6001044B6001064B6001084B600100A
:100680009CB60010ED2A0020E82A0020C0B6001019
:10069000E72A0020EF2A0020EB2A0020CCB6001029
:1006A000D5020010E8B60010F8B600101CB7001014
:1006B00034B7001044B7001054B7001064B70010EE
:1006C000DC2A002040B5001044B5001070B70010BF
:1006D00080B7001094B70010B80B00004CB50010A4
:1006E00070B5194B187842081F2828D807231340E3
:1006F00001210D00A4229D40144CA550144A1468F9
:10070000002C1BD01468013C14601268002A15D11B
:100710009A00D3180F4A9B009A1801400E4812689D
:10072000494241400A400D498C4663441A600C4BD3
:100730001D600C4B1B68002B00D0984770BD032335
:1007400013400833D4E7C046E32A002000000540E8
:10075000E01600200C000540FFFF00000C100540D3
:10076000A8300540DC160020F8B501240F00150064
:10077000060000F037FD2300B340D026BC4036060B
:1007800073623800B36100F02DFD7462042128000B
:10079000B46100F01FFC6A081F2D2AD807231340FC
:1007A00001269C00E418154BA400E7181448154BCB
:1007B000386135401449E3181B686A424A401340C7
:1007C000124A1349A2181360FA235B007B60B860D9
:1007D000042000F053FE0121042000F017FE3B68C6
:1007E0000C489E430C4B9C466444266004F02AFB54
:1007F000F8BD032313400833D2E7C046000005408C
:10080000CF0700000C000540FFFF00000C10054062
:10081000E1060010A8B70010001005400123D02207
:1008200083401206002901D1536170479361FCE7B0
:100830000123D02283401206002901D05361704762
:100840009361FCE743081F2819D807221A40930038
:100850009B180F4A9B000F499A1891600E4A9446C4
:100860006344C0070FD4FA200C4A80001968414045
:100870000A40802149018C4663441A607047032274
:100880001A400832E3E7FA20054A8004EEE7C04642
:1008900000000540CF0700000C000540FFFF0000EE
:1008A0000000FFFF43081F2811D807221A409300B9
:1008B0009B18094A9B009A180849C0071268C0177C
:1008C00041400A4006498C4663441A60704703223F
:1008D0001A400832EBE7C0460C000540FFFF00005D
:1008E0000C10054010B543081F2824D807241C40CD
:1008F000154B1870154B1960154B1A600122110029
:10090000A140144B1960A3001B1913499B00134C01
:1009100059188C6012498C46634402420FD1FA2068
:10092000104A8000196841400A40802149018C46E4
:1009300063441A6010BD03241C400834D8E7FA2031
:10094000094A8004EEE7C046E32A0020E0160020B2
:10095000DC160020A820054000000540CF0700005D
:100960000C000540FFFF00000000FFFF10B5C0B203
:1009700000F0A6F904000948210004F0E7FAFF2C72
:100980000BD0074B013C1B88012223411A4204D0A3
:10099000A240044B19880A431A8010BDCCB700103E
:1009A000DE2A0020DC2A0020F8B504000E00170023
:1009B00088481D0004F046FA3B00210032008648BA
:1009C00004F0C4FA3A0031002000FFF7CDFE012206
:1009D0000021824B824C1A70824B25801980824BF9
:1009E00019702A423CD123889B0744D423885B0793
:1009F0004CD423881B0754D42388DB0600D55CE045
:100A000023889B0600D564E023885B0600D56CE054
:100A100023881B0600D574E02388DB0500D57CE025
:100A200023889B0500D584E023885B0500D58CE0F6
:100A300023881B0500D594E02388DB0400D59CE0C7
:100A400023889B0400D5A4E023885B0400D5ACE098
:100A50002388DB0B00D0B4E0644804F0F3F9F8BD60
:100A60000121634804F072FA0120624900F030F974
:100A700023889B07BAD502215D4804F067FA02205B
:100A80005C4900F025F923885B07B2D5032158485B
:100A900004F05CFA0320574900F01AF923881B0779
:100AA000AAD50421524804F051FA0420514900F01B
:100AB0000FF92388DB0600D4A2E705214C4804F097
:100AC00045FA05204B4900F003F923889B0600D422
:100AD0009AE70621464804F039FA0620454900F015
:100AE000F7F823885B0600D492E70721404804F01A
:100AF0002DFA07203F4900F0EBF823881B0600D4AD
:100B00008AE708213A4804F021FA0820394900F020
:100B1000DFF82388DB0500D482E70921344804F09C
:100B200015FA0920334900F0D3F823889B0500D437
:100B30007AE70A212E4804F009FA0A202D4900F02C
:100B4000C7F823885B0500D472E70B21284804F01E
:100B5000FDF90B20274900F0BBF823881B0500D4C2
:100B60006AE70C21224804F0F1F90C20214900F039
:100B7000AFF82388DB0400D462E70D211C4804F0A1
:100B8000E5F90D201B4900F0A3F823889B0400D44D
:100B90005AE70E21164804F0D9F90E20154900F045
:100BA00097F823885B0400D452E70F21104804F023
:100BB000CDF90F200F4900F08BF82388DB0B00D113
:100BC0004AE710210A4804F0C1F91020094900F051
:100BD0007FF841E7E0B7001008B80010E72A0020CE
:100BE000DE2A0020DC2A0020E82A002058B8001065
:100BF0003CB800106D090010012101388140024B02
:100C00001A888A431A807047DC2A0020431E01207C
:100C10009840024B1B7818407047C046DC2A0020E1
:100C2000074B1888074B1A78012393405B42034215
:100C300003D1431E9841C0B270470220FCE7C04672
:100C4000DC2A0020E72A0020030030B51A4A107879
:100C50009A0717D5431C5BB2102B12DC0024174AED
:100C60000121145703E001335BB2112B09D00D00B1
:100C7000DBB25A1E95402A00224052B2002AF2D01E
:100C8000180030BDDB07FCD5431EDAB25BB2002B87
:100C9000F7DD0024094B01211C5702E053B2002B61
:100CA000EFD00B001500013A934023405BB2002BBC
:100CB000F4D0E8B2E5E7C046E72A0020DC2A0020AD
:100CC0000F2802D80130C0B27047FF20FCE7C046B1
:100CD000013870B5C4B20D000F2C13D80126A64000
:100CE000200000F07FFAD0231B069E622000002225
:100CF000012100F089F92B0001220421200000F0DD
:100D0000D7F970BD0026FF24EAE7C046D0231B06B2
:100D10001B68AC4A9900F0B5DE468B4651585A42E2
:100D200053412F2257464E4645465B4293439A46CF
:100D3000A54BE0B59C4683B000260191E244002912
:100D400038D0A24B99465246F30808339B009D5871
:100D50000123340098460836002D22D00F212000B0
:100D6000294001342D09002919D04B465A469A587A
:100D70000300C240203BDB171340424613420CD114
:100D800007220F000240920097403A00C308904F9C
:100D90003C339B00DA51019B9847002D01D0B442AF
:100DA000DCD3202ECFD103B0F0BCBB46B246A9465F
:100DB000A046F0BD854E5F4600210F23B346CC0808
:100DC00022005046083292001258002A00D1D0E08A
:100DD000180010408046100913421AD05D46ED59A4
:100DE000A94620256D42AC468C446546ED17AC46BD
:100DF0004D46CD40A94665464E4635400126354212
:100E000004D14646724D3C34A4006651002800D1FE
:100E1000AFE01C000440A446140A03421AD0481C48
:100E200080465846C059464681464D460800F54022
:100E30001F38C01728400125284208D165462D01DA
:100E4000AC46F0086646624D3C3080004651002CAE
:100E500000D18EE0180020408446100B234211D0B0
:100E60008C1CA0465C46E4594646A1464D460C0003
:100E7000F5401E3CE4172C4001252C4200D182E0B5
:100E8000002876D01C000440A446140C034210D065
:100E9000C81C80465846C059464681464D46080003
:100EA000F5401D38C01728400125284275D0002C78
:100EB0005FD0180020408046100D23420ED00C1D3C
:100EC000A4466546414CE459EC40A1460C004D4611
:100ED0001C3CE40F2C426AD000284AD01C0004407D
:100EE000A446140E034218D0481D80464546374894
:100EF000C059E840814608004D461B38C00F2842C3
:100F000009D165462D05AC4640466646C008304DC1
:100F10003C3080004651002C2BD0180020408446E5
:100F2000120F23422AD029488C1D8146C059E04027
:100F30008046080045461A38C00F284206D1E0080E
:100F40006446234D3C30240680004451002A10D0D2
:100F50004846C059CC1DE040844608006546193813
:100F6000C00F284205D1E0083C30194C1207800020
:100F700002510831202900D021E714E7002AF8D0D7
:100F800012488146E4E765462D02AC46F408664601
:100F90000F4D3C34A400665172E765462D03AC4604
:100FA000F00866460A4D3C30800046517FE74546D2
:100FB0002D04A84664464646E408054D3C34A4008A
:100FC000665189E70C1C002030410140A82900200F
:100FD00000400140094A83009A1810B51468402265
:100FE000544080322240064CC000A44663441A603C
:100FF000044B9C466044416010BDC04604C00140A3
:1010000004D0014000400140074B8000C3181B681A
:10101000C90092000A435A400C231340034A9446E5
:10102000604403607047C04604C0014004D00140E2
:101030008000002905D0064B9C46022360440360D3
:101040007047044B9C46022360440360F8E7C046A7
:1010500004E0014004F00140D0231B061B6830B5BA
:101060000500584243412F205B4283430E48EC0861
:101070008446072028408000814020000B4D3C30F2
:1010800063448000A40041511B19002A05D080222E
:10109000920194466344196030BDC0229201944687
:1010A00063441960F8E7C046304101400040014008
:1010B000F8B545469846D0231B06DE461C689B467D
:1010C0002B4B57469A46A3004E469946E0B55346E9
:1010D00016004A469B5807000D00002B34D04346AB
:1010E000002B3FD053464A4641469950D0231B0619
:1010F0001C6863425C412F220720634293431D4AD0
:1011000038409446FA081100800085403C311A4866
:101110006344890092000D509B18002E0ED080224F
:1011200092019446634401210D201D6000F06EF988
:10113000F0BCBB46B246A946A046F8BDC02292010B
:10114000944663441D60F3E74346002BD1D05346D9
:1011500041460D2099500022084900F0B9F95B463C
:101160001C68C6E70D20054900F0ACFABAE7C04696
:101170000C1C002030410140004001400D0D0010CA
:10118000D023F0B5C6461B0698461B680C4F9B0043
:101190001600FA5804000D0000B5104209D12900CC
:1011A00014430D203200FC5000F092F980BCB84688
:1011B000F0BD01F007FB43461B689B00FA58EEE7C1
:1011C000A829002010B504000D2000F07BFAD023E0
:1011D0001B061B6802499B005A58A2435A5010BD77
:1011E000A82900200123D022834012069362936134
:1011F000094A83009A1811684022514080320A40FF
:101200000649C0008C4663441A60054B9C46052382
:10121000604443607047C04604C0014004D00140B0
:10122000004001408023DB051868000F7047C0466E
:101230000FB400B5084883B003F004FE049B002BF4
:1012400007D005A91800019103F052FC034803F0F0
:10125000F9FD012003F064FC7CB8001054B80010C4
:10126000EFF3108072B6034A1368002BFCD0BFF373
:101270005F8F70472C0100D0BFF35F8F0022024BBD
:101280001A6080F3108870472C0100D070B5EFF31E
:10129000108C72B60D4D2B68002BFCD0BFF35F8F06
:1012A0000724CB08C618C05C01230C40A3401C00D7
:1012B0000440034207D118433070BFF35F8F2C60A6
:1012C0008CF3108870BD1000FFF7B2FF2C0100D026
:1012D000F8B54746CE46884680B5EFF3108C72B617
:1012E0001C4D2C68002CFCD0BFF35F8F9A4222D893
:1012F00007210126894602E00132934218D34D4668
:1013000037001540AF40D4080119045D2742F3D1DE
:1013100010003C430C70BFF35F8F00220D4B1A602E
:101320008CF3108800280EDBC0BCB946B046F8BD6F
:1013300001204042EFE7BFF35F8F00232B608CF367
:101340001088012040424346002BEDD00898FFF75B
:101350006FFFC0462C0100D030B5EFF3108C72B691
:101360000A4C2368002BFCD0BFF35F8F07230122B8
:101370000B409A40CD08435D93434355BFF35F8FC5
:10138000002323608CF3108830BDC0462C0100D0B0
:10139000044A1078431CDBB2172B00D910231370BA
:1013A0007047C0467811002010B5064B064C82B03D
:1013B0000100009318221F232000FFF789FF02B0CD
:1013C00010BDC0468CB800101C1C00200021044B2E
:1013D000044ABFF35F8F02C39342FAD17047C046FD
:1013E000000100D0800100D0054B064A1360064A78
:1013F000136053609360D3601361536193617047CE
:101400008080808000E400E004E400E01F231840B6
:101410001E3B8340002905D0C021044A4900535097
:1014200013607047802201498B50FAE700E100E029
:1014300001228240034B1B6813405A1E9341D8B2CD
:101440007047C04600E100E001238340014A136079
:101450007047C04600E200E0064B10309B688000F9
:10146000C358054A00209B1A2F229A424041C0B21D
:101470007047C04600ED00E07C11002070B50D0003
:10148000EFF3108672B60F4A1368002BFCD0BFF33F
:101490005F8F0D4B10309B6884001B590B4A9342A1
:1014A00003D09D4201D001F08DF9074B9B681D517F
:1014B000BFF35F8FBFF35F8F0022024B1A6086F38A
:1014C000108870BD240100D000ED00E0C1010010C3
:1014D000F0B557464E46DE464546E0B585B00600B7
:1014E00000911700EFF3108B72B66A4A1368002B55
:1014F000FCD0BFF35F8F0025674B5D579A46002DE8
:1015000000DAA9E06B00654C01935B199B009846DB
:10151000A146C1444B4652469B7910361370604B2E
:10152000B6009B6899590B1B2F2B33D95D4B994201
:1015300000D0ACE0019B42469C465B4B6544AD004D
:1015400063535A4B0232A218043B9B1A1B05584A9C
:101550005B0D651913436B80564B0121AB80FF2354
:10156000AB71009BEF71AB604B460B4319004C4BCA
:101570009B689951BFF35F8FBFF35F8F0022454B8C
:101580001A608BF3108805B0F0BCBB46B246A94682
:10159000A046F0BD01200A008243D3798C46BB42AD
:1015A00031D84546130044491B1B5B415943090D83
:1015B0003D4B63533D4B02356519043B5B1B1B05DB
:1015C0003B4D5B0D2B43AA464D466B800425AC4634
:1015D0005546E044131F44441B1B1B055B0D1D4374
:1015E0004B46997100999D8099604946DF71334B54
:1015F00001431360BBE75800C01880002018C17970
:10160000B9422FD902000623D356002BF3DA0293F6
:101610002B4B61460393131D9A4604235B429C4661
:10162000E14450464B461B1A1B055B0D9C46204B64
:10163000957198466346404603439380019B5A192F
:101640009200039BA418A380029B1C4AA371009BD9
:101650002260E771A3608AE701F0B4F800255346E1
:101660005D574FE7908802934005131D9A46031576
:1016700061469C464046D444634604302018181AFC
:10168000E0230005400D1B0218430390C5E701F05D
:1016900099F84FE7240100D0E92A00207C110020AE
:1016A00000ED00E0C101001000A1FFFFAC1100201F
:1016B00000E0FFFF01BDFFFFAAAA0000014880472C
:1016C00001BD0000F0B5DE4657464E464546E0B542
:1016D0000C0083B0EFF3108872B6634A1368002BD6
:1016E000FCD0BFF35F8F614B61499A6803001033F0
:1016F0009F00D55901938D4243D0A54254D05D4EF1
:10170000AA1B2F2A3DD85C4B9B461B689946012398
:101710001A009C4682404B4613401F22994663465E
:10172000024093409A4680225B4650469850BFF351
:101730005F8FEFF305839B46002B37D0019B5B4502
:1017400001D001F03FF801232A009A4390688442B7
:1017500008D176E04B005B189B00F3189868844230
:1017600036D01A00062151560029F3DA844254D0AB
:101770004B46002B27D0C02251463F4B5200995078
:1017800019603A4B9B68DD51BFF35F8FBFF35F8FEA
:101790000022354B1A6088F3108803B0F0BCBB46BA
:1017A000B246A946A046F0BD0D00EAE72A0063460E
:1017B0009A4390688442D5D1062010561300002821
:1017C0000ADA0D0031E0802351462B4AD150D8E788
:1017D00006201856002821DB4200111889007418D1
:1017E0008B46A1689960E179D9710621615699719A
:1017F000002924DBA488F11A640524155C44091926
:1018000009051E4C490D2143998013181C4A9B0061
:101810001178F31899711070AAE71300594600293E
:1018200014D1FF3191711749918015490A789A7145
:10183000154A9B1B5B415A43120D0A7098E71149E8
:10184000E2E70620105613000028C5DA0F4A1049B7
:10185000D21A083A5002400D014399800D495208AE
:101860000A43DA8084E7C046240100D000ED00E09E
:10187000C10100107C11002000E100E000E0FFFF4A
:10188000E92A002001BDFFFFAAAA0000B61100202E
:1018900000F0FFFF00F8FFFF10B5830804000320ED
:1018A0002040FF24054AC0009446844081409B00AC
:1018B00063441A68A2430A431A6010BD00E400E0C2
:1018C00070B501240443EFF30581EFF3108C72B679
:1018D000214A1368002BFCD0BFF35F8F1F4B05001C
:1018E0001F4AED1A6D416A43120D1E4D8900AE6804
:1018F00052B27658A6421CD00621595691421CD0AD
:1019000012215956914222D01E215956914220D07F
:101910002A2159560324914210D0134B19781A707A
:101920008171BFF35F8F00220B4B1A608CF310881C
:1019300070BDAB680D4C5C50EFE7002461000919E5
:1019400089005B18FF21997109499980E5E7012415
:10195000F4E70224F2E7C046240100D07C11002005
:10196000AAAA000000ED00E0E92A0020C101001051
:1019700001BDFFFF1F2110B5091A0248FFF7ECFC5B
:1019800010BDC046F02A002010B5084B084C82B0AC
:1019900001000093002205232000FFF799FC002896
:1019A00001DB1F23181A02B010BDC046A8B80010F2
:1019B000F02A002070B504000E001500FFF7E8FCC7
:1019C0000100200000F006F8A680E580BFF35F8FDD
:1019D00070BDC046024B9C4661448900016070475F
:1019E0004000003470B5114C114DAC420FD2FF26AF
:1019F0002368002B0CD0FFF7CBFC01002000FFF781
:101A0000E9FFA680BFF35F8F0834AC42F0D370BD0E
:101A1000FFF7BEFC01002000FFF7DCFF2671BFF3DB
:101A20005F8F0834AC42E3D3F1E7C0466012002078
:101A30006812002010B50400FFF7AAFC0100200086
:101A4000FFF7C8FFFF232371BFF35F8F10BDC046B0
:101A500010B50400FFF79CFC01002000FFF7BAFF5F
:101A6000FF23A380BFF35F8F10BDC04610B50400F5
:101A70000120FFF799FC034BC3189B002360BFF3C1
:101A80005F8F10BD40000034034B9C4661448900C9
:101A90000160BFF35F8F7047400000340A4B196844
:101AA000EFF3108072B60A68002AFCD0BFF35F8F94
:101AB0001B68BFF35F8F00221A6080F3108840BF5D
:101AC000002000217047C046BC2A0020F0B5DE4649
:101AD00057464E464546E0B587B0EFF305830322EF
:101AE00001251A40954091008846A946B34B0392C0
:101AF0005C58B34B1D60B34B04934B46B2484363F1
:101B00000823E55E002D37DAA3881BB2002B00DB2B
:101B1000ADE0A379002B00D0EEE00823E05E0028C2
:101B200020DB430062691B18DB00D3189E68DD6868
:101B3000731C00D111E1A44801004144826A0B6981
:101B4000B71A9B1A9F4215D30123026A0398834058
:101B50001A420FD09C4800F01DFC8D4202DCCCD113
:101B60008642CAD940BF07B0F0BCBB46B246A946C0
:101B7000A046F0BD0E61EDE762696B0092465B190D
:101B8000DB009A4453469E68DF6800F003FC8F42F6
:101B9000BADC00D103E1002F00DAE8E052465346F8
:101BA00052691B699346049A934200D1D9E0524688
:101BB0000821605E528800045946104398470090FF
:101BC00001910099019A0B001000134300D1CEE05F
:101BD00013000A00B61A9F41002806DB7A4800F07D
:101BE000D9FB009E019F36184F4153469E60DF602F
:101BF00000229A5E002A00DA86E75300991860698D
:101C0000C900411802938B68C9689B46B94200DD40
:101C10007AE702D1B34200D976E708239C46A44470
:101C2000059565462281A446029B2C0006E05300E0
:101C30009918C90041188D68C968AB469B18DB002C
:101C4000C318B94206DC00D1B3E01C000023E25EF9
:101C5000002AECDA230064469C4653461A80634609
:101C6000059D1D80A3881BB2002B00DA51E7226975
:101C7000EFF3108172B61368002BFCD0BFF35F8FB7
:101C80000123A7885B42A3803FB22369BFF35F8F24
:101C900000221A6081F31088002F00DA39E7230050
:101CA000083322009A4666697B00DB19DB00F318D3
:101CB000996850468C460824115FDD68002910DBC6
:101CC000029306E0AB4244D00023E15E20000029ED
:101CD00006DB4C006418E4003419E368AB42F1DD24
:101CE000029B078000201F5E1980002FDCDA1400A1
:101CF000A379002B00D110E70023A371260008234D
:101D0000E15E08364B1C00D12CE70800A24665694D
:101D100002E03E004B1C1AD04B005B18DB00EF18B2
:101D20000A008C46E95E7B881BB2002BF1DA0123A6
:101D30005B42DC17BB60FC60824205D053463180B9
:101D40001B893B8053461A8160464B1CE4D15446A4
:101D5000E5E6A3686345B7D9C2E76B1C00D0EAE6A5
:101D6000F8E65B4658461B69984700281BD1534646
:101D70001B8822692381EFF3108372B61168002952
:101D8000FCD0BFF35F8F514662880A80226965806C
:101D9000BFF35F8F0021116083F31088B4E68642A1
:101DA00000D8F8E6B0E65B461A685B6800920193DB
:101DB00007E7B34500D848E74CE7C046982900201C
:101DC0003C700540CD1A00100040054070B52E4C07
:101DD0002569002D04D00A212C48FFF7FBFD70BDBA
:101DE0002B4E0321300000F0CBFAE660FFF7D0FA6B
:101DF000284B03229C46D02322701B061B6801211E
:101E00006370254B6044A3600F2380002061022093
:101E1000638063694942A180198002311986473184
:101E20001D83585218315A5275325C399952183202
:101E300001319952183201319952183201319952B7
:101E4000083518329D520231183299521832013138
:101E5000995218320131995218320131995218327F
:101E6000013199521832013199520C4B0C49DC6006
:101E700001303562FFF702FB01210320FFF7C6FAAC
:101E8000084B1D60A7E7C046C4110020BC2A0020F3
:101E90000040054040000034FFFF1000982900205A
:101EA000CD1A00103860054000487047C41100206A
:101EB000F8B51F0008AB1B7804001600002B08D1F2
:101EC00000F070FA32003B00121A8B41002B00DA4E
:101ED00052E02269EFF3108072B61368002BFCD039
:101EE000BFF35F8F0223E15E63694A005218D2009C
:101EF0009B182269002936DB1D886580BFF35F8F40
:101F00000025156080F31088069A9E60DF601A61D4
:101F1000079A5A615A8801325204520C101C002A46
:101F20001FD082B25880080410432669EFF310874F
:101F300072B63268002AFCD0BFF35F8FA2881A8085
:101F4000A1802369BFF35F8F00221A6087F3108896
:101F50000A4923788C4601329A40E36863441A6048
:101F6000F8BD0120DDE7BFF35F8F0023136080F32E
:101F7000108801204042F3E70020F1E73C200000F8
:101F800070B501000469EFF3108C72B62068002868
:101F9000FCD0BFF35F8F02200D5E4C6968004019D2
:101FA000C00024180869002D36DB26884E80BFF358
:101FB0005F8F002606608CF31088E36063880498C6
:101FC000013320615B0405985B0CA26060611A1C00
:101FD000002B1FD093B22804628018430A69EFF3E4
:101FE000108C72B61368002BFCD0BFF35F8F8B8808
:101FF00023808D800B69BFF35F8F00221A608CF302
:1020000010880B7801329A40CB6808498C466344AB
:102010001A6070BD0122DDE7BFF35F8F002303600C
:102020008CF3108801204042F3E7C0463C200000BA
:1020300010B543890A1493421ADD53009B18426974
:10204000DB00D3180469EFF3108C72B62268002A03
:10205000FCD0BFF35F8F5A88090494B2090C8A42FE
:1020600008D00369BFF35F8F00221A608CF31088D9
:10207000002010BD8022120214435C8001230269FB
:102080008371BFF35F8F002111608CF310880449C6
:1020900002788C469340C268012062441360E8E7EE
:1020A0003C20000040787047F0B506000F00062481
:1020B0006442E517C646A4197D4100B582B08D4241
:1020C00014D811D000F06EF922002B00121A8B41A7
:1020D000002B15DC002B44D03000390000F06CF9E7
:1020E00002B080BCB846F0BD8442EBD90024002584
:1020F00000F058F922002B00121A8B41002BE9DD69
:1021000000F050F922002B00121A8B41002B0ADB41
:1021100000230193144B2200009314482B00FFF777
:102120002FFF0130D8D0A04629000024104A1148C2
:10213000536A994204D8956A4545CDD29942CBD18C
:102140000568EFF3108C72B62B68002BFCD0BFF340
:102150005F8F0368BFF35F8F1C608CF3108820BF14
:10216000E6E7002AB8D0CBE79D1A0010C411002082
:1021700000400540BC2A0020F0B5C64600B582B03C
:10218000040000F00FF9FA2206000F0020000023DF
:102190000021920000F0E8FF8019794104000D1E33
:1021A00002DA01242E4D644206267642F7173619CC
:1021B0006F41AF4214D811D000F0F4F832003B0068
:1021C000121A8B41002B15DC002B46D02000290071
:1021D00000F0F2F802B080BCB846F0BDA642EBD9E0
:1021E0000026002700F0DEF832003B00121A8B4177
:1021F000002BE9DD00F0D6F832003B00121A8B41CB
:10220000002B0ADB00230193164B32000093164883
:102210003B00FFF7B5FE0130D8D000233900B046AF
:102220009C46124A1248536A994204D8966A464517
:10223000CCD29942CAD10668EFF3108772B63368E0
:10224000002BFCD0BFF35F8F0368BFF35F8F664640
:102250001E6087F3108820BFE5E7002AB6D0C9E7E3
:10226000FFFFFF7F9D1A0010C411002000400540B1
:10227000BC2A0020F0B557464E46DE464546E0B53E
:1022800006000F0085B0EFF3058399468B46002BBF
:1022900012D0384900204B6ABB4206D38A6ADB1B46
:1022A000591E8B41B2424041184305B0F0BCBB46B9
:1022B000B246A946A046F0BD2F4B9A46DB68984629
:1022C00053461B784046039300F064F84246039B54
:1022D000040004339B009B580D001B1A390030008A
:1022E000001BA941894510DC0DD020BF214A0020E8
:1022F000536A5B45D9D3926ADB1B591E8B41B242AC
:1023000040411843D1E78342EFD900F04BF8320047
:102310003B00121A8B41002B1ADB00230193174B51
:102320003200009350463B00FFF72AFE011E0FDDEE
:10233000104B5A6A5A451BD39B6AB34216D3504678
:10234000FFF776FE0B4A0020536A5B45ADD3D2E718
:10235000084A0020536A5B45A7D30020926ADB1B22
:10236000B24240415A1E934118439EE75A45E6D176
:1023700020BFE4E700400540C41100209D1A001072
:1023800010B5024A0248FEF781FF10BDC4B8001024
:10239000201C00200300416A0A00986A596A8A4298
:1023A000FAD17047034B596A0A00986A596A9142F8
:1023B000FAD1704700400540064A536A9942FCD85A
:1023C00007D1044B02E05A6A914202D19A6A9042C4
:1023D000F9D8704700400540F8B5DE464E465746EE
:1023E0004546E0B58B4605000A991800160000F036
:1023F00041FB0A9B6C001F02324B64199C46A400EF
:102400006444636881469F4200D967602B1FDBB23A
:102410009846012B30D9C02380229B01E31812017A
:102420001A60294BAD0059599A4600291BD17301F6
:10243000E026226853401E40802342465B01E31899
:102440001E60012A30D9802380229B01E3181201EB
:102450001A6053464A4667605A51F0BCBB46B246C2
:10246000A946A046F8BD586900F004FB01304300BE
:102470001B18033BFDD2DAE75B46012BCBD1C0230F
:1024800003229B01E3181A60023AA3681A42FCD0A7
:102490007301E0262268AD0053401E4080230A4AA3
:1024A0005B019246E3181E605A46216851400322A0
:1024B0000A401A6001225B469A40A3681A42FCD087
:1024C000C1E7C04600800040281C0020F0B5464609
:1024D0004F46D646C0B51F00344B44009C462418D6
:1024E000A4006444636888461600FF2B02D880234A
:1024F0005B006360031FDBB29A46012B30D9C02317
:1025000080229B01E31812011A60294B850059595A
:10251000994600291BD17301E026226853401E40D2
:10252000802352465B01E3181E60012A30D98023C4
:1025300080229B01E31812011A6080235B00636014
:102540004B465F51E0BCBA46B146A846F0BD58695B
:1025500000F090FA013043001B18033BFDD2DAE78C
:102560004346012BCBD1C02303229B01E3181A6001
:10257000023AA3681A42FCD07301E0262268850063
:1025800053401E4080230A4A5B019146E3181E60B7
:1025900042462168514003220A401A600123424604
:1025A0009340A2681342FCD0C1E7C04600800040BF
:1025B000281C0020014B8000C0587047281C0020B8
:1025C000F8B5040021481E0017000D0000F052FA73
:1025D0000100380000F04EFA069B36041B031E4330
:1025E0002368002B20DB1A4B1A49E3185A1E93412B
:1025F0008022920194465B421B0B174A1B036344E3
:102600001360164A13601F000A689743FBD1144BEE
:102610002560E2182123A06013602368002BFCDAF8
:102620000823E6601360F8BD3F2322681340AB42E5
:10263000D9D1A3681B051B0D8342D4D1EE22E368D8
:10264000D2021340B342CED1EDE7C046001BB70023
:102650000040FDBF08C0004000E0004000F0004026
:102660000430000010B580241C4BE4051C600028D9
:102670001AD001231A4C18431A4BDC611A4C4440FF
:102680001C62596298628021144BC9051960174871
:1026900017490860E021C9041960002A07D1802287
:1026A000144B12061A6010BD0E4BD861EBE75301B4
:1026B0009B1A9B009A18802312015B049A4209D24C
:1026C00013000D490B60074B5A608022094BD2055D
:1026D0001A60E8E7094B1A00F3E7C04600B005406E
:1026E000D3C007B0008005402D3FF84FFCFF01002C
:1026F0000820014000A0054070290020FFFFFF00D6
:102700008023024A9B000B43D36270470080054040
:10271000002310B50100988A1B8B984710BDC04656
:10272000162310B50100188802331B88984710BD86
:10273000F8B54746CE4680B50F1E18D014239946EB
:10274000043304000025012698464B46188843466A
:1027500021681B88984701C4431E984101350640F3
:10276000AF42F2D13000C0BCB946B046F8BD012638
:10277000F8E7C046002370B504000D00988A0549AB
:102780001B8B984703000020002C01DB0130A04088
:102790002900984755420000AA23064A1B011360EE
:1027A0008D235B00D3600449044B19605368002BF0
:1027B000FCDA70470040024000B0FA0000600240BE
:1027C0007047C04610B50148FEF732FDE8B800106A
:1027D00070B5074D074EB54209D20024013E761B65
:1027E000B60808CD984723000134B342F9D170BD33
:1027F000F8B4001034B50010054B064A06491A60BB
:10280000064A074B1A6010000B689843FBD17047CB
:1028100000E00040BFCDFBFE08C00040FE7F3C0052
:1028200000F00040044BDB6C002B03D18022034BF3
:10283000D2021A607047C046000011504C2011505F
:10284000044A054B1A60054A1368DB018033FBD14B
:102850007047C046FFFFFF0100F0004008C0004085
:102860004022034B9A675A671A67DA667047C04678
:1028700000F0014010B5FEF7A9FD10BDF8B52749DD
:10288000274C284D641AA6103200302E00D9302271
:102890002800920000F0C4FCBC2C3BD830202F2331
:1028A0002C196407204A801BE40F9B1B052B16D9AB
:1028B0003700002C02D0B300771CEA50001B3319FC
:1028C0009B004108EB18C900C9181A605A60083308
:1028D0009942FAD1012303421CD09843C619B30090
:1028E000EA50731C2F2E15D09B00EA50B31C2E2EDD
:1028F00010D09B00EA50F31C2D2E0BD09B00EA5009
:10290000331D2C2E06D09B00EA50731D2B2E01D0B8
:102910009B00EA50054B9D60F8BDC04600010010C9
:10292000C001001000000020C101001000ED00E017
:10293000002310B5294C82B0A367FFF72DFF0122B9
:10294000274B1A60636C012BFCD10322254B1A60C4
:10295000224A936B012BFCD1013300930121224ABF
:1029600022480433FFF72CFE052301210093204A5F
:102970002048FFF725FE0022022104201E4BFFF70E
:10298000A5FD0022012105201C4BFFF79FFD002221
:10299000002107201A4BFFF799FD00220021082093
:1029A000174BFFF793FD8023DB00009300220021EB
:1029B0000920134BFFF710FD0022104B00210620C9
:1029C000FFF784FD0420FFF7F5FD0E4900F052F8F3
:1029D00001000020FFF794FE02B010BD008000400F
:1029E0003CB0004030B00040002F685900800240E9
:1029F000008C864700C00240001BB7004059730797
:102A0000006CDC0240420F0001480421014B1847D2
:102A1000E011002031270010014B9B68184700008F
:102A2000E0110020124A936F9B0815D29066D16680
:102A3000002905D0FFE7FFE7FFE7516F106F7047F0
:102A400004B580210906C2175140002800D0C843B0
:102A500008F0FAFC002104BDF0B5146E556E576FF6
:102A6000166FFFF7E3FF1466556657671667F0BDEC
:102A7000000000D0114A936F9B0813D21066516674
:102A8000002905D0FFE7FFE7FFE7516F106F7047A0
:102A900004B5002801D00020C04308F0D5FC002177
:102AA00004BDC046F0B5146E556E576F166FFFF734
:102AB000E5FF1466556657671667F0BD000000D045
:102AC00094464A4A926F9208624601D228E0C04674
:102AD000F0B5464E346E756E776F366F00F020F8A5
:102AE0009446424A14665566576716676246F0BDBB
:102AF00094463E4A926F9208624601D254E0C04624
:102B0000F0B53A4E346E756E776F366F00F04CF854
:102B10009446364A14665566576716676246F0BD96
:102B2000002B24DB11D000293EDA00B5C943404216
:102B300000D1013100F038F8C943404200D10131E1
:102B4000DB43524200D1013300BD002AEBD1002803
:102B500001D1002905D00020C90FC90701D1C04308
:102B6000410800B508F058FC0022002300BD00B564
:102B700000290ADBDB43524200D1013300F014F894
:102B8000C943404200D1013100BDC943404200D198
:102B90000131DB43524200D1013300F005F8DB4341
:102BA000524200D1013300BD002923D1002B18D19E
:102BB000002A0CD0BC460D4F38667A6600210023EF
:102BC000FFE7FFE7FFE77A6F386F67467047002837
:102BD00001D00748010000B508F01EFC00220023C8
:102BE00000BD02000B00002000217047000000D053
:102BF000FFFFFFFF002B00D0BFE0130C28D1002AFD
:102C0000E7D080B4114F39667A66FFE7FFE730B44A
:102C1000040C7B6F396F1B0423433B667A66FFE726
:102C2000FFE7FFE7C04684B27B6F3D6F1B04234381
:102C30003B667A66FFE7FFE7C04600232C042D0CB5
:102C40007A6F386F00196941B0BC7047000000D03E
:102C5000F0B594460025140E01D112020835140F68
:102C600001D112010435940F01D192000235D40F25
:102C700001D152000135D40B0134254F7C66254C1F
:102C80003C660E0C93B2FFE7FFE7FFE73C6F66433D
:102C9000360C7703BE467343DF0B5B04C01AB941A1
:102CA000130C7343DB18C91ACE086643360CB644BE
:102CB00093B273431F0F1B01C01AB941130C734326
:102CC0001F0B1B05C01AB941860D8F023E43664398
:102CD000360C092D24DB520A7243801A7703460A08
:102CE0006643360C16235B1BDE40DF40BF1964468B
:102CF0006643821B7046043506330100D940A84064
:102D0000C01900D30131A24206D20023F0BD000059
:102D1000000000D0FFFFFFFF121B0130F3D3F1E7EB
:102D200009277F1BFE406446A2B27243801A00D27C
:102D30000139220C7243130C1204821A99410B00C0
:102D40007046043513370100F940A840801900D3BC
:102D50000131002B02D1A2420AD2F0BD013000D3D2
:102D60000131121BFAD2013BF8D1A24200D2F0BDD0
:102D7000013000D30131121BF7E7F0B51C0C00D075
:102D800080E00CB400251C0A04D11B02160E33434C
:102D9000120208351C0B04D11B01160F334312011C
:102DA00004359C0B04D19B00960F334392000235EF
:102DB000DC0B02D192185B4101351C00971864416D
:102DC0000134464F7C66464C3C660E0CFFE7FFE73D
:102DD000FFE7C0463C6F6643360C7703BE4697B2AA
:102DE0007743C01B00D20139C01B00D201399FB20A
:102DF0007743C91BC91B170C77437E04FF0B801B4D
:102E0000B941CE086643360C0C2D33DBB644120BA9
:102E10001F053A431B0B97B27743C01B00D2013901
:102E20009FB27743C91B170C77433E043F0C801BAE
:102E3000B941860D8F023E43664329277F1BFE4022
:102E40000C3D7746AF40BF1930BCA2B2ABB2724363
:102E50007343801A9941220C7243130C1204801A96
:102E6000994102000B000137001BA941F9D2781EDD
:102E70000021F0BD0C277F1BFE4077467F0BAF4043
:102E8000FF19E0E700245D1C07D0144F7D6639660A
:102E9000FFE7FFE7FFE7FFE73C6F95B29EB26543B0
:102EA0006643401BB141150C1E0C65436643360456
:102EB0002F0C3E432D04401BB141994204D2020025
:102EC0000B0020000021F0BD01D19042F7D3801A01
:102ED000994101349942F2D3F6E70000000000D096
:102EE000FFFFFFFF48404140484018B4134B5B6868
:102EF000019308BD18B4114B1B68019308BD94469B
:102F00000F4A926F920805D2624618B40B4BDB68E9
:102F1000019308BD0A4AF0B5146E556E576F166FCF
:102F20006246FFF7F2FF064A146655665767166752
:102F3000F0BD18B4014B9B68019308BD3814002004
:102F4000000000D0FFB550404240504059404B4037
:102F5000594000E0FFB5154F4C00640D03D0BC4252
:102F600004D10C0314D80020090D09055C00640D80
:102F700003D0BC4204D11C030AD800221B0D1B0540
:102F800001264B4009D44B4003D58B4200D18242ED
:102F9000FFBD9942FCD19042FFBD0B43DB180343B8
:102FA0001343F5D0C9434918FFBD0000FF070000D7
:102FB00000B5FFF7CFFF804100BDC04600B5FFF769
:102FC000C9FF01D9002000BD012000BD00B5FFF7F9
:102FD000B9FF01D9002000BD012000BD00B5FFF7F9
:102FE000B1FF804100BD012040054A00121804D8FD
:102FF0005A00121801D800207047012070470000C5
:103000000021002805D17047C1174840401AFAD066
:10301000C90713B5064B1B6898470CBC441CA2405B
:103020001005120B0349091B09051943114310BD73
:10303000B82900201F04000010B54C00620D802349
:10304000D218DB00D21A5B057E2A10DD9E3A13DA15
:10305000CC170903490819435242D1406400013496
:103060001532202A05DAD0400843604310BD002005
:1030700010BD0846604310BDC80FC018013810BD10
:1030800018B4024B5B6A019308BD0000381400209D
:1030900010B50148FEF7CCF8F4B80010132370B552
:1030A0001D78012D19D014DD1D48FFF739FB0600EE
:1030B0001C48FFF735FB1C4C80223100200000F03B
:1030C000AFF8022D06D01948FFF722FB184B186005
:1030D00070BD154C174BA364F5E7174B124C2360DA
:1030E0006360A360E36023616361A361E3612362C2
:1030F0006362A362E36223636363A363E3632364A2
:103100006364A364E36423656365A365E365236681
:103110006366A366E36623676367A367E367D9E72C
:103120005344000053460000381400204C33000084
:10313000B82900203D3100109130001007B56046DD
:1031400001880A0A0230DF2AFAD1C9B2820804D300
:10315000028840880004104300E00068014A505093
:10316000039007BD3814002051434343C9188C46CF
:10317000110C83B24B4310B4040C614392B280B281
:10318000504362431C041B0C001910BC594113042A
:10319000120CC018514161447047000010B501483D
:1031A000FEF746F838B80010132310B510481C7805
:1031B000FFF7B6FA0100012C0AD003DD80220D488A
:1031C00000F02EF80C48FFF7A3FA0C4B186010BD66
:1031D000084C5422200000F023F8220008498032D5
:1031E0002368002B00D1216004349442F8D1E9E730
:1031F00053460000BC2900204C330000B8290020B1
:103200009D31001001480421014B1847F0110020A6
:1032100031270010014B1B6818470000F0110020F7
:10322000014B5B6818470000F01100207047C04652
:10323000F8B55746DE464E464546E0B599460A9BE8
:1032400007009A460D9B884693460B9C9B073BD1F3
:103250000C9B9C423DD21E1B0B9415000C005E443F
:103260002A004B46013521002020B847B542F7D14E
:10327000A0460B9C002C20D0454636195346321BE5
:10328000013C185D29004B46B847002CF6D12B00B5
:10329000350098460D9B9B070FD55B46EC1A0C9B9F
:1032A000A3420AD9464698462A004B4631002020C0
:1032B0000134B84701354445F6D32800F0BCBB467D
:1032C000B246A946A046F8BD16001500002CD3D181
:1032D000E0E716001500002CCED1EEE7F0B545462C
:1032E000DE4657464E46E0B585B09C4610AB1B788F
:1032F000149F934698460F9C129E139DBB074CD477
:10330000002D42D1B44248D201233B4099460E9B46
:10331000013B9A46302304E0524601341355A6423D
:1033200001D9202CF8D14B46002B00D183E00E9B15
:10333000013B99463023A54205D82EE04A46013488
:103340001355AC4229D0202CF8D1FB060CD57B05B7
:1033500054D4A64263D0A54261D0119B102B50D00B
:10336000022B57D0202C32D1202301930E9B5A469A
:103370000093039763460295FFF75AFF05B0F0BC30
:10338000BB46B246A946A046F0BD01233B40994644
:1033900001233B422AD1B442B9D3FB061CD57B059D
:1033A000DBD4002CD5D1119B102B5BD0119B022BB1
:1033B0006BD0302301240E9A13704346002B10D19A
:1033C0007B073ED52B260E9A631C1655CDE72300AE
:1033D000013430260E9AD654202CC5D04346002BFB
:1033E000EED02D260E9A631C1655BEE74346002BE1
:1033F0002FD0013DB44200D289E798E7119B102BF2
:10340000B2D1BB0637D5202CAED058230E9A135517
:103410000134A7E7202CA7D02300013407E0631E66
:10342000012CC0D0119A102A31D0022AD1D16226A3
:103430000E9AD65496E7FB06CED57B0500D488E7D6
:103440008BE723003E0790D520260E9A01331655B0
:103450008BE70C233B405A1E9341ED1AB44200D235
:1034600055E764E7BB060ED478230E9A0224137046
:1034700030235370A1E7202C00D175E778230E9AF2
:10348000135501346EE75823EFE76033EDE70E9AEA
:10349000A61E91464E44BA0602D55822327098E7CD
:1034A0007822327095E7C04610B5002800D110BDD3
:1034B00001F07EFCFBE7C0460B0010B5002802D0EF
:1034C00049681B68984710BDF0B55746DE464E4622
:1034D0004546E0B595B083460F00924698461E9A41
:1034E0001F9B10001900209EFFF77DFD002800D0D3
:1034F000EAE11E981F990122C54B5242FFF758FD81
:10350000002800D014E11E981F990122C14B52429D
:10351000FFF764FD002800D0E9E01E981F99002203
:10352000BD4BFFF75BFD002800D0C8E01E981F9937
:103530000022BA4BFFF73CFD002800D0BFE01E98E8
:103540001F9900220023FFF733FD002800D0E4E09C
:1035500000230B93229B5B0500D406260024302316
:1035600007E0172106AA013452181355013E202CFA
:1035700001D0092EF5D81E981F99FFF75DFDA84BC5
:10358000F2009B181A685B68050008920993FFF720
:103590003BFD02000B001E981F99FFF7A6FC089A3E
:1035A000099BFFF7C6FC06900791FFF769FD81466E
:1035B000FFF726FD02000B0006980799FFF795FC20
:1035C0000022984B06900791FFF708FD002800D1D4
:1035D0000DE101239C46E1444846FFF711FD02003E
:1035E0000B0008980999FFF7E9FC002802D0002396
:1035F00099460135002E00D1D9E006954D46B946D1
:1036000014E006AA944617230A21634428000134D3
:103610001F19FFF72FFA3031397028000A21013EB7
:10362000FFF728FA092D00D817E10500202CE8D172
:103630004F46069D20240CAE06AA172394466344E9
:1036400099465B46B34606930FE04B4628000A2195
:103650000134E618FFF7E6F93031280031700A210D
:10366000FFF7E0F9051E00D1E4E0202CEDD1069B28
:103670005E469B460323229A1340012B18D1219BBF
:10368000002B15D00B9B002B00D1FDE0219B013BB3
:103690002193202B0CD93023219A07E0172006A96B
:1036A000013409180B55944200D3CCE0202CF5D1FD
:1036B000229B01940393219B0096029322E0229B7C
:1036C00052460493219B3900039358461E9B1F9C2E
:1036D000029600930194434600F04AF9040020004A
:1036E00015B0F0BCBB46B246A946A046F0BD229B31
:1036F0005B070FD403224C4B22990192039121992D
:10370000009302914346524639005846FFF790FD18
:103710000400E4E70422454BEEE71E9A1F9B0020BD
:103720000021FFF7E2FB01231E901F910B9311E78D
:10373000229B54469B0711D1219B042B0ED9219B20
:1037400055469C465E46043C64442A004346013587
:1037500039002020B047A542F7D1B346344D2600AA
:103760002B1F99465B46A3461C003200E87843466F
:103770003900013DA04701364D45F6D123005C4696
:103780009B46229B04349B07A9D55346219AE31AF2
:103790009A42A4D95E4615002200434639002020F3
:1037A000B04753460134E31A9D42F5D897E7280005
:1037B000FFF72AFC02000B001E981F99FFF795FBEC
:1037C0000022184B06900791FFF7F2FB0CAE002881
:1037D00000D031E7069807990022124BFFF7FEFB55
:1037E000002800D028E7012301359D4324E700226B
:1037F000069807990B4BFFF7DBFB002800D0F9E692
:103800004B46002B5CD101239C46E144F2E6C046C6
:10381000FFFFEFFFFFFFEF7F65CDCD4165CDCDC150
:10382000D0BF00100000E03F5CB9001054B9001098
:1038300064B90010069B5E469B460323229A134000
:10384000012B00D181E0202C00D131E70B9B002B14
:1038500027D02D23335501342AE74F46069D202CCF
:1038600000D1E7E63022331907E0172006A901341A
:1038700009180A55202C00D1DCE6A342F5D12E22EE
:103880000CAE0134F254D7E60C23229A134257D0DF
:10389000219B013B2193A34200D9FCE6202C00D1BF
:1038A00006E7229B5B0703D52B2333550134FFE644
:1038B000229B1B0700D4FBE6202333550134F7E697
:1038C000DB0700D496E69EE7229B55469B0711D165
:1038D000219B032B0ED9219B54469C465E46033DFB
:1038E000654422004346013439002020B047AC42F1
:1038F000F7D1B346B9465F461C4EEC1C2A00B0789F
:10390000434649460135B847013EAC42F6D1229BB9
:10391000BB464F469B0700D4E1E65346219AE31A83
:103920009A4200D8DBE65E46150022004346390085
:103930002020B04753460134E31AAB42F5D3CEE61C
:10394000219BA34200D9A6E6B2E6219B002B00D121
:1039500079E70B9B002B97D0219B013B21939C4245
:1039600000D298E6202C00D073E7A1E660B90010E1
:10397000F0B5DE4657464E464546E0B599B081461D
:103980008B4692469846229A239B10001900FFF717
:103990002AFB002800D0CAE0229823990122824BFA
:1039A0005242FFF71BFB002800D0C0E02298239969
:1039B00001227E4B5242FFF7FBFA002800D0B6E00E
:1039C0002298239900220023FFF7F2FA002800D062
:1039D000C9E1229B239C08930994089809998023A4
:1039E000269ADB001A400D928022269C1201144078
:1039F00022000B94269C07000E001C4200D0ADE074
:103A00000B00034300D0D5E0002A00D00AE22200D8
:103A100006332493022313400C930223134200D055
:103A200002E2259B042B00D20FE2043B0B93002300
:103A300004250A930022229823990023FFF7B8FA5D
:103A4000002800D003E25A4B269A134004930B9BA4
:103A50000393249B0293089B099C0093019459466D
:103A6000434652464846FFF72FFD02002020269B82
:103A70001F27034059424B415B421840531C089397
:103A8000594643464530C8470A9AD317D4185C4074
:103A9000D30F0A936B1E0B9308AB9C46002567441B
:103AA00001E0202D0FD020000A21FEF7E3FF0135B1
:103AB0007E193031317020000A21FEF7DBFF26002D
:103AC0000400092EEDD8052306930B9B5946059358
:103AD000002304930A3303930A9B4846029310ABD6
:103AE0000093089A43460195FFF7F8FB0C9B002BC7
:103AF0002DD05346C41A259BA34228D94D465F4674
:103B000081461E00534639001A19202043460134CD
:103B1000A847A642F6D8534648462599C21A01320C
:103B20000023914200D386E1013018180FE0269B54
:103B30000493259B0393249B0293229B239C009335
:103B400001944346524659464846FFF7BDFC19B01A
:103B5000F0BCBB46B246A946A046F0BD01432BD1FE
:103B60000B9B2200002B00D154E700230A93249BD7
:103B70000A9A0024934200DD85E1229823990022CD
:103B80000023FFF715FA002800D035E1269B084AEC
:103B900002941A408023DB0013430493259B039374
:103BA000089B099CCBE7C046FFFFEF7FFFFFEFFFBD
:103BB000FFF7FFFF06232493B44B70009C46400D93
:103BC0006044FFF721FAB24AB24BFFF7B2F9B24AAA
:103BD000B24BFFF78FF93603B14B360B334304007A
:103BE0000D00380019000022AE4BFFF77EF9AE4AF7
:103BF000AE4BFFF79EF902000B0020002900FFF7F3
:103C000079F9FFF719FA0A90FFF7FEF9A84AA94BCC
:103C100004000D00FFF78DF90022A74BFFF76AF9AA
:103C2000FFF70AFAA54A0600A54B20002900FFF776
:103C300080F9040030000D000C96FFF7E5F9A14A69
:103C4000A14BFFF776F902000B0020002900FFF7D7
:103C50004CF902000B0006000F00FFF76AF9320072
:103C600004000D003B0030003900FFF743F900224B
:103C70000E900F91954B20002900FFF740F900228C
:103C8000934BFFF737F902000B0020002900FFF7E4
:103C900036F900228F4BFFF72DF902000B002000B0
:103CA0002900FFF72CF90D008021040032003B00B1
:103CB0000020C905FFF719F902000B0020002900B8
:103CC000FFF718F902000B000E980F99FFF717F98C
:103CD0000022734BFFF70EF97F4B0C9C9C4664440B
:103CE00000222305FFF725F906000F0002000B0054
:103CF00008980999FFF75CF900280AD00A9B300060
:103D0000013B39000A930022714BFFF7F8F80600D7
:103D10000F000A9A330063323900C62A12D80222F1
:103D20002698042510400B9A0C90002A25D1259B3B
:103D3000042B05D9002800D0A1E0259B043B0B9360
:103D4000042541E00222269810400B9A0C90002A8C
:103D500012D1259B052B76D9002872D1259B0525EC
:103D6000053B0B9334E0802212069446229B089375
:103D7000239B6344099330E605250B4300D1F6E607
:103D800008980999554A564BFFF720F9002808D0A2
:103D9000089809990022534BFFF70AF9002800D030
:103DA000E5E6249B002B1CD00D9B002B19D0249BF7
:103DB000013B2493259BAB4204D90C9B002B5AD08A
:103DC00002230C9300230B930A9B002B00D131E6B6
:103DD0000898099932003B00FFF791F80890099183
:103DE00028E6259BAB42EDD90C9B002B43D000234A
:103DF0000B9302330C93E7E78020269B3A4A000698
:103E00001A40802384460294089C099D2900DB0007
:103E100013430493259B6144220003930B000092FB
:103E200001938EE60524A8E600230B930A93023340
:103E300004250C93FEE553468C46013B63441B1A54
:103E400072E602230C930525C2E70423EDE58020EA
:103E5000089E099F000639008446269A224B614439
:103E6000134004930B9B32000393249B02930B009B
:103E700000920193F3E5259B5B1B0B93A4E70223C0
:103E800004250C93A0E79C1A013C76E601FCFFFF99
:103E9000FB799F501344D33FB3C8608B288AC63F39
:103EA0000000F03F0000F83F61436F63A787D23FF7
:103EB00071A379094F930A400000E03F1655B5BB46
:103EC000B16B0240EF39FAFE422EE63F00002C4073
:103ED0000000244000001840FF0300002D431CEBAD
:103EE000E2361A3F80842E41FFF7FFFFF0B5DE4631
:103EF00057464E464546E0B5A5B01E002E9B92465D
:103F00000C93CD4ACD4B80468B461A60002900D1D8
:103F1000EAE1002330789946002800D1ECE1C84B53
:103F20004C460B93C74B454657460E930AE0631C1D
:103F3000984622003B005946A8474446307800285E
:103F400000D187E001362528F1D108239A46043BA9
:103F50009946023B9846013B00229C460D943078DE
:103F6000711C0300203BDBB2102B03D80B9C9B0081
:103F7000E3589F460300303B89460D9C092B3AD9F4
:103F8000002398462A2800D1C1E000239A462E2813
:103F90004BD00300683BDBB2122B1ED80E999B005E
:103FA000CB589F4663460E001A43D8E743460E009F
:103FB0001A43D4E74B460E001A43D0E710230E00F5
:103FC0001A43CCE753460E001A43C8E780235B0030
:103FD0001A43FF3B9C467078E1444E4667284FD811
:103FE0002428A4D90300253BDBB2422B9FD8964955
:103FF0009B00CB589F46002394461E0000E00131F1
:10400000B3009B195B001E180878303E0300303B5C
:10401000092BF4D90123624689469C460023B04609
:104020009A460E00E1442E28B3D130218020494227
:104030008C46C000024370784B468444614609298F
:1040400000D86CE12A2800D17AE101239C464E4633
:10405000E1449EE7A146A846BA46CA4503D80123D3
:104060005B425344994653464A4659460020C0474E
:10407000200025B0F0BCBB46B246A946A046F0BD24
:104080000300693BDBB20D930F2B00D94FE70121F1
:1040900099408C466D49894661464B4619400F91BF
:1040A000634649460B4200D028E10D9B0A2B3AD0CB
:1040B000072B00D03BE70C9B190008C98846002B52
:1040C00000D14BE121200243914614A98C461F22C6
:1040D0000F2162448C4651460D950C91A246150065
:1040E0000F9902E020290CD0130064461C402000E8
:1040F0003730092C00D80738013168541A090F2BC2
:10410000F0D80C9B54460D9D9A460F9133E10C9BC1
:1041100002CB8846002947DB0C9301239C4670782C
:104120004E46E14431E70C9B02CB14935346002BDF
:1041300000D138E19C4608780B000C908C44002894
:1041400001D100F098FC89466146944603E05A7814
:104150000133002A01D08B42F9D1494662465B1AED
:104160000C900F93530500D520E102231800104056
:104170000D90134200D1CBE30D930B1BB1469A4631
:104180005E460C9822003B003100A847534601349C
:10419000185D0028F6D1B3464E460D9B002B00D08B
:1041A000C7E1149B0C93C9E60C9301239C46283865
:1041B00049420243884670784E46E144E5E670780D
:1041C0006C2800D17FE180235B001A43FF3B9C46B3
:1041D000E14402E780239B001A4301239C46707848
:1041E000E144FAE67078682800D173E180231A432D
:1041F0007F3B9C46E144F0E6672800D103E1472875
:1042000000D15AE1452800D15AE1049207214246E3
:104210000C9B0392073352468B43190002920CC940
:104220002800009201930C9122003B005946FFF7B1
:104230009FFB040082E6C046ED3E00106C29002082
:1042400030BE001074BE0010C0BE001041900000CF
:10425000462800D1DBE00492072142460C9B0392E2
:10426000073352468B43190002920CC92800009272
:1042700001930C9122003B005946FFF725F90400F9
:104280005CE6631C984622003B0059462520A8475F
:10429000444653E60C9B04330D93631C99469207E6
:1042A00000D422E10C9B2200187859463B00A84715
:1042B00043464444012B00D885E23300B8462E0023
:1042C0005F4625004C46994622004346013439009A
:1042D0002020B047AC42F7D12C00BB463500474602
:1042E0004E460D9B0C9329E6DB4B30789846002315
:1042F0009946002800D012E60024AEE66F2800D1CF
:1043000088E000D80BE31023782800D1CFE09A434F
:104310000A239C4600230F930A330D9380E05646F0
:10432000B1008919490001330E181878303E010098
:1043300030390929F4D9B2461E000133994628E6DE
:104340000C9B023602CB8A46C9435046C917084027
:1043500082460C933078731C99461AE6102310009D
:10436000984311331843814680201300C000034056
:10437000024200D1A9E64B46069308230593534613
:10438000049310230393002302930F9B22000193B5
:104390001CAB009359463B002800FEF79FFF4346A5
:1043A00004000C93CAE501235B42C3E60F9B53450F
:1043B00001D953460F930223180010400D90134269
:1043C00000D1B7E10D93D1460B1B9A463300A144AF
:1043D0002E0022004D460C98B9465F469B4608E0E9
:1043E0004B463900541CB0475346185D002877D01F
:1043F00022009542F4D15B46BB464F46A9463500A4
:104400004C461E00C9E680231B011A43FDE620230B
:104410001A4320E708239C4600230F9308330D938B
:1044200080231100DB0019401A4200D116E10D2350
:104430009A431000802302009B001A4014921842F5
:1044400000D0C2E1802302005B001A4091460C9A22
:1044500004320F92184200D0B7E2430600D59FE124
:10446000030600D419E30C9B1B880993002B00D092
:10447000FCE110339843002900D1F7E1002399466D
:1044800043460593534604930D9B069003930023E4
:10449000D2E0582808D0622867D102239C46002326
:1044A0000F9302330D93BBE720231A43103B9C4626
:1044B00000230F9310330D93B2E780231B011A439F
:1044C00020231A43A1E6C0239B001A43F31C9946FC
:1044D000B07882E5C0231A43F31C9946B0787CE596
:1044E00035005E46BB464F4657E64346012B00D893
:1044F00063E1631E43449A463300B9462E005F468B
:1045000055469B46A24622004B46013439002020E6
:10451000B047AC42F7D135005E46BB464F46A14698
:1045200054460C9B4A46187859463B004444A847D9
:10453000D7E6A1460F9B984500D832E64444E41ADA
:104540003300B8462E005F4625004C4699462200AF
:104550004346013439002020B047AC42F7D12C004B
:10456000BB46350047464E461BE680231000DB0065
:1045700018401A4200D10FE1112118008A430D9210
:104580000D9A802311009B0019408C461A4269D174
:10459000802311005B00194089460C9904310F916A
:1045A0001A4200D0CAE113005B0600D5F0E0130008
:1045B0001B0600D459E20C9B00229B5ED9175A18A7
:1045C0004A4092B2D90F0C91002B00D1F9E11000B2
:1045D00014AA944642461F23149252466344A846A6
:1045E00016944D460400B946B2461F00159201E0EC
:1045F000202D0FD020000A21FEF73CFA01357E194C
:104600003031317020000A21FEF734FA2600040010
:10461000092EEDD8149B4F46A94645469846159B52
:1046200056469A46169C0D9B069343460593534661
:1046300004930A2303930C9B02934B4601931CABF8
:104640002200009359463B002800FEF747FE0F9BCF
:1046500004000C9372E4C0462D3200100C239A43E0
:104660001000E7E607220C9B073393430132944680
:104670009C4462460C920CCBD90F0F911100194348
:1046800000D191E0D91713911291514010911399D3
:104690005940119110981199129A139B801A9941BF
:1046A0001090119114AA0023944642469946149200
:1046B00052461F336344A846B24616944E46109C99
:1046C000119DB94615921F0001E0202E10D0200048
:1046D00029000A220023FEF70BFA013630322B00A4
:1046E000BA550D0022000400002BEED1092AECD8A7
:1046F000149B1094119545469846159B4F46B1461C
:1047000056469A46169C0D9B069343460593534680
:1047100004930A2303930F9B02934B4601931CAB14
:104720002200009359463B002800FEF7D7FD040005
:10473000FFF704FC0F9B984500D8C1E18023DB0004
:104740000D9343460F9A1B199B1A994633002E006E
:104750004D46B9465F469B460C9122004B460134BC
:1047600039002020B047AC42F7D143460C990133C1
:104770000F930B7835000C935E46BB464F46002BDB
:1047800000D10EE50D9B002B00D1F6E4002319E6C5
:104790000C9B1B781A0015E710239A430D92EFE645
:1047A0000C9B1B78099361E6002399460028AAD147
:1047B000002200231092119374E70C9B22001878BA
:1047C00059463B00A8474C468BE50C9AFA3BFF3B09
:1047D00007329A430133994691444B460C93136830
:1047E000526815921A4306D1103290430022099262
:1047F000002900D081E06122810600D54122D2B299
:104800000A9214AA91460A9A00210A3A1492424640
:104810001792524618925A460991B3461F311E000C
:104820000F9B4944BA4619941A9500246746984646
:104830008946159D16901B920AE03032D2B24B4643
:1048400001341A55A8454AD0202C4AD006000D0044
:104850003A00002330002900FEF74AF9D2B2092AB3
:10486000EBD9149B9C466244D2B2E8E761238206EE
:1048700000D54123DBB20A3B0C93434614A91F2207
:104880008C46159353466244A046B2464C46179751
:10489000A9461700099D0D9E1490169308E0303329
:1048A000DBB201343B55B5420ED3202C0CD00500B1
:1048B00031002800FEF7DEF8CBB20929EFD90C9AB7
:1048C00094466344DBB2ECE7159B4D46A146444653
:1048D0009846169B564614989A46179FD0E5B742BD
:1048E000B2D9179B57469846189B5E469A461B9B23
:1048F00009949B461698199C1A9D43460593534666
:1049000004930D9B0690039300230293099B05E7F4
:104910000F9B984500D914E701330F932DE4102322
:10492000110099430D91692800D0BAE0802310004E
:10493000DB0018401A4200D122E61DE60C9B1B68E2
:10494000DA0F1100002B00D18CE0DA1798185040D4
:1049500014AA914642461F23149252464B44A04645
:10496000A946169704006546B2461F000C911592A1
:1049700001E0202D0FD020000A21FEF77BF8013541
:104980007E193031317020000A21FEF773F82600BD
:104990000400092EEDD8149B444698460C9BAC4667
:1049A0001900159B56464D469A46169F0D9B02913F
:1049B000069343460593534604930A2303936346A1
:1049C0003CE6002800D02EE602E60C9B1B689946C8
:1049D000002B03D110339843002938D1612382067C
:1049E00000D54123DBB20A3B0C9343461693534652
:1049F00014A91F228C4617932B006244A0464D46F3
:104A0000B246189799461700149C0D9E159008E021
:104A10003033DBB201343B55B5420ED3202C0CD0E1
:104A2000050031002800FEF725F8CBB20929EFD99F
:104A30000C9A94466344DBB2ECE7169B149444460C
:104A40009846179B56464D469A461598189F4346DA
:104A50000593534604930D9B069003930023029302
:104A6000149BEBE50028A1D172E70C9B1B68D917BA
:104A70005A184A40A6E580231000DB0018409C46E7
:104A80000F901A420FD00220030013400F931042E0
:104A900019D00023A1460F934CE50C9B1B6809938A
:104AA000E4E40A0034E40223180010400D9013429D
:104AB00000D03EE54346002B00D042E6FFF771FBF5
:104AC00001330F937FE463460D93F3E710B50C00B9
:104AD00084B00394012402A90290009303481300B8
:104AE0006242FFF703FA04B010BDC046B9340010AB
:104AF00010B5094A0300146884B0002C08D00122C4
:104B000000910648524203A9A047012004B010BDFD
:104B100000F098F90020F9E76C290020A934001072
:104B200000BEFDE710B5FFF7FBFFC04670B5FDF70F
:104B30004FFE074D074EB54209D20024013E761BB9
:104B4000B60808CD984723000134B342F9D170BDAF
:104B500034B500103CB50010030010B5080011007A
:104B60001B68984710BDC046F0B5C64600B5437DEA
:104B700007000C001600002B46D0002A17DD0B782A
:104B80000A2B24D000239846012E13D0012529009A
:104B9000635C01350A2B26D0B542F8D1464509DCC5
:104BA000A419013C23780D3B5A4253413B7580BC0C
:104BB000B846F0BD4346E018A419F11A013C3B6821
:104BC000984723780D3B5A4253413B75EFE7037DED
:104BD000002BD7D102210F483B689847012EDFD028
:104BE00001239846D2E7631E5B5C0D2BD4D0884529
:104BF00004DA4346C91AE0183B6898470221054881
:104C00003B68A8469847C7E703681100200098470B
:104C1000CDE7C04620C00010F0B5C6460B680600C0
:104C20000C0000B5802B06D05A1C2260E4182671B7
:104C300080BCB846F0BD0F4B1D68002D16D00B1D73
:104C400098460D4F02E02D69002D0FD02B68002BE8
:104C5000F9D03B68002B01D0AB42F4D1280041468B
:104C60002268FFF781FF2D69002DEFD1012200237B
:104C7000DBE7C0466025002068250020F0B54546EA
:104C8000DE464E465746E0B583B091461C0080464E
:104C90000D00FDF787FB0023304A12184B41002B13
:104CA00002DA01222E4B52422E4908008A4606F0B3
:104CB000F3FB07006B1C03D1404606F065FB0500C3
:104CC000002C27D0284E294B1C68002C18D04B46AE
:104CD000002B21D1264B994602E02469002C0FD0ED
:104CE0002368002BF9D04B461B68002B01D09C4257
:104CF000F3D120002A004146B0472469002CEFD1AF
:104D0000002F26D1280003B0F0BCBB46B246A9460E
:104D1000A046F0BD174ED6E7154B99460A239B4691
:104D200002E02469002CEBD02368002BF9D04B461D
:104D30001B68002B01D0A342F3D12A00414620007A
:104D4000B0476B465A462000DA71D91D0122B047A0
:104D5000E7E7504606F058FBD4E7C04640420F0054
:104D6000FFFFFF7F60120020694B001060250020CC
:104D700068250020594B00100A4A1368002B05D102
:104D80000CE01A001B691032002B07D08342F8D1C7
:104D9000002902D118691060196170470029FCD000
:104DA0001060FAE76025002010B500F0F1FA10BDA0
:104DB000F0B5CE46474680B583B06B460600DD1D94
:104DC0002870FDF7EFFA0023194A12184B41002B07
:104DD00002DA0122174B524217490800884606F0B2
:104DE0005BFB164B81461C68002C14D0144F02E06C
:104DF0002469002C0FD02368002BF9D03B68002BCE
:104E000001D09C42F4D1200001222900FFF7ACFE22
:104E10002469002CEFD14B46002B05D1300003B0A4
:104E2000C0BCB946B046F0BD404606F0EDFAF5E725
:104E300040420F00FFFFFF7F60120020602500202E
:104E40006825002070B5040006F09EFA01230100D9
:104E5000050001222000FFF711FF084B1C68002C01
:104E600006D06368002B05D098472469002CF8D140
:104E7000280070BD2469002CF3D1F9E760250020DB
:104E8000F0B5CE46474680B5A3B004000D00FDF74F
:104E900089FA0023274A12184B41002B02DA01221B
:104EA000254B5242254E300006F0F6FA0023220030
:104EB000019307002B00224801A9FFF707FE214BB1
:104EC000804699461C68019B002B1AD0002C2FD0DD
:104ED0001D4D02E02469002C0FD02368002BF9D06F
:104EE0002B68002B01D0A342F4D12000019A02A923
:104EF000FFF73AFE2469002CEFD14B461C680023D3
:104F00000193002C06D06368002B0BD098472469CE
:104F1000002CF8D1002F07D1404623B0C0BCB946C1
:104F2000B046F0BD2469ECE7300006F06DFAF3E717
:104F30000194EFE740420F00FFFFFF7F6012002067
:104F4000194C001060250020682500200FB400B522
:104F500083B004A901C90191FFF792FF03B008BC17
:104F600004B018477047C0460022014B1A707047C2
:104F7000EA2A00204B790020FF2B0BD18B79002BE4
:104F800008D1CB79012B05D1082A03D9024B8A78A5
:104F900009301A707047C046EA2A00200120704785
:104FA00010B5012913D112495379107909781B02E0
:104FB00003430020994200D010BD5378012B08D044
:104FC000022BF9D1642200210020FDF74BFB0120C8
:104FD000F2E7D37891781B021943480ADB0501D424
:104FE000012040427F238A05D20F1940FDF7C2FB02
:104FF000EA2A002000487047ECC0001070B5050098
:1050000014000120012909D153780020012B05D17A
:10501000637912791B021343072B00D070BD210066
:105020002800024A9F3301F063FAF7E744C00010FA
:10503000012303700048704724C000104B780A78A1
:105040001B0213438A7810B512041A43CB781B064F
:1050500013439622D200934200D010BD00220120BB
:1050600011004042FDF786FB024B1860024B1960AD
:105070007047C046141C0020181C002010B5024BBD
:105080001878FCF7E1F910BDEC2A0020154B70B53B
:105090001A68002A22D0EFF3108172B61068002837
:1050A000FCD0BFF35F8F00200F4A596010701B685F
:1050B000BFF35F8F186081F31088002400250B4E2A
:1050C0003078FCF7B5F9002804D100240025290028
:1050D000200070BD3078FCF7B7F9F8E7FA24002516
:1050E000A400ECE790290020EE2A0020EC2A002002
:1050F00070B5040000200E0001F018FB002834D029
:10510000002001F029FB00282FD0FDF74BF90023E8
:10511000174A12184B41002B16DB164D280006F0DB
:10512000BBF9002821D0002001F000FB00280FD19E
:1051300001200021404200F00FFD032464422800BA
:1051400006F062F9200070BD01220B4B5242E4E7E9
:10515000002001F001FB0028EAD0210032000020ED
:1051600001F004FB041EEAD1E7E703246442E9E707
:1051700040420F00C02A0020FFFFFF7F10B5FDF75F
:1051800011F900230D4A12184B41002B02DA0122BB
:105190000B4B52420B4C200006F07EF900280CD03D
:1051A00001200021404200F0D7FC002001F022FB4A
:1051B0000028F5D1200006F027F910BD40420F006D
:1051C000FFFFFF7FC02A0020F8B5DE46574680B5B6
:1051D00005000C00FDF7E6F80023364A12184B4193
:1051E000002B02DA0122344B5242344908008A462D
:1051F00006F052F9002803D1C0BCBB46B246F8BD48
:10520000002001F093FA00284AD00026002C43DD4C
:105210002B4B9B4614E0A919002001F025FB070049
:1052200001200021404200F097FC002001F0E2FA4A
:10523000FDF7B8F8224BF61918605960B4422BDD1F
:10524000002001F031FBA71B0200B84200DD3A004C
:10525000002AE0D101200021404200F07DFC002026
:1052600001F0C8FA002001F061FA002814D00020F3
:1052700001F01AFB0028E1D1FDF794F85B460F001E
:105280001A685B68002184460E4812184B419F4201
:1052900002D8D3D19445D1D9504606F0B5F8ABE742
:1052A00000200021064B18605960504606F0ACF80B
:1052B000A2E7C04640420F00FFFFFF7FC02A002048
:1052C0003014002020A1070030B52A4C85B0002101
:1052D000200006F0C9F800281CD1274B1A68002AC4
:1052E00016D0EFF3108172B610680028FCD0BFF31F
:1052F0005F8F01242148596002781B68D2B2047084
:10530000BFF35F8F0020186081F31088002A17D048
:1053100005B030BD01200021404200F01DFC0020FE
:1053200001F01AFA0500200006F06EF8002DEFD00B
:10533000134B1B68002BEBD0124A10689847E7E725
:10534000FCF7B2FD0400FDF72DF8FA2200239200CD
:1053500012184B41002B02DA01220B4B5242012161
:10536000029100210191094920000091FCF7A0FD64
:10537000CEE7C046C02A002090290020EE2A002057
:10538000141C0020181C0020FFFFFF7F8D50001010
:10539000D02310B51B0684B01C68FCF785FDFCF714
:1053A00081FEA04202D0002004B010BD294B002194
:1053B00000201B7801F06CFD27480368002B45D0C6
:1053C0000120FCF7E1FAFF23244C25492070184006
:1053D000FCF754F820780121FCF718F80520FCF7B9
:1053E0003BF8002824D1082200211E48FDF712FFB7
:1053F000FCF75AFD0400FCF7D5FFFA2200239200C7
:1054000012184B41002B02DA0122174B52420121A4
:10541000029100210191154920000091FCF748FDFF
:105420000028C0DB12480121FFF7A6FC0120BBE7E2
:105430000120FBF7B9FF0B4B01001800FCF724FB20
:10544000002205200B49FCF743F8EBE7FCF7F2FAE2
:10545000B6E7C04650380410C02A0020EC2A0020CD
:10546000C952001090290020FFFFFF7F8D500010CF
:10547000001200207D50001010B5002001F056F9F8
:1054800010BDC0460048704788C1001000487047F2
:1054900034C1001010B5040017480378002B20D049
:1054A000002C06D1154B16484380063BFF3B03807A
:1054B00010BD052C1DD8134BA400E0581249012340
:1054C000013804E001330A800231142B0DD0C25C94
:1054D000002AF7D1C022DBB25B00920008481343D8
:1054E000E5E7112100F022F8DAE7CA2304489B001F
:1054F000DDE70020DCE7C046C82A002009040000E0
:10550000382500201CC100103A25002010B50248A3
:1055100000F0E0F810BDC046B029002010B5082208
:105520000149FDF77DFE10BDB029002030B54B1EAE
:10553000012900D1A7E0664A11780D092C0030340A
:105540009F2900D9A2E00470012B00D1BEE00F21F9
:10555000147821400C003034092900D998E04470B7
:10556000022B00D1B2E054782509290030319F2C5C
:1055700000D990E08170032B00D1A7E00F212140DA
:105580000C003034092900D987E0C470042B00D105
:105590009CE094782509290030319F2C00D97FE0C8
:1055A0000171052B00D191E00F2121400C00303416
:1055B000092900D976E04471062B00D186E0D47821
:1055C0002509290030319F2C00D96EE08171072B0D
:1055D00000D17BE00F2121400C003034092966D82E
:1055E000C471082B00D171E01479250929003031EC
:1055F0009F2C5FD80172092B68D00F2121400C002D
:105600003034092958D844720A2B5FD054792509BF
:10561000290030319F2C52D881720B2B56D00F218C
:1056200021400C00303409294BD8C4720C2B4DD0CA
:1056300094792509290030319F2C00D90731017355
:105640000D2B43D00F2121400C003034092901D902
:1056500037310C0044730E2B38D0D1790C0922005D
:1056600030329F2900D9073282730F2B2ED00F22A0
:105670000A4011003731092A01D830321100C173B4
:10568000102B23D010300023037030BD07345AE7AD
:1056900037310C0063E707316CE737310C0074E7F2
:1056A00007317DE737310C0085E707318EE7373169
:1056B0000C0095E707319DE737310C00A3E7073170
:1056C000AAE737310C00C4720C2BB1D1C018DAE74D
:1056D000B029002010B588B004000D2200216846D2
:1056E000FDF798FD0D22002104A8FDF793FD4B2343
:1056F0006A466846137004A90D2205F07DFE152147
:10570000082220006944FDF78BFD08B010BDC0469B
:10571000F8B500F047F90C23194DFF22AB670520BF
:105720001849FBF7D5FE184C402200212000FDF758
:1057300071FD4027002301262121144A667027832A
:10574000A260136063545F31618445396354104A29
:1057500010496360E2602787A1620B606362E262C6
:1057600005F062FE80239B052E64EB6490230A4AB9
:105770000120EA508022094B5202DA64F8BDC0468B
:1057800000001150D90600206C2500208400105024
:10579000000110508000105010D001000020115066
:1057A00010B501210520FBF731FE10BD10B5002218
:1057B0000021024800F016F910BDC0468C250020DB
:1057C000044B1970002904D080219023024A8902D9
:1057D000D1507047E42A0020002011500B785B065E
:1057E00002D14B78052B00D070478A78014B1A60A4
:1057F000FAE7C04600001150F0B5C646C87800B5BB
:105800008007830F1800012B60D08F780A794B79BD
:105810007F213940FC091B024E001343334D3219DE
:105820005201AA18977001276740577000275B053F
:105830005B0DD7701383D076B846CA00012C32D0E6
:105840002B4FBC468F016244BC46AC446746BA60ED
:1058500047461760002932D0264AC9009046624662
:10586000414451603F223F339343022837D02249BD
:1058700037190A687F01D3180B602049EF19FA60C5
:105880008B422ED836197601AD19EB7E1C499B064A
:105890004A4013438022120613436A6813600120B2
:1058A00080BCB846F0BD174FBC468F016244BC4671
:1058B000AC446746BA6247461760002908D1002306
:1058C00064012C196360104BE360E8E70020E7E710
:1058D0000B4AC9009046624641445162C2E75B00F0
:1058E000C5E7FCF76FFFFA68CCE7C0466C250020DF
:1058F000840010500400105074290020FF0F105035
:1059000000001050800010500001105010B505F03C
:105910008BFD10BD10B57F200C0020404000E40935
:10592000110000191A00034B4001C01800F05AF88A
:10593000012010BD6C2500207F23180000B5084011
:1059400083B00B4204D14B424B41084A013393666A
:105950008022C9094000064B401840010021C018B0
:10596000120105F0B9FD03B000BDC0460020115082
:105970006C2500207F22130010B50B400A4200D195
:1059800010BDC9095B005B1804485B01C018002307
:1059900000220349C37005F09FFDF1E76C2500204C
:1059A000FFF7FFFF80220A4B520410B51A60094B23
:1059B00009491A6010000B689843FBD1802200212E
:1059C00052010648FDF726FC0922054B5A6710BD17
:1059D00000E0004000F0004008C00040000010500F
:1059E00000001150002310B5C382013382828376F8
:1059F0000161040005F048FD002804D080219023B7
:105A0000074A8902D150200005F056FD002802D037
:105A10000123237710BD200005F046FDFAE7C046BC
:105A2000002011507047C0467047C04600207047A4
:105A3000002070477047C0467047C0467047C04658
:105A40007047C046024B5878431E9841C0B2704719
:105A5000F0160020024B18784007C00F7047C04670
:105A6000F0160020F0B5D6464F464646C0B52F4B3F
:105A700007009A461B780E00FF2B50D1002941D019
:105A8000002154222A48FDF7C5FB0022294C2A4B4D
:105A900020001A70FBF7CEFF284B1C60284C20001A
:105AA000143CFBF7E3FF200001F0FAFD254B264DE7
:105AB0001C60264B002B04D02800FFF7B9FA244BBA
:105AC00018602449002489462149002388462A7801
:105AD00010E043461B6862019B18002B12D05B68E4
:105AE000002B0FD098472A780134E4B2511C2300D0
:105AF000A14209DBA242ECD89B1A5B014B445B68D4
:105B0000002BEFD100200BE05346310038001F700E
:105B1000FFF7FEFD0028F5D03800FFF741FE012019
:105B2000E0BCBA46B146A846F0BDC04634120020DB
:105B3000F0160020E8160020E52A00204417002077
:105B40002C12002048170020E22A002031500010BB
:105B50003815002044C20010F0B5DE4657464E46C8
:105B60004546E0B5C84B91B002931B78FF2B00D19E
:105B70003EE1C64BC64E9B465F46C64B0DAC0193FD
:105B8000C54B009335686A69EFF3108172B61368EC
:105B9000002BFCD0BFF35F8FA9612800210001F02A
:105BA000AFFB6A69AB69BFF35F8F0021116083F3BC
:105BB0001088002800D11BE16378082BE2D89B00F5
:105BC000FB589F466368002BDCD0A0689847D9E754
:105BD0007F222179AF4D0A405300EB189846C8093F
:105BE000804440460123303005799D430571057995
:105BF00003339D430571002A00D100E14346A74AC3
:105C00001B7D1278934200D3EFE0A54A5B01156833
:105C1000ED18002D00D1EBE0A36862792078AD6922
:105C2000A847AFE79F4A1378002B00D1E0E0137834
:105C3000013BDBB213701378002BA3D10122954DE9
:105C400001212B78042013432B703423EA5C8A4310
:105C5000EA54EA5C8243EA540133EA5C8A43EA5438
:105C6000EA5C8243EA54237800209B4600F09EFCC5
:105C7000602223791A40602A00D1EFE0402A00D147
:105C8000F5E0DB06DB0E012B00D113E1022B00D186
:105C9000C7E0002B00D0E1E0202A00D11CE2002A5E
:105CA00000D0DBE06379092B00D9D7E07E4A9B0066
:105CB000D3589F46774D2B78DB0700D462E7FFF778
:105CC000BFFE5FE7019BDB78DB0700D45AE7606823
:105CD000FFF7AAFE56E76F4D2B78DB0700D451E79C
:105CE00028780007C00FFFF7A9FE4BE723786A4921
:105CF00099468B46694B6A4998468A4639001A7814
:105D000047460023B04600254E46894610E05346DC
:105D10001B686A019B18002B00D176E0DB6830001D
:105D200098473A780135EDB2511C2B008D4244DC86
:105D30009542ECD39B1A5B015B44EFE7237858490B
:105D40009946564B8A4698463100BB464E461A78CD
:105D500000250023474689460FE053461B686A0129
:105D60009B18002B55D0DB68300098473A780135F6
:105D7000EDB2511C2B008D4207DC9542EDD39B1AEE
:105D8000009A5B0194466344EDE7019D5422002193
:105D90002800FDF73FFA1022FF214448FDF73AFAA8
:105DA00028002022FF2114304E465F46FDF732FACC
:105DB00000F0F2FBFFF740FEE4E6364D54220021EE
:105DC0002800FDF727FA1022FF21281DFDF722FAEF
:105DD00028002022FF21143046464F46FDF71AFACC
:105DE00000F0DAFB2379AB70CCE6501C984213DA52
:105DF00011B0F0BCBB46B246A946A046F0BDA368B0
:105E00006279207800F0E6FBBCE646464F46214D1D
:105E1000E6E74E465F46CBE71F4D9B1A5B015D19D7
:105E2000FAE67023217A0B4218D1C80982460F3353
:105E30000B405B0098461948EB1853441B7D0078D3
:105E40009946834266D216485B01006881469944B0
:105E5000002A00D15FE14B46002B68D12078002159
:105E6000FFF76AFD80212078FFF766FD8AE610487B
:105E700000F09CFB012158460EAAFFF7BFF800284E
:105E800000D07FE6EAE7C046341200209CC1001033
:105E900048170020F016002044C20010E22A00201B
:105EA00038150020E52A0020C0C10010F41600209B
:105EB000FD4F0010237A0F2BD0D8CF4AEB181B7957
:105EC0001578AB423ED3691C9942C7DB5D1BCB4BB7
:105ED0006D01ED18686900F069FB012158466B6996
:105EE0000EAA9847002800D04CE6602215002379BE
:105EF0001D401A42B2D163790A3B012BAED800F0A3
:105F000055FB63790A2B00D199E158460EA900F0A0
:105F1000D9FA37E6431C4B4500DAF7E04B461B1A2B
:105F20005B019946B5488144002A00D1F3E04B4615
:105F3000586900F03BFB4B46012158465B690EAAAD
:105F400098479CE7AE4A5B011568ED18002DC1D15A
:105F500084E7A37999466B789945D6D06B78002B66
:105F600000D033E14B466B70002B00D12BE148464B
:105F70000138C0B2FFF78AFA002800D17EE14378E9
:105F80000793022B00D079E10122C179B1468B1130
:105F9000491113400A40302112015B0113432A7852
:105FA000A8468A4313432B7009239A4682445646D7
:105FB000BA46C37882781B021343C31805938E4BED
:105FC00004938E4B08938E4B09938E4B0A93059B3B
:105FD000B34200D855E1737801220B2B03D13378FB
:105FE000F278F6187378042B00D044E1059B002763
:105FF0009B1B9BB20693049B0B921D78002303937B
:106000001BE0099A7B011568ED18002D00D132E1E3
:10601000310058462B69069A98478446082803D9C8
:10602000069A824200D313E1049B01371D78FFB228
:106030006B1C03979F4200DD1DE1BD42E1D8039B2D
:106040005D1B089B6D019C466544E1E76B780CAADB
:1060500002321370584601230EA900F049FA91E567
:10606000E3881A0AD8B20F2A00D9F7E666499300E6
:10607000CB589F460EA800F09FFA5846A179FFF72B
:1060800095FB02222B7813432B707BE5E388012BD1
:1060900000D0E3E608222B78584693430EA92B70D4
:1060A00000F010FA6EE5022029780CAB9A1C8B06E2
:1060B0008908DB0F01400B431380584602230EA9C9
:1060C00000F016FA5EE5E388012B00D0C6E6082250
:1060D0002B7813432B7018E7237A0F2B00D9BDE6DA
:1060E000EB181D79444B1B789D4228D2444B6D011F
:1060F0001B685D19002D00D1B0E6686900F056FA02
:10610000012158466B690EAA9847B8E6002A00D0CC
:10611000A4E6002399466279022013000392834388
:10612000012B15D0002A00D098E62B00434453449D
:1061300030331B790CAA9B07DB0F0232BCE75A1CD9
:10614000AA4200DA8AE6ED1A2C4B6D01ED18D4E76D
:10615000E388002B12D1029B1878039B012B23D0DC
:10616000FFF7EAFB43460221EB18534430331A7918
:106170000A4301211A711A790A431A714B46002BFE
:1061800000D1FFE4586900F011FA4B4601215B6928
:106190000EAA58469847002000F008FA3523EB5C19
:1061A000DB0700D5EEE4B0E6FFF7E4FB434602214F
:1061B000EB18534430331A798A431A711A790399C8
:1061C0008A431A71DAE7FFF737FC9EE6002158464A
:1061D000FFF7F6FA5846FFF799FBAB7807490393A8
:1061E0000491054B064998461A7805910023290029
:1061F0001D008A461BE0C046E22A002044C200106F
:106200003815002004170020E8C10010059B6A0122
:106210001B689B18002B4DD0DB68584698474346B7
:106220001A780135EDB2511C2B008D422EDC9542BF
:10623000ECD39B1A049A5B0194466344ECE70CABE5
:106240009A1C584601230EA9157000F051F999E4E3
:106250000B9A012A4FD0002A3CD00023B07804E0EA
:106260000133DBB20F71934234D2C118C9B2414439
:106270000D79FF2DF4D04E464546574600236B70EE
:10628000ECE54E465746FFF7D5FB3EE65546542211
:1062900000212800FCF7BEFF1022FF21281DFCF77B
:1062A000B9FF28002022FF211430FCF7B3FF039B25
:1062B000AB7057E65546FAE7FEF79CFE021E00D18A
:1062C000CCE5D37891781B020B4358460EA900F019
:1062D0000FF9D4E565463B002A0031000A9800F02A
:1062E0007FFEAC46049B039A1B78664401339342BD
:1062F00000DB6CE6BFE7174B29699942ADD1079ADD
:10630000ABE7FFF793FB021E00D1A7E558461378D1
:106310000EA900F0EDF8B2E52189FFF7BBF8021EE7
:10632000F4D19BE5022A0FD0FFF782FB021EC8D1F1
:1063300094E5FFF7A7F8021E00D18FE51223584617
:106340000EA900F0D5F89AE5FFF7A0F8021EB8D123
:1063500084E5C046A9690010F8B557464E46DE46AA
:1063600045460C00E0B516001F00002A3CD0702303
:1063700098461E4B00259B461D4B9A461AE05B46ED
:106380001B78200099465346997800F0EBFD0028D1
:106390001CD021004846FFF72FFA002816D0A3781A
:1063A000DA09012A19D00A9A013513702378E41802
:1063B000B54219DA6378052B08D1E3789B079B0F68
:1063C000BB4203D14246A3781A42D8D00020F0BC89
:1063D000BB46B246A946A046F8BD0B9A01351370DC
:1063E0002378E418B542E5DB0120F0E73412002001
:1063F000F0160020702270B58B780C001A4201D084
:10640000002070BD064B20001D78064B997800F0E7
:10641000A9FD0028F4D021002800FFF7EDF9F0E7EE
:1064200034120020F01600200B007F2010B5184019
:10643000DB0934334000044AC018044B1168C0180B
:1064400000F04CFD10BDC04644170020F01600209F
:106450000B007F2010B51840DB0934334000044A9C
:10646000C018044B1168C01800F060FD10BDC04694
:1064700044170020F016002070B57F240F480C4010
:1064800064000419CD09641930342079C00701D59E
:10649000002070BD01262579094835430078257113
:1064A000FFF738FA0028F4D10122237993432371AE
:1064B0002379033293432371EAE7C046F0160020A4
:1064C0003412002070B5094C0600082220000D008F
:1064D000FCF7A6FE00238021E360A3602B78300048
:1064E000994300220023FFF7C7FF70BDC8160020A4
:1064F000F8B5CE4647469046254E80B581460822DF
:1065000030000D001F00FCF78BFE4346B3600023F4
:10651000F381EC79AB7924021C43231CBC4200D9E3
:106520003B1C9FB2B381002C0DD0002F17D04246E8
:10653000002A2BD0402F1BD89FB233787F2B1CD83A
:106540000021144A0FE080212B780022994348460D
:106550000023FFF791FFC0BCB946B046F8BD7F23CA
:106560000022317899433B004846FFF785FFF2E768
:1065700040239FB233787F2BE2D9064C3A00414644
:106580002000FCF74DFE80212200ECE70020E2E72E
:10659000C81600208816002010B5142200210248D9
:1065A000FCF738FE10BDC046C8160020014B18612C
:1065B0007047C046C816002010B5054C01000822DF
:1065C0002000FCF72DFE0023A360E36010BDC04651
:1065D000C816002070B5384C1D0023780600DA0973
:1065E000C9098A4210D00020002D00D070BD2100C2
:1065F0003000FFF7F3F82369002B03D022000321BA
:10660000300098470120F1E77F2B06D8A0680028CA
:1066100034D02A002949FCF703FEE289A168521907
:10662000E38892B24919E281A160934214D03F2DD0
:1066300012D9A389981A051C80B240282AD820783C
:10664000ADB27F2828D800219A4232D01B4A2B00B5
:106650003000FFF711FFC9E72369002B05D02200A6
:1066600002213000984700280AD080212378002298
:10667000994330000023FFF7FFFEB7E70020B5E79E
:1066800000213000FFF758F930008021FFF754F95E
:106690000120ABE74025D2E79A4207D0074C2A00F9
:1066A0002000FCF7BDFD80212200D0E780210022E0
:1066B000CDE70022CBE7C046C81600208816002090
:1066C00070B50400FFF7BEF9002800D170BDFFF7D8
:1066D000C1F90028FAD1C8236343124DEE18F178AE
:1066E0000029F3D010335D19280000F0F3FD3F2896
:1066F000ECD90020F178FFF797FE0028E6D02800BB
:1067000000F0E8FDF1783F2807D9074BE201D218E5
:1067100000204023FFF7B0FED8E70020FFF798FEE7
:10672000D4E7C046C01500203C15002010B5040079
:10673000FFF788F9002801D1002010BDFFF78AF982
:106740000028F9D1C8226243024B01309B181B7903
:106750001840F2E7C0150020C82310B54343024893
:10676000181800F099FD10BDD0150020F8B5C82408
:10677000802344431C4F103405003C195B029A42AD
:1067800000D31A4A200092B200F008FE0600FFF77C
:1067900059F9002801D13000F8BDFFF75BF9002856
:1067A000F9D1C8236B43FF18FB78002BF3D02000EE
:1067B00000F090FD3F28EED90020F978FFF734FE75
:1067C0000028E8D0200000F085FDF9783F2807D99F
:1067D000074BEA01D21800204023FFF74DFEDAE70D
:1067E0000020FFF735FED6E7C0150020FFFF0000B0
:1067F0003C150020F8B50400FFF724F9002801D16A
:106800000020F8BDFFF726F90028F9D1C825654317
:106810002E00134F2436F619300000F03DFD0028FD
:10682000EED07F190020B978FFF7FEFD0028E7D0F1
:106830000C4DE401651929004022300000F0AEFD46
:10684000B978041E08D003002A000020FFF714FEC8
:106850000028D5D02000D4E70020FFF7F9FDCFE7CE
:10686000C01500207C15002070B5C82444430C4B93
:106870000500E41880235B029A4200D3094A2000F5
:1068800092B200F051FE0600200000F005FD3F2806
:1068900001D8300070BD2800FFF7ACFFF9E7C04613
:1068A000E4150020FFFF0000C82310B54343024851
:1068B000181800F00FFD10BDE4150020F0B50025FC
:1068C000184C83B0C82200212000FCF7A3FC164B13
:1068D00021001D70FF236371E1235B02A360200090
:1068E00008234022A37338310095073B103000F095
:1068F0009DFC270001232100200026004022783142
:106900000093B837243000F091FCC0363800FBF714
:1069100091F83000FBF78EF8E56127622663656326
:1069200003B0F0BDC0150020BC1500200A4A116B51
:10693000136A00290CD0002B07D00023D3615363C6
:106940001363002313620120704753631363FAE754
:10695000002BF8D0D161F4E7C015002070B50F4CC2
:10696000052200212000FCF755FC0D4D2B78DA079D
:1069700007D50C4C9B070CD50121200000F0B0FE80
:1069800070BD2000103000F08BFE2B78054C9B076B
:10699000F2D4200000F084FEEEE7C046C0150020CF
:1069A000BC150020E4150020F0B54B79060083B03B
:1069B000022B02D18B79022B03D00025280003B0D3
:1069C000F0BD204FBB78002BF7D18B7809253B70A9
:1069D0000C780C196378242B07D00CE02378E4188A
:1069E0005D196378ADB2242B05D19542F6D900200C
:1069F000FFF766FEE2E71A00052B15D0042AF6D150
:106A000063790A2BF3D1104B27780193013300935C
:106A100030000223E119023AFFF79EFC0028CCD097
:106A20000E35ED19ADB2E2E721003000FFF7E2FCD0
:106A30000028C2D0A3787B7023785D19E4186278AF
:106A4000ADB2DBE7C0150020C2150020F8B5602309
:106A500014001278050013400020202B07D1304A83
:106A60006379277916781B023B439E4200D0F8BD1C
:106A70006378222B1AD007D8202B34D0212BF6D1C3
:106A800001293ED00120F2E7232BF0D1012940D08B
:106A90000329F7D1234B002BF4D0E178A378090226
:106AA0000020194300E000BF0120E0E7012930D0B9
:106AB0000329E7D101252E00A378E47802392402C6
:106AC0001C431471264024321000714000F008FE6F
:106AD000154B002BD6D06208002031002A4000E080
:106AE00000BF0120C3E701290BD00329CAD10F4BF6
:106AF000002BC7D0083200201100FEF79FFA0120BA
:106B0000B5E7072321002800094AFFF7F1FC01201F
:106B1000ADE721002800FFF7D5FC0120A7E7C0461C
:106B2000C015002000000000000000003D500010D3
:106B3000C8150020F0B54F464646D646C0B5364D7E
:106B40008046EA780C001F008A423CD0AB788B422A
:106B500010D00020E0BCBA46B146A846F0BD2F4B8D
:106B6000002B04D02E4800F0ADFB002851D00020AF
:106B7000FFF7A6FDAB78A34201D00120EAE7294B3D
:106B8000002B02D0002000E000BF0020FFF732FE03
:106B90000028F2D1244C200000F07EFB0028ECD12C
:106BA000002FEAD0BF06E8D1243C4046A178FFF789
:106BB0003BFC0028E1D0002300224046A178FFF7EB
:106BC0005BFC0120C6E79AB210239A46174EAA44EE
:106BD0003100504600F0A8FC154B002BBFD06B795C
:106BE000FF2BBCD0002FBAD0F219914603E001363A
:106BF0004E45B4D06B7932789A42F8D1504600F0C5
:106C000061FB0028F3D15346103B597900E000BFE7
:106C1000EDE700E000BFAAE7C0150020000000007B
:106C2000D015002000000000E41500203C150020D5
:106C3000000000009322F0B5134C85B00021200025
:106C40009200FCF7E7FA23002000802640270F4D32
:106C50004D337600FF332930029500930022002344
:106C6000002103970196FF3000F0D4F94035201D34
:106C700028340023012200210397029501960094F5
:106C800000F0C8F905B0F0BD9418002014180020D9
:106C900010B5054C200000F0F3F920002538FF382E
:106CA00000F0EEF9012010BDBC19002070B5084CB1
:106CB000002520003130FF30257000F0F1FC20006D
:106CC0000C3000F0EDFC2A23FF33E554657170BDF4
:106CD00094180020F8B557464546DE464E46E0B5C6
:106CE0004B7980460F00FF2B5BD1404B99462A23FE
:106CF0004946FF33CB5C002B53D14E79002E50D147
:106D0000BB783C780B703B793C19002B46D098231C
:106D10005B004B449A460C234B449B46A51803E06A
:106D2000AC423BD22378E4186378052BF8D1AC420F
:106D300034D221004046FFF75DFB002831D0A37814
:106D40000136F6B2DB09012B32D0504600F0A8FC28
:106D50002A234946A278FF33CA54637922791B0259
:106D60001343234A5B0594465B0D942163445A42C6
:106D700053414A4602204900525C5B008243134360
:106D80004A46535451464046083900F0E3F900287A
:106D900007D02378E4183B79B342C5D8E01B80B212
:106DA00000E00020F0BCBB46B246A946A046F8BDB4
:106DB000584600F075FC5A46A3780C3A5371637933
:106DC00021791B020B430A495B058C465B0D63442A
:106DD00059424B41022011795B0081430B435946D4
:106DE00000200839137100F081F9D2E794180020CF
:106DF00000FEFFFFF8B52A2506001F48FF35455D58
:106E00001F008D4215D043798B4201D00020F8BD80
:106E10001A4B002B04D039040020090C00E000BFFD
:106E2000174C3000210000F061F900281DD001202E
:106E3000EDE79A235B00C35A002B0DD1114B002BB9
:106E400004D000201049BAB200E000BF30000F4962
:106E500000F080F90120DAE796235B00C158313059
:106E6000BAB2FF3000F060FBE8E73A0021003000E2
:106E700000F008F90120CAE7941800200000000083
:106E8000981800200000000014180020BC190020F1
:106E900000B5030083B0002910D00020012B07D8D3
:106EA0000A78002A04D00C48C2540120012A01D0DB
:106EB00003B000BD1800FEF7D5FDF9E701236A46CF
:106EC000002001A99380FEF7CDFD0028F0D001221B
:106ED000014B1A70ECE7C046E4160020037870B549
:106EE000DB0704000E00DD0F002B17D103785B07D2
:106EF00001D5280070BD01213000494204F0BCFAE0
:106F00002378DB07DD0F002B0AD123785B0708D439
:106F10000422237801251343237002E00025E8E7CB
:106F20000025300004F070FAE3E7C04670B50C00AD
:106F3000012106004942200004F09EFA33785B07E5
:106F4000DD0F002B04DB200004F05EFA280070BD8A
:106F50003378DB0704D40422337893433370F2E7A9
:106F60000025F0E7437902791B021343C2785B05E1
:106F700092075B0D920F022A1DD0032A0CD000202D
:106F8000012A08D102394A425141124A94466144C9
:106F900099424041C0B2704702394A1E91410E4A9F
:106FA000494211408022D200944600206144994217
:106FB0004041C0B2EFE7022905D0002040229A42AA
:106FC0004041C0B2E7E7054A981843425841C0B271
:106FD000E1E7C046FF03000040FCFFFF00FEFFFFAB
:106FE0008A1870B5914207D27F264C78052C04D0C0
:106FF0000C7809198A42F8D870BD34008D782C407D
:1070000064000419ED0963550C7809198A42ECD81B
:10701000F2E7C046F0B5C64600B582B0150008AA32
:1070200040CA040017886A46928D012090460A00E3
:107030002178024081432000114321703A000093DF
:1070400031000123083000F0F1F8002E01D0002FAC
:1070500008D10A9B012063604346638002B080BC74
:10706000B846F0BD26001C363000FAF7E3FC0023DA
:10707000002D01D0330000266361A661E9E7C04618
:1070800001207047F8B502240B7807001C406342CA
:107090005C41144B64421C40134B08009C46083072
:1070A0000D001600644400F0F7F8002807D1002E08
:1070B00005D0344203D101242B781C4201D000209A
:1070C000F8BD38006978FFF7AFF90028F7D02B78C2
:1070D0001C42F4D10023002238006978FFF7CCF974
:1070E000EEE7C04640FEFFFFFF010000F8B50D00CF
:1070F0000835060028000C0000F0CEF8002803D068
:10710000012723781F4201D00020F8BD30006178AC
:10711000FFF78AF90028F7D028006288616800F03C
:107120003DF9237805001F4000280BD0002FEBD13C
:107130000300626830006178FFF79EF90028E3D011
:107140002800E2E7002FDFD130006178FFF780F9F7
:10715000DAE7C046F8B5CE46474680B58A890600CC
:107160000C000B78002A07D101251D4240D00020D9
:10717000C0BCB946B046F8BD9B0733D42A4B402566
:10718000994627000837380000F0A4F88542EED869
:107190000122237890461A42E9D130006178FFF746
:1071A00043F90028E3D0380000F094F842462378F1
:1071B0001A40854231D8002AD9D14A466388024014
:1071C0001D1C934200D9151CADB200226178002D20
:1071D00000D062682B003000FFF74EF90028C6D0BF
:1071E0002800C5E7FE2380251B029946AD00C8E7AD
:1071F0004978FFF719F90028B9D023781D42B6D194
:10720000638800226178002B00D062683000FFF7AD
:1072100033F90028ABD06088AAE7002AA7D1300054
:107220006178FFF715F9A2E7C0FF0000F0B5C64688
:1072300000B504006846057E8020884617001E00C1
:107240000002824226D8E068002803D0012149428A
:1072500004F012F92069002803D00121494204F00A
:107260000BF94346236073045B0CED031D430023BD
:10727000E0686381A780E5802381002801D004F0C5
:10728000C3F82069002801D004F0BEF8012080BCBA
:10729000B846F0BD0020FAE710B50489418982881C
:1072A000A3B288B28C4207D31B1A9BB2101C9A421D
:1072B00000D9181C80B210BD5100091A5B189BB28E
:1072C000F4E7C04603894089181A43425841C0B2C6
:1072D0007047C04610B5048941898288A3B288B23C
:1072E0008C4207D31B1A9BB200209A4201D9D21AB2
:1072F00090B210BD5100091A5B189BB2F4E7C0466A
:1073000070B5040000690E00002803D00121494235
:1073100004F0B2F825896089A288A9B283B28542B7
:1073200032D3CD1AADB2002D28D0AA4208D2914254
:107330002FD3891A8BB263819A4203D89B1A9BB2CE
:107340009A42FBD9E28821685204520C5343300020
:10735000C918FBF765FF63890125591C89B2A2880A
:107360008B420DD900215200891A89B220696181AE
:10737000002801D004F048F8280070BD618989B266
:1073800052009142F2DBEFE75500ED1A4D19ADB214
:10739000C9E789188BB26381CEE7C046F0B546468F
:1073A0004F46D646C0B5060000698946904600287B
:1073B00003D00121494204F05FF831897289B58810
:1073C0008BB294B2914254D31F1BBFB2002F4AD04C
:1073D000BD4205D2AB4251D25B199CB22F007481E1
:1073E0004346B8453DD89FB2A54203D8641BA4B21A
:1073F000A542FBD9F28831685204520C9046624390
:107400002B1B9BB2891842469F4225D953439BB2FE
:107410001A0048469A46FBF703FF434648467D1B41
:1074200064195C4331685044A2B2FBF7F9FE7189DC
:10743000B588CB199BB26A00994216D99B1A9BB2A8
:1074400030697381002801D003F0DEFF3800E0BC12
:10745000BA46B146A846F0BD48467A43FBF7E0FE7F
:10746000E5E73B1CBFE773899BB26A009342E7DB09
:10747000E4E76F003F1BDF19BFB2A7E75B1B9CB2BD
:10748000ACE7C046F8B50400C0680E00002803D081
:107490000121494203F0F0FF258920896189A288F2
:1074A000ADB283B28FB2884229D3DB1B9BB29A4222
:1074B00009D8E779FF0906D1E068002801D003F078
:1074C000A3FF3800F8BD2B0095421DD39B1A9BB239
:1074D0009342FBD2E28820685204520C534331009D
:1074E000C018FBF79DFE6B1C9BB2A2889D4217D96A
:1074F000002352009B1A9BB201272381DCE7510035
:10750000C91B5B189BB2D2E7E28820685204520C78
:1075100053433100C018FBF783FE0135A288ABB29C
:1075200052009342E8DBE5E7F0B54E465746DE46AB
:107530004546E0B589460600170083B0002A67D0AB
:10754000C068002803D00121494203F095FF338928
:10755000F2799BB298467389B5889BB2D20940D123
:1075600098455ED26A00D31A43449BB2AB425DD2C7
:10757000EB1A1A1C9BB2BB4200D93A1C97B27B1B78
:107580009BB20193F3885B045B0C9A464346DB197C
:107590009BB29B464446A84503D3641BA4B2AC42AD
:1075A000FBD25346634330682D1BADB2C018BD42B9
:1075B0004BD3524649467A43FBF732FEB3885B0011
:1075C000D84501D89B4503DB5A46D31A9BB29B464C
:1075D0005B463D003381F06800281AD003F014FFA9
:1075E00017E0F2885204520C9246AF4220D29845DE
:1075F0004DD34246D21A92B26900781B80B2D2199A
:1076000001908A4233DA4346FB189BB29B46C1E79E
:107610000025280003B0F0BCBB46B246A946A046F0
:10762000F0BD4246D31A9BB2AB42A1D30025D2E7AC
:10763000002DD0D07F1B574398465A19002392B291
:10764000B94493462F000193A4E753465D43ADB27E
:107650002A004946FBF7E4FD019B2900E218534646
:107660005A43306892B24944FBF7DAFDA6E75A194B
:1076700092B29346D21B92B2904693420CD94346A3
:10768000591A8BB29846FB189BB29B4682E7690059
:10769000CA1A424492B2B0E7914200DD7AE7EEE7BF
:1076A00010B50400C068002803D00121494203F04E
:1076B000E3FE2069002803D00121494203F0DCFEEB
:1076C0000023E06863812381002801D003F09CFE41
:1076D0002069002801D003F097FE012010BDC046AC
:1076E00070B50400C0680D00002803D00121494294
:1076F00003F0C2FE2069002803D00121494203F0B3
:10770000BBFE7F21E379ED011940E0682943E17177
:10771000002801D003F078FE2069002801D003F092
:1077200073FE012070BDC046014B18607047C04613
:10773000E01A002010B5034B0A000100180002F007
:1077400053FF10BD5C1C0020014B18687047C046F9
:10775000E01A002010B582B0FFF7F6FF002807D02E
:1077600003F00CFA03000020002B10D002B010BD73
:10777000684603F059FC0F4C6946200003F05AFCA0
:10778000002813D02000FFF7CFFF2000E8E7FFF725
:10779000DBFF040003F00EFA064B9C4206D123687F
:1077A00020005B6B98470020FFF7BEFF012040429E
:1077B000DCE7C0466812002010B50520FAF7FAFE93
:1077C000030C642003495843FBF754F90338FDD2F6
:1077D00010BDC0469A3B0000184B70B5C458050058
:1077E000002C14D02168002906D06368A2681448D0
:1077F00003F0BEF8002323600C202056002810DA86
:107800000D202056002803DA00220C4BEA5070BDF0
:1078100003F0EAF80D20205603F0CAF8FF23637343
:10782000F2E703F0E1F80C20205603F0C1F8FF2343
:107830000D20237320560028E6DBE9E74C08000002
:1078400084C20010F0B5C64600B53E4C3E4B84B035
:10785000C45000230621220001262360013BA3819E
:10786000019112310500009138482100231D083292
:10787000029602F0BBFF00285DD0636834485A1DB1
:107880001203DB011A43334B01681A4030238B4348
:10789000314990460B6003683000984308608021AE
:1078A00020682E4B4904C3181960A16880224B0040
:1078B0005B18DB00C3181F009202C8373A60C02271
:1078C0009202BA6042467A60254ADC331A601D2271
:1078D0000123009602F030FF224B21689C46614450
:1078E000090D06311820C9B2F9F774FB01220021F5
:1078F0001820F9F789FB01211820F9F799FBA168F5
:1079000023684A005218D2009B18174AD8331A60CD
:10791000002003F057F82073002003F053F8237B76
:1079200040B2607318430437000604D4002004B04A
:1079300080BCB846F0BD2800FFF74EFF062040424D
:10794000F5E7C046FC1B00204C08000084C2001074
:1079500078C00140FFFFFF9F78D001403820000031
:1079600018771C240000E0AF01E00000F0B54546A8
:10797000DE4657464E46E0B587B015009846029160
:10798000002900D12FE19B4BC4589B4B21689C469A
:107990006144090D06311820C9B2F9F71BFB964B5B
:1079A00021689C466144090D06311D20C9B2F9F7D2
:1079B00011FB012200211D20F9F726FBD023802294
:1079C0001B0692049A6143462068A168002B00D1EF
:1079D0002AE1029B002B00D102E101273A00CC26CC
:1079E0008A40B446036893430360636899464B003A
:1079F0005B18DB00C218944462461268C3189246B2
:107A00004A460532160303967C4EB34656465A46FE
:107A100016403200039E164332004E46F6013243B2
:107A200066463260764A3E009446802263441206DF
:107A30001A601A608022002352040092019302F01F
:107A400025FE3900A36820681A1D914094468022C3
:107A5000920182181160190008318E409900166059
:107A6000EA004118013A0A615A00D218D200654E64
:107A70008218D8321660109E761BF600B146012699
:107A80007642B246D1444E460E611F265E491160D1
:107A90006168314011600C216156A0268F405B4A1D
:107AA000F605B7508A011600B1460592584A80275C
:107AB0004A4499461300029E7F041A683A42FCD158
:107AC0000D2201270296A2564B469740B94693468F
:107AD000A0224E464D4FD205D651A026F605B146FE
:107AE0004B4E5A46B24692018027914452449A46E0
:107AF0001300029E7F041A683A42FCD15346029654
:107B0000444EC9023140A0263B4AF6058218120DA8
:107B1000D20004929A18D20311433F4AB2460A4354
:107B200011006246059F029E9200574403923E60F8
:107B3000039EAA0886197E60BA60F960049F3549E1
:107B4000BA465F46E2445646FF020F40F6031099DC
:107B50003E43324F37438E08B21A4E4603991031D6
:107B600041183160414649197160B26001229A4062
:107B70001300F76001680B4303600C22284B80213F
:107B80009C46A25649049201624413680B42FCD100
:107B90000D22234B80219C46A25649049201624447
:107BA00013680B42FCD100212A004046FBF732FB50
:107BB0002068A1684B005B18DB00C018194BD83057
:107BC00003608022D02392041B065A61FFF7F4FD64
:107BD000002007B0F0BCBB46B246A946A046F0BDA7
:107BE00043460293F9E64346002B00D0CBE605203E
:107BF0004042EEE74C0800000000E0AF7F00FEFFCF
:107C0000D01000002060000040600000440400002C
:107C10000C000050FD7F00FF1900400029004000CB
:107C20001000005003A00000029B002BC2D00127CF
:107C30003A00CC268A40B4460368544E934303600E
:107C40006368B34699464B005B18DB00C218944446
:107C500062461268C31892464A46013212030392E2
:107C600056465A4616403200039E164332004E4690
:107C7000F601324366463260454A3E009446802211
:107C8000634412061A601A60802200235204009294
:107C9000019302F0FBFC3A00A0682168031D9A40A2
:107CA0009C4680239B01CB181A6002000832964044
:107CB00082001E60EB008A18013B136143001B1811
:107CC000DB00344ECB18D8331E60464616611F26A3
:107CD000314A89461A60626832401A600C23E356C2
:107CE0002E4A9F409846A023DB059F5043469B01A8
:107CF0009B462B4BA02780225B441900FF05029E68
:107D00005F4452040B681342FCD14246D2029046B3
:107D1000244A49469146B24642464E46224B32409C
:107D2000CB181B0DDB001B18DB0313431F4AAD08E8
:107D30001A4353463B6063469B00CB187B6001238C
:107D40008340BD60FA600D68194A2B430B608021A7
:107D50005A44490413680B42FCD10122A3682168EC
:107D600018339A408A608B681A42FCD00122A168BD
:107D700020688A400368934303600023182200931D
:107D8000013302F0D9FC2068A16813E77F00FEFFF1
:107D9000D01000002060000040600000440400009B
:107DA0000C000050FD7F00FF0000E0AF1900400014
:107DB0001000005010B51720F9F714FAD0248023D2
:107DC00024061B040022012163621720F9F71CF925
:107DD0001820F9F707FA80235B0463621920A36176
:107DE000F9F700FA80239B046362636110BDC0460B
:107DF00070B5D024802524062D04A561142002F03E
:107E000055FF6561FA2002F051FF1820F9F7EAF9F1
:107E100080235B04A36270BD002300B585B003938B
:107E20000C4BD2021A400823090711430A4A009357
:107E30000A4302AB52BA002102920422FFF796FDD8
:107E4000002803D1039840BA05B000BD0520404288
:107E5000FAE7C04600F8FF0F0400004010B5134BCE
:107E6000D2021A400B071A43114B8AB013434C1E1F
:107E70000493634263411B010833009304220021F1
:107E800004ABFFF773FD00280CD1631E9C41032354
:107E9000082261429943053102AB89009B1858586A
:107EA0000AB010BD05204042FAE7C04600F8FF0FB7
:107EB0000400004010B5134BD2021A400B071A43BE
:107EC000114B8AB013434C1E0493634263411B0160
:107ED000083300930422002104ABFFF747FD00287C
:107EE0000CD1631E9C410323082261429943053152
:107EF00002AB89009B1858580AB010BD05204042BB
:107F0000FAE7C04600F8FF0F0200004010B5134B1F
:107F1000D2021A400B071A43114B8AB013434C1E6E
:107F20000493634263411B01083300930422002140
:107F300004ABFFF71BFD00280CD1631E9C410323FB
:107F4000082261429943053102AB89009B185858B9
:107F50000AB010BD05204042FAE7C04600F8FF0F06
:107F600001000040F0B55BBADE4657464E46454636
:107F7000E0B5734CD202224009071143714A85B023
:107F80000A430393704B02A9C458704B8A4652BAF5
:107F90009C46216818206144090D0631C9B202923D
:107FA000F9F718F8694B21689C466144090D0631C0
:107FB0001D20C9B2F9F70EF8012200211D20F9F7A2
:107FC00023F8D023802201271B0692049A613A00ED
:107FD000A16820688A4003686568934303604B008A
:107FE0005B18DB00C618CC3632689C4690466A1C8B
:107FF0001303574A9B46914642464B461A4013008C
:108000005A46ED011A432A433260524A6346944667
:108010008022C318634412061A601A60802200236B
:1080200052040092019302F031FB3A00A0682168EB
:10803000031D9A40994680239B01CB181A600200C9
:108040003D00083295401D603F2382008A1813616D
:1080500043001B18DB00404DCB18D8331D600025B2
:1080600015613E4A1F351A60626880262A401A60F0
:108070000C23E3563A4A9F409C46A023DB059F50C1
:1080800063469A01A023DB05D718364B7604D51832
:108090002B683342FCD16546ED02AC46324D2B4B8A
:1080A000A84665464646CB181B0DDB001B1835401D
:1080B000DB032B432D4D2B4355463D604D46AE0013
:1080C00002258E197E60BD60FB60012383400D6830
:1080D0002B430B60264B80219C4649046244136865
:1080E0000B42FCD10122A368216818339A408A60B0
:1080F0008B681342FCD00122A16820688A40036883
:1081000093430360002318220093013302F014FB11
:10811000A16823684A005218D2009B18154AD83328
:108120001A60D02380221B0692045A61FFF744FB99
:10813000002005B0F0BCBB46B246A946A046F0BD43
:1081400000F8FF0F040000C04C0800000000E0AF82
:108150007F00FEFFD01000002060000040600000A3
:10816000440400000C000050FD7F00FF1900400097
:108170001000005003A00000F0B5DE4657464E4602
:108180004546E0B585B002ACA246724CD202224010
:1081900009070A43704901270A4302925246536075
:1081A0006E4BC4586E4B21689C466144090D0631E4
:1081B0001820C9B2F8F70EFF694B21689C4661444C
:1081C000090D06311D20C9B2F8F704FF0122002174
:1081D0001D20F8F719FFD02380221B0692049A6114
:1081E0003A00A16820688A40036865689343036089
:1081F0004B005B18DB00C618CC3632689C469046B4
:108200006A1C1303574A9B46914642464B461A4006
:1082100013005A46ED011A432A433260524A63461C
:1082200094468022C318634412061A601A608022A2
:10823000002352040092019302F028FA3A00A06849
:108240002168031D9A40994680239B01CB181A6030
:1082500002003D00083295401D603F2382008A18CD
:10826000136143001B18DB00404DCB18D8331D6051
:10827000002515613E4A1F351A60626880262A4033
:108280001A600C23E3563B4A9F409C46A023DB0523
:108290009F5063469A01A023DB05D718364B76041E
:1082A000D5182B683342FCD16546ED02AC46334D00
:1082B0002B4BA84665464646CB181B0DDB001B180A
:1082C0003540DB032B432E4D2B4355463D604D4639
:1082D000AE0002258E197E60BD60FB6001238340E5
:1082E0000D682B430B60274B80219C464904624458
:1082F00013680B42FCD10122A368216818339A400D
:108300008A608B681342FCD00122A16820688A40F1
:10831000036893430360002318220093013302F0A3
:108320000BFAA16823684A005218D2009B18164A1B
:10833000D8331A60D02380221B0692045A61FFF7BB
:108340003BFA002005B0F0BCBB46B246A946A046A9
:10835000F0BDC04600F8FF0F040000C04C0800004C
:108360000000E0AF7F00FEFFD010000020600000A2
:1083700040600000440400000C000050FD7F00FF3E
:10838000190040001000005003A00000F0B5DE46C8
:1083900057464E464546E0B585B002ACA246724C03
:1083A000D202224009070A43704901270A43029278
:1083B000524653606E4BC4586E4B21689C466144D4
:1083C000090D06311820C9B2F8F704FE694B21687F
:1083D0009C466144090D06311D20C9B2F8F7FAFD2B
:1083E000012200211D20F8F70FFED02380221B065A
:1083F00092049A613A00A16820688A40036865681F
:10840000934303604B005B18DB00C618CC36326820
:108410009C4690466A1C1303574A9B469146424627
:108420004B461A4013005A46ED011A432A43326064
:10843000524A634694468022C318634412061A6067
:108440001A608022002352040092019302F01EF968
:108450003A00A0682168031D9A40994680239B0139
:10846000CB181A6002003D00083295401D603F2382
:1084700082008A18136143001B18DB00404DCB18A3
:10848000D8331D60002515613E4A1F351A606268A9
:1084900080262A401A600C23E3563B4A9F409C46A4
:1084A000A023DB059F5063469A01A023DB05D71864
:1084B000364B7604D5182B683342FCD16546ED0265
:1084C000AC46334D2B4BA84665464646CB181B0D94
:1084D000DB001B183540DB032B432E4D2B43554649
:1084E0003D604D46AE0002258E197E60BD60FB608A
:1084F000012383400D682B430B60274B80219C4652
:108500004904624413680B42FCD10122A36821682C
:1085100018339A408A608B681342FCD00122A1680C
:1085200020688A4003689343036000231822009365
:10853000013302F001F9A16823684A005218D20001
:108540009B18164AD8331A60D02380221B06920447
:108550005A61FFF731F9002005B0F0BCBB46B246C6
:10856000A946A046F0BDC04600F8FF0F020000C0BB
:108570004C0800000000E0AF7F00FEFFD0100000BC
:108580002060000040600000440400000C00005027
:10859000FD7F00FF190040001000005003A0000004
:1085A000F0B5DE4657464E464546E0B585B002ACCE
:1085B000A246724CD202224009070A4370490127A1
:1085C0000A430292524653606E4BC4586E4B216868
:1085D0009C466144090D06311820C9B2F8F7FAFC2F
:1085E000694B21689C466144090D06311D20C9B2C2
:1085F000F8F7F0FC012200211D20F8F705FDD0233B
:1086000080221B0692049A613A00A16820688A4081
:1086100003686568934303604B005B18DB00C61872
:10862000CC3632689C4690466A1C1303574A9B46D8
:10863000914642464B461A4013005A46ED011A43F2
:108640002A433260524A634694468022C3186344E8
:1086500012061A601A6080220023520400920193CD
:1086600002F014F83A00A0682168031D9A40994668
:1086700080239B01CB181A6002003D000832954010
:108680001D603F2382008A18136143001B18DB0022
:10869000404DCB18D8331D60002515613E4A1F356B
:1086A0001A60626880262A401A600C23E3563B4A0F
:1086B0009F409C46A023DB059F5063469A01A02360
:1086C000DB05D718364B7604D5182B683342FCD11E
:1086D0006546ED02AC46334D2B4BA84665464646F3
:1086E000CB181B0DDB001B183540DB032B432E4D35
:1086F0002B4355463D604D46AE0002258E197E60E7
:10870000BD60FB60012383400D682B430B60274B4A
:1087100080219C464904624413680B42FCD101222B
:10872000A368216818339A408A608B681342FCD092
:108730000122A16820688A400368934303600023F4
:1087400018220093013301F0F7FFA16823684A0063
:108750005218D2009B18164AD8331A60D0238022B0
:108760001B0692045A61FFF727F8002005B0F0BC01
:10877000BB46B246A946A046F0BDC04600F8FF0F72
:10878000010000C04C0800000000E0AF7F00FEFFC9
:10879000D010000020600000406000004404000091
:1087A0000C000050FD7F00FF190040001000005039
:1087B00003A00000F0B5DE1C1D000323040083B0FD
:1087C0009E43012924D024230420164FD2023A408C
:1087D00009072A430A4380210430C90580000A435F
:1087E0002018043642600021009604222000E3187D
:1087F000FFF7BCF8061E0FD12100089B28319942D3
:1088000003D02A001800FAF70BFD300003B0F0BDCA
:10881000002010361133D8E7052103484942FCF700
:1088200095FBF2E700F8FF0F08BA0010F0B55746C5
:108830004E464546DE46E0B50F0003218BB002925E
:108840001A0003338B4306009846022F22D0029B66
:1088500027493F07DB020B4017431F43C02330006B
:1088600044461B0614993B43283004347362884203
:1088700001D0FAF7D5FC310000232200300024316A
:108880000093FFF773F80BB0F0BCBB46B246A946A5
:10889000A046F0BD174B184C9A460823994618334A
:1088A0009B46434604AD9046039305E05A466B68E9
:1088B0001A4218D1013C10D353462B604B46042278
:1088C000009300212B003000FFF750F80028EDD076
:1088D000039B42469846002CB9D10848FCF7B2FAEF
:1088E00006204042CFE7039B42469846F3E7C04646
:1088F00000F8FF0F04400040E70300003CBC0010FC
:10890000836870B5CC0B0500E403A3420DD0802230
:1089100063405204934219D2FF22120413420CD135
:10892000FF221202134201D1AC6070BD0121280068
:108930000A4A230AFFF734FEF6E7230C0121280038
:10894000074AFFF72DFEAB686340E9E7230E0121DC
:10895000044AFFF725FEAB686340DDE70A0001002B
:108960000B0001000C000100F0B5C646033083087F
:108970009C4600B58E1E002B1BD0013B072B57D900
:1089800033000B435B0753D1C008C40032000B0017
:10899000A0460F1930CB30C2BB42FBD1400084450A
:1089A00007D04346CA5ACB185B881B041343424680
:1089B000B35073885BBA73808B1C1A6813BA7360E8
:1089C0008B1D186803BAB3600B000A331B681BBA0F
:1089D000F3608A23DB059A4203D0300080BCB8469E
:1089E000F0BD80231B059842F7D10B000A000D0053
:1089F000B232AE3310681B882E352A691C18944297
:108A000022D83A31C9180818814246D200270024DA
:108A100004E0DD2A1CD0C91888422CD94B780233D7
:108A2000CA189042F7D30A78302AF2D10C00F2E744
:108A30006346320098003018938854881B042343FF
:108A400008C28242F8D1B4E701235B42B360C4E7B5
:108A50008A1C90468A78002ADDD142465278502AF4
:108A6000D9D142469278F22AD5D14246D278012A0B
:108A7000D1D10F00CFE7631E9C41A400002F01D08D
:108A800002221443AA8BD20601D501221443842268
:108A9000B15CB1520432B4549FE70024F2E7C046FF
:108AA000F0B5C6460E0005000B0000B501211A4ABC
:108AB000FFF776FD330001212800174AFFF770FD0C
:108AC000002E25D003230327984640240BE00120E5
:108AD00002F0ECF8013C3300012128000E4AFFF7B8
:108AE0005FFD002C0FD0012128000B4AFFF70EFA82
:108AF0000028ECDB3A0002404245E8D1FF28E6D0EE
:108B000080BCB846F0BD31000448FCF71FFAF7E717
:108B1000002301279846D8E71F00010024BA00105F
:108B2000F0B5D6464F464646C0B5C37C05000F009B
:108B3000924682B0002B05D1006801F041FC01286B
:108B400000D097E0280001F041FCAB7C002B05D160
:108B500001212800FFF7A4FF0123AB74EB7C002B5D
:108B600000D16EE0FA24A40003E0013C002C00D107
:108B700080E0082200212800FFF770F9431CF4D0A0
:108B8000C30500D4BFE0C02203035B0D591ED20011
:108B9000914200D3B1E0800700D5AEE02C0028342C
:108BA0000022022128000094FFF704FE00283BD198
:108BB000298D6A8D0B00134300D1A4E00123EB74CF
:108BC000604B9C460B005340634500D0A1E0D2436C
:108BD00092B2914200D099E00B2900D8A0E0237A0C
:108BE000AB730F2362791340022B23D8627A944629
:108BF00066466A7BB21AD2B2142A3ED90C291DD01D
:108C0000012B3CD0022B60D01B2900D894E0E379E3
:108C10002D8AE3185A89954200D08AE052461033D3
:108C20001C1B0C1B3C60136002B0E0BCBA46B14692
:108C3000A846F0BD0B2040420C29F5D1042040424B
:108C4000F2E7042200212800FFF734F983B29846A6
:108C50003D4B040099461B88434502D086230342BE
:108C60002DD14346002B42D14B4642461A80A406E2
:108C700000D577E701204042D6E76E73BEE71029A2
:108C80005DD9E379E318DA78920004329B181A7BF5
:108C90001C1B091B882A46D15A7B6C2A43D1DA7CDB
:108CA000002A3AD11A7D102A37D15A7D182A34D198
:108CB000524618391833396001201360B4E70104B3
:108CC000090C2248FCF742F9CBE710292ED9E279AA
:108CD0000220A218D3789B000433D31892781C1B6F
:108CE000D2070C1B144352463C6013609CE70422DD
:108CF00000212800FFF74AFBB6E7012301212800E5
:108D0000134AFFF74DFC0023EB74B3E70220404207
:108D10008AE71048FCF71AF9ACE70A20404283E7DB
:108D20000320404280E7092040427DE7072040427F
:108D30007AE70620404277E70520404274E70820A2
:108D4000404271E7FFFF0000E02A002048BA00100F
:108D50000D00010074BA0010F0B5DE4657464546D6
:108D60004E460400E0B585B09A468846934601F029
:108D70002DFBA37C002B05D101212000FFF790FEE5
:108D80000123A374A37B002B24D02F4F2F4EBB6A4B
:108D900099460EE0A17B002903D1237B627B9A4296
:108DA0001CD14B46ED1AB54245D8FA20800001F09F
:108DB0004FFF200003AA02A9BD6AFFF7B1FE0128F8
:108DC000E8D103990298FFF7CFFD0100200001F0E0
:108DD00003FBDFE7237B627B9A42D6D05A4651469B
:108DE0000C3292B20A80D2430B714A8052464146FD
:108DF0005171002251468A7141468E1E711E8E416C
:108E0000012176428E43514601330E360A814A8152
:108E1000CE7123735B4603320F33934300910022DC
:108E200002212000FFF702FD05B0F0BCBB46B246B0
:108E3000A946A046F0BD637B227B0548FCF786F877
:108E400002204042F0E7C0460040054040420F008B
:108E5000A0BA0010F0B557464E464546DE46E0B58E
:108E6000294E9246B76A9846284AB36A0500894651
:108E700083B0DB1B93422ED8254B9B4610E0022883
:108E800020D0002803DB01005846FCF75FF8FA20E9
:108E9000800001F0DDFEB36A1C4ADB1B93421AD846
:108EA0006946280001AAFFF73BFE041E23D00128D3
:108EB000E5D101990098FFF757FD0100280001F066
:108EC0008BFAE4E70099019B4A0028685208C90F11
:108ED00001F01CFFDBE743465246494602240D4899
:108EE000FCF734F86442200003B0F0BCBB46B24645
:108EF000A946A046F0BD009A424500D942460199D4
:108F00000C9802F0ABF9EEE7004005403F420F003D
:108F1000C4BA0010F0BA0010F0B5CE46474680B58E
:108F2000060083B0040008001700894602F02CFAFE
:108F3000431C9846443605001A0049463000FAF7AB
:108F40006FF94346F2183B0A177053703B0C3F0E03
:108F50009370D7702A00802321326F1D1B019A4223
:108F600020D80822238AFF3201339BB290466263E5
:108F7000063AFF3A23821B041343E36300232A00CB
:108F80002364230000212000A76315322833FFF754
:108F9000E3FE002806D13B00424602212000009655
:108FA000FFF758FF03B0C0BCB946B046F0BDC0469D
:108FB000F0B5CE46474680B5060083B004000800F1
:108FC00099468846170002F0DFF94436451C3A00FE
:108FD0004946701902F042F92A0041463000ED1965
:108FE000FAF71EF92A0080231C321B019A4220D86E
:108FF000218A0A9B013189B21B032182090419438A
:10900000022319430023082723642300FF37E16369
:10901000200000216763A56328330C3AFFF79CFE0C
:10902000002806D12B003A00022120000096FFF70D
:1090300011FF03B0C0BCB946B046F0BD836870B53F
:10904000CE0B04000D00F6039E420DD0802273402B
:109050005204934239D2FF22120413422CD1FF2230
:109060001202134221D1A66080226D046D0C1202FF
:109070002A4301212000FEF749FFC025A36806000E
:109080006D05AB420FD080226B405204934238D220
:10909000FF221204134228D1FF22120213421CD1D4
:1090A000C0235B05A360300070BD01212000194A78
:1090B000330AFFF775FAD6E7330C01212000164A70
:1090C000FFF76EFAA3687340C9E7330E0121134A14
:1090D000FFF766FAA3687340BDE7C02301212000B3
:1090E0000C4A5B03FFF75CFADAE7C0230A4A5B012C
:1090F00001212000FFF754FAC023A2685B0553400A
:10910000CAE7182301212000044AFFF749FAA3689F
:109110006B40BDE70A0001000B0001000C000100DC
:10912000F0B5C646CE0B0D008168040090461F00C6
:1091300000B5F6038E420DD0802371405B04994246
:1091400066D2FF231B04194259D1FF231B02194287
:1091500025D1A660802243466D046D0C12022A437D
:10916000012B23D03B0001212000FFF705F8C0258B
:10917000A3686D05AB420FD080226B40520493422E
:109180001AD2FF221204134222D1FF2212021342EA
:109190002DD1C0235B05A36080BCB846F0BD012182
:1091A00020001F4A330AFFF7FBF9D2E73B000121F9
:1091B0002000FFF7F5F9DAE718231A4A0121200009
:1091C000FFF7EEF9FF22A36812046B401342DCD0D4
:1091D000C023154A5B0101212000FFF7E1F9C023FC
:1091E000A2685B055340FF2212021342D1D0C02374
:1091F000012120000A4A5B03FFF7D2F9C9E70121E8
:109200002000094A330CFFF7CBF9A16871409CE7B5
:109210000121044A330EFFF7C3F9A168714090E7BA
:109220000A0001000C0001000B000100F8B5CE4659
:10923000474604000D0080B5012900D1E4E1D74B79
:10924000C82798463F02C02641462000FFF758FB3A
:109250003A0001212000FEF759FEA3687605B342CB
:1092600012D0802273405204934200D3E7E0FF22E1
:109270001204134200D0EFE0FF221202134200D08A
:10928000FAE0C0235B05A36041462000FFF738FBEE
:109290003A0001212000FEF739FEC022A3685205E2
:1092A00006009146934212D05340802252049342CA
:1092B00000D39EE1FF221204134200D08DE1FF2271
:1092C0001202134200D080E1C0235B05A360F607C1
:1092D00000D4A1E1012D00D19BE1B14DB14E31008F
:1092E0002000FFF70DFB03232A0001212000FFF7D8
:1092F00057F9C022A36852059146934212D05340B9
:1093000080225204934200D354E1FF2212041342FC
:1093100000D037E1FF221202134200D02AE1C0231D
:109320005B05A36031002000FFF7EAFA2A00012163
:109330002000FEF7EBFDC022A36852059146934240
:1093400012D0534080225204934200D307E1FF22FF
:109350001204134200D0F6E0FF221202134200D0A2
:10936000E9E0C0235B05A36041462000FFF7C8FA8F
:109370003A00C027002301212000FFF711F9A3685C
:109380007F05BB4212D080227B405204934200D31F
:10939000C8E0FF221204134200D0B7E0FF221202FD
:1093A000134200D0AAE0C0235B05A360C0270120C0
:1093B00001F07CFC31002000FFF7A2FA01232A0013
:1093C00001212000FFF7ECF8A3687F05BB4211D014
:1093D00080227B405204934200D386E0FF22120495
:1093E000134200D075E0FF221202134269D1C0235C
:1093F0005B05A36031002000FFF782FA2A00C02538
:1094000001212000FEF782FDA3686D05AB420FD05D
:1094100080226B40520493424AD2FF22120413422C
:109420003AD1FF22120213422ED1C0235B05A36062
:10943000012001F03BFCC0BCB946B046F8BD182382
:10944000594A01212000FFF7ABF8FF22A36812045C
:109450007340134200D10FE7C023544A5B0101213E
:109460002000FFF79DF8C023A2685B055340FF2250
:109470001202134200D104E7C023012120004C4A0C
:109480005B03FFF78DF8FCE6C02301212000484A6A
:109490005B03FFF785F8C8E7C023444A5B0101215D
:1094A0002000FFF77DF8C023A2685B055340B8E7B2
:1094B0001823012120003C4AFFF772F8A3686B4093
:1094C000ABE7C02301212000394A5B03FFF768F8AE
:1094D0008DE7C023354A5B0101212000FFF760F8CA
:1094E000C023A2685B0553407DE7182301212000BB
:1094F0002D4AFFF755F8A3687B406FE7C023012191
:1095000020002B4A5B03FFF74BF84CE7C023274AA8
:109510005B0101212000FFF743F8C023A2685B052F
:1095200053403BE71823012120001F4AFFF738F87A
:10953000A3687B402DE7C023012120001C4A5B0368
:10954000FFF72EF80DE7C023184A5B010121200028
:10955000FFF726F8C023A2685B055340FCE61823FA
:10956000114A01212000FFF71BF84A46A3685A4020
:109570001300ECE6C023012120000D4A5B03FFF736
:109580000FF8CCE6C023094A5B0101212000FFF758
:1095900007F8C023A2685B055340BBE600481018DB
:1095A00008C40000084410180C0001000B00010062
:1095B0000A00010018231A4A01212000FEF7F0FFDB
:1095C0004A46A3685A4013009FE6C02301212000A9
:1095D000144A5B03FEF7E4FF76E6C023124A5B0100
:1095E00001212000FEF7DCFFC023A2685B05534089
:1095F00065E618230A4A01212000FEF7D1FF4A46FA
:10960000A3685A40130055E6B827084B3F02984616
:1096100019E6074D074E62E60748FBF713FC59E6CB
:109620000C0001000A0001000B00010000381018B6
:1096300008B400000834101818BB00108022002362
:1096400052008281034A0160836083730361835007
:109650007047C0464C08000010B5FEF7BDF810BDBD
:1096600010B5040082B06946200001AAFFF758FA3D
:10967000431C14D0031DF6D0012812D00228F2D1C9
:109680000099019B4A0020685208C90F01F03EFB77
:109690006946200001AAFFF743FA431CEAD102B051
:1096A00010BD01990098FFF75FF90100200000F05C
:1096B00093FED8E7F0B50227C64698464B001F40F8
:1096C000802300B516001C32040082B04D081B0137
:1096D0009A422BD83304008A1B0CA363089B0130E9
:1096E00080B21B0320823B4300040343E36320005A
:1096F00000233200414623646563443001F0AEFD2F
:10970000230032000021200028331032FFF724FB11
:10971000002807D143462A00009339003300200077
:10972000FFF798FB02B080BCB846F0BD0520404270
:10973000F8E7C04610B50400002909D0837C002B4F
:1097400000D110BD002300218374FFF7A9F9F8E7C9
:1097500000F03CFEA37C002BF3D101212000FFF799
:109760009FF90123A374ECE7F0B5C6460700040097
:1097700000B54437142282B00E0038001749F9F7BB
:109780004FFD238A832201339BB223821B04E363B0
:10979000002323642300520062639046F23AA263DE
:1097A0000021200028331032FFF7D6FA051E0DD114
:1097B00014234246002120000097FFF74BFB051EB3
:1097C00009D1062239003000F9F72AFD280002B03D
:1097D00080BCB846F0BD02256D42F7E76C35041039
:1097E000F0B55746DE464E464546E0B5B14B89B02A
:1097F0009B6A040043600F00FEF724F8002812D192
:10980000FEF7D8FA0A25FEF7F3FAAB4E1422002130
:109810002000FEF701FBB04212D00120013D01F013
:1098200045FA002DF2D1A548FBF70CFB06256D4249
:10983000280009B0F0BCBB46B246A946A046F0BD20
:109840000022002120009E4BFEF78CFB0028EAD16D
:10985000002200212000FEF701FB10231D22002121
:109860002000FEF79DFE0028DDD19923042200216F
:109870002000FEF795FE0028D5D1BE230622002148
:109880002000FEF783FD0028CDD108230121200010
:109890008C4AFEF785FE0A25402601212000894AD0
:1098A000FEF734FB064209D10120013D01F0FEF92B
:1098B000002DF2D18448FBF7C5FAB7E70023814AAF
:1098C00001212000FEF76CFE20008049FFF718F808
:1098D000B822C025012120001202FEF717FBA36861
:1098E0006D05AB4212D080226B405204934200D3EC
:1098F000E4E2FF221204134200D0D3E2FF2212025C
:10990000134200D0C6E2C0235B05A36020006F496C
:10991000FEF7F6FFB822012120001202FEF7F6FA48
:10992000C026A36805007605B34212D0802273409A
:109930005204934200D3A4E2FF221204134200D047
:1099400093E2FF221202134200D086E2C0235B059D
:10995000A360ED0700D497E320005D49FEF7D0FF38
:10996000C822C025012120001202FEF7CFFAA36809
:109970006D05AB4212D080226B405204934200D35B
:10998000EFE2FF221204134200D0DEE2FF221202B5
:10999000134200D0D1E2C0235B05A36020004C49F4
:1099A000FEF7AEFFC822012120001202FEF7AEFA38
:1099B000C026A36805007605B34212D0802273400A
:1099C0005204934200D3AFE2FF221204134200D0AC
:1099D000D8E2FF221202134200D0CBE2C0235B0583
:1099E000A360ED0700D453E302212000FFF71EFC23
:1099F0000323042220003749FFF792FB00230422AF
:109A000020003549FFF78CFB344B354A9A46354BDD
:109A100053449A5A9146FA225200914500DBC7E01E
:109A2000314A9B5C002B00D0C2E04B46502B00DC3F
:109A3000BEE03A002D4B2E4E4F46A04650251C004E
:109A40009146564403E00135AF4200DCB0E0092204
:109A50002100701B01F064FC0028F4D140235B421C
:109A600053449B4680231B024F469946214B444654
:109A700000269846350020002900FEF741FF4B469E
:109A80006A04520C1A435B4640369B19009301212D
:109A900040232000FEF7CAFE002800D0D3E146454F
:109AA000E8D1154BBB4699460023270003901C00C4
:109AB00043E0C04600400540ADBEEDFE88BB00104F
:109AC000B30402000E000100DCBB001000381018C7
:109AD00000481018104000184440001898C20010A8
:109AE0000E0300009E6803000D030000A8BB0010D9
:109AF000AB6B0300C06B030070320410FF22120432
:109B000013423FD1FF221202134249D1F023DB025C
:109B1000BB604B46802276041B19403B760C120238
:109B2000009301212B0038003243FEF77FFE00280E
:109B300042D1C0239B009C423ED0BA252600AD00F6
:109B400040341723A542AD419D43E14BF0229C4692
:109B5000BB68D2029046403566449342D9D0534008
:109B6000802252049342C9D30023DA4A01213800EB
:109B7000FEF716FD4246BB685A401300FF2212044E
:109B80001342BFD00723D44A01213800FEF708FD55
:109B9000F023BA68DB025340FF2212021342B5D011
:109BA000F02301213800CD4ADB00FEF7F9FCADE7D8
:109BB000CB48FBF747F939E63C00CA4B04222000AA
:109BC000C949039DFFF7ACFA01212000FFF72EFBE6
:109BD0002000C649FFF732FA03235F460340012BFA
:109BE00000D032E12000C249FFF728FAC00700D5B3
:109BF0002FE1FA268023B600984606E00120013EB8
:109C000001F054F8002E00D134E201212000B94ABD
:109C1000FEF77CF943460342F0D0F02304222000F3
:109C2000B549FFF77DFA202301212000B34AFEF752
:109C3000B7FCFA262023B600984606E00120013E34
:109C400001F034F8002E00D119E208220021200092
:109C5000FEF704F943460342F0D00121A84A200050
:109C6000FEF754F90222C3B213430121A44A200093
:109C7000FEF796FC0823F02200212000FEF790FC5E
:109C8000022301219B4A2000FEF78AFC01212000CB
:109C90009C4AFEF73BF9C30700D483E10F2301215F
:109CA000994A2000FEF77CFC00230121964A2000FF
:109CB000FEF776FC0121944A2000FEF727F90422E2
:109CC00000212000FEF7F6F8C30700D573E1C02697
:109CD000A3687605B34212D08022734052049342A7
:109CE00000D3BEE1FF221204134200D0ADE1FF22F7
:109CF0001202134200D0A0E1C0235B05A360C0267E
:109D000001212000814AFEF7A9F8A3687605B34235
:109D100012D0802273405204934200D37CE1FF2290
:109D20001204134200D06BE1FF221202134200D052
:109D30007BE1C0235B05A360200000F047FBA37C10
:109D4000002B05D101212000FEF7AAFE0123A374F8
:109D50006F4B26001900443608222C3130009846FB
:109D6000F9F75EFA6B4BF622DB21E3642000002357
:109D70009200890251442265636558309946F9F78B
:109D80004FFA0822FF3292466263FC229200934609
:109D9000A2630222238A002101339BB223821B0487
:109DA0001343E3634B462364283399468022A1443E
:109DB0004B462000D200FEF7CFFF002806D15B46BD
:109DC0005246022120000096FFF744F84146132234
:109DD00038313000F9F724FA238A832201339BB209
:109DE00023821B04E3630023520092466263F33A2A
:109DF000A263236400214B4620001032FEF7ACFF23
:109E0000002806D113235246002120000096FFF7B8
:109E100021F8636C002B00D0C0E0002220003E49F6
:109E2000FFF77AF8012220003C49FFF775F8002F70
:109E300000D1C7E000230622009320003B003849F0
:109E4000FFF7B6F8F4E40500F2E43648FAF7FAFF53
:109E5000C8E63448FAF7F6FFCBE6C023012120001C
:109E60001E4A5B03FEF79CFB70E5C0231A4A5B01A8
:109E700001212000FEF794FBC023A2685B0553403C
:109E80005FE5182301212000124AFEF789FBA36831
:109E9000734051E5C02301212000104A5B03FEF707
:109EA0007FFB30E5C0230C4A5B0101212000FEF757
:109EB00077FBC023A2685B0553401FE518230121EF
:109EC0002000044AFEF76CFBA3686B4011E5C04616
:109ED00014FD07000C0001000B0001000A00010046
:109EE000B4BB0010BA0045FFFCFF0700083410188F
:109EF000003810180E00010024200018080001008E
:109F00001E0001001F0001000F0001000885000075
:109F1000583504100610020034BB001040BB00107E
:109F200064BC001008BC00101823012120005A4A0C
:109F3000FEF736FBA368734046E5C02301212000ED
:109F4000564A5B03FEF72CFB25E5C023544A5B0110
:109F500001212000FEF724FBC023A2685B055340CB
:109F600014E51823012120004B4AFEF719FBA368D2
:109F70006B4006E5C02301212000484A5B03FEF741
:109F80000FFB2BE5C023464A5B0101212000FEF7B1
:109F900007FBC023A2685B0553401AE54148FAF766
:109FA00051FF3AE70123C0B20343012120003E4A9A
:109FB000FEF7F6FA72E683B2042200212000FEF7D3
:109FC000E5F984E642464346D26C4C3306929B88C0
:109FD00006AE04AF39002000B380FFF7C5FB0028B0
:109FE00009D1049A069B9A4200D021E4BA88B3882A
:109FF0009A4200D01CE43900002000F001FE19E76D
:10A00000C023274A5B0101212000FEF7C9FAC023C3
:10A01000A2685B05534087E61823012120001E4AF1
:10A02000FEF7BEFAA368734079E6C0230121200041
:10A030001A4A5B03FEF7B4FA7BE6C0230121200035
:10A04000164A5B03FEF7ACFA56E6C023144A5B01DE
:10A0500001212000FEF7A4FAC023A2685B0553404B
:10A0600045E61823012120000B4AFEF799FAA36860
:10A07000734037E60D48FAF7E5FEFFF7D7FB0C48CB
:10A08000FAF7E0FEFFF7D2FB0A48FAF7DBFE63E4DB
:10A090000848FAF7D7FEA7E40C0001000A00010007
:10A0A0000B0001004CBC00101F0001001CBC001084
:10A0B00034BC001018BB0010042210B5038A82B013
:10A0C00001339BB24264038282631B04023A13434E
:10A0D000C3630023A52103640300416328330021E7
:10A0E00012320400FEF738FE002808D12300443362
:10A0F0000093A522042302212000FEF7ABFE02B04C
:10A1000010BDC0461A2230B5134B83B0C518038A60
:10A11000426301339BB20A32038282631B04223AF8
:10A120001343C36300230400036429002232443034
:10A13000F9F776F823003422002120002833FEF7B7
:10A140000BFE002806D124231A22022120000095AC
:10A15000FEF780FE03B030BD28080000F0B5040013
:10A1600083B002293FD80600531E9A410127443686
:10A170008F4055421D4908223000F9F751F84C2311
:10A1800000221021FFB2E7540133E2540133E254BC
:10A190000133E2543D400133E5540133E2540133CD
:10A1A000E2540133E254238AA16301339BB20E3996
:10A1B00023821B040B430825E3632300FF3522643D
:10A1C00000212000656328332032FEF7C5FD0028FA
:10A1D00006D110232A00022120000096FEF73AFE45
:10A1E000002003B0F0BD01204042FAE774BC00102B
:10A1F00010B5006800F0E4F8013843425841C0B29D
:10A2000010BDC04610B5284B82B01B68002B17D07C
:10A21000264C2000FFF7ECFF00283CD1244BE25CE9
:10A22000002A2BD1234BE25C002A1DD1224BE25C99
:10A23000002A0CD1214B1B68002B03D000F08AFCB4
:10A2400002B010BD01212000FFF774FAF6E70022EA
:10A250002000E254FFF756FF0122194BE250174B42
:10A260001B68002BEAD1EDE700222000E254FFF743
:10A2700023FF114BE25C002ADCD0E8E700226921D1
:10A28000E254200000230092FFF714FA094BE25C2D
:10A29000002ACBD0E8E72000FFF7E2F9044BE25CAC
:10A2A000002ABFD0EAE7C046541C00205C1C0020F6
:10A2B000690800006B0800006A080000581C0020B4
:10A2C0005C08000070B58023D025802604002D0690
:10A2D0005B04AB623604002200211820F6F794FEDE
:10A2E0006E62002200211720F6F78EFEAE6121007B
:10A2F0002000FFF7A3F98522002303211201A354B4
:10A30000064AA350064AA3501432A152054AA35448
:10A31000054A13600122054BE25070BD5808000049
:10A320005C08000072080000541C0020680800004F
:10A33000F8B5040000F078FC1C4E3368002B32D0D6
:10A340000021200000F0D4FC0121200000F0D0FC0E
:10A350002000FFF781F9D025802380275B042D069C
:10A36000AB620022002118203F04F6F74DFE0022C8
:10A37000002117206F62F6F747FE21002000AF6131
:10A38000FFF75CF98522002303211201A354084A38
:10A390003360A350074AA3501432A152064AA35473
:10A3A0000122064BE25000F049FCF8BD541C00208D
:10A3B000580800005C0800007208000068080000EF
:10A3C000D0231B065868C001C00F70473222014BD2
:10A3D0001A607047581C0020754B70B5C3580500B3
:10A3E0000C00DB0712D46368452B05D0312B07D84E
:10A3F000704A9B00D3589F466F4AAB58012B38D008
:10A400006E4BEB586E4A934225D070BDF7F7CAFFEA
:10A41000002928D0FA2200239200F8F769FB0100F6
:10A42000684B62881800FAF791FD6168582900D9D5
:10A430008FE0654B8A00D358002B00D189E01900CA
:10A440006248FAF783FD2E23E268E35CA168604866
:10A45000FAF77CFDC7E70122584B00212800EA509B
:10A4600000F048FCD1E7FA218900F8F703FB01006E
:10A47000D6E7A168082977D0504BEB580029C1D105
:10A480000231A950BEE70122524B5348EA5200F074
:10A4900069FBB5E7A368062B71D0042B03D0022219
:10A4A0009343082B5CD1E3680F2B59D1494B2BE028
:10A4B000A368002BA4D1E368082BA1D10222454B4D
:10A4C000FF32E2E7A368002B9AD12E33E15C638868
:10A4D000DB0761D5002965D18023384ADB00A95804
:10A4E0000B43AB508EE70021280000F009FC00224E
:10A4F000324BEA5089E7A368002B00D080E7E3687D
:10A50000022B00D07CE7354B01223348EA5400F09F
:10A5100029FB2A4BEB5875E7A368002B1DD1274B6D
:10A52000EA580F2319001140042902D19A430E3B27
:10A530001A4380239B001343204AAB5062E7A36871
:10A54000002B00D15CE7032B20D002221B4BEA50EA
:10A550005BE72348FAF7FAFC75E7062B00D14FE7D3
:10A560000422164BEA5050E7862321001B01E858CD
:10A570001C4B3031EB589847104BEB5842E7802387
:10A580000E4A1B01A9580B43AB503BE7E268002A77
:10A59000DBD10A4AAB5038E7280000F0B1FB074B8B
:10A5A000EB582FE7280000F0A5FB044BEB5829E7F8
:10A5B00054080000CC350410580800005C08000066
:10A5C000010E00007CBC00109436041090BC0010FA
:10A5D00098BC00106A08000005A20010690800007D
:10A5E00094BC001064080000F8B54746CE4604004D
:10A5F00080B50E00170000F017FB204B00211D68EE
:10A6000098462000002D0ED0FFF794F83A00310054
:10A610002000FFF7A3FD050000F010FB2800C0BCE0
:10A62000B946B046F8BD00F063FB0121200000F000
:10A630005FFB85231B01E5548023D0251B0499462D
:10A640002D06AB61142000F031FB4B4632206B61CC
:10A6500000F02CFB00212000FFF7C2F8051EDBD123
:10A66000074B2000E118FFF77FF83222054B064820
:10A670001A604346186000F075FAC7E7541C0020C2
:10A68000D3080000581C002005A20010F0B5DE46DB
:10A6900057464E464546E0B51600DC22924685B048
:10A6A0004B0002935B18DB00C518AA445246834650
:10A6B00028001268CC30009202682B0001921C4ADC
:10A6C000802094460E9C634480021860002C1CD0AD
:10A6D0008023DB049946012398463300D8352E00A9
:10A6E00055469A46134F03912000F8F795F94A46CC
:10A6F000430113432B6053464246C34013403B4340
:10A700003360631E1C40EFD10399029B5B18DB0092
:10A710005B441A000099DC321160019ACC331A6054
:10A7200005B0F0BCBB46B246A946A046F0BDC04647
:10A73000CC30000080E00000F0B54E464546DE46D5
:10A740005746E0B583B089460CA984460D781F2A88
:10A7500045D84946490088464944C900461837004B
:10A760003400DC373868CC348346206831000190EF
:10A770001C4880248246A40251440C6069424D4129
:10A780001E216D428D4318498A465544052B0CD92C
:10A79000A0201F214005D836540104430532053B53
:10A7A0003C600A403560052BF6D852019B061343E6
:10A7B00042464A44D20062441000DC321360030077
:10A7C000D8331D605B461360019BCC3003600020D2
:10A7D00003B0F0BCBB46B246A946A046F0BD05207A
:10A7E0004042F5E7CC3000009FE00000F0B54E4657
:10A7F0004546DE465746E0B59346564A89B09046F0
:10A80000554A029306000C00022502239146534A42
:10A81000002194466344524A1B0523609B0C9F18F9
:10A82000504A404694464A46634400923A00F6F73E
:10A830004FFDB84203DBC01B47B200060ED5012313
:10A84000012D09D100230020236009B0F0BCBB46D4
:10A85000B246A946A046F0BD0125D8E7F6F700FDAF
:10A86000236805229A46404B404953441B0D0490EF
:10A870009B00B25606910593CB58012130799C4636
:10A8800081404B1E039320231B1A002A3ADB9A4275
:10A8900051DC039B6146934019424CD133680793C6
:10A8A000B379002B47D10399634691400B40039342
:10A8B000634619423FD18026039BB601002812D07F
:10A8C000894601005046B846079F5C003D5BB54293
:10A8D00000D2AD189C181234A400013325509942BF
:10A8E000F3D84746494663460B4319000598069B33
:10A8F00019505B461F60029B04981A60F6F7BCFC77
:10A900000120A2E7002B16DB52460792039A61460C
:10A91000A2468446100001E0013B0BD302009A409E
:10A920001142F9D11A00079B544603909A4660469B
:10A930008C46B3E754460498F6F79EFC0A4B216810
:10A940009C466144090D89004046C919F6F704FD8B
:10A9500075E7C046241C002044BD0010010500001E
:10A96000F8EBFFFFFBEBFFFF0000E0AF0C1800204F
:10A9700070B50125160002790C009540013D9D40FF
:10A98000F6F76EFC074B084A9C466444240DA4006D
:10A99000A358AB43A350F6F76FFCA1190348F6F791
:10A9A000DBFC70BD0000E0AF0C180020241C002070
:10A9B00010B5034B01001800F6F7CEFC10BDC046E1
:10A9C000DA2A002010B5064B064C82B00100009335
:10A9D00000220B232000F6F77BFC02B010BDC0461E
:10A9E00068BD0010DA2A00200300114982015118C5
:10A9F0000868D90241400F4810B501400E48A02414
:10AA000010180160012098400C4BE40518600C4BB5
:10AA1000802118600B4B4904E0500B4B9C4662446C
:10AA200013680B42FCD18023DB00E05010BDC04610
:10AA30001000005001780000101000500434005045
:10AA400014340050440400000C00005010B503689A
:10AA500001495B6A984710BD38120020802010B56C
:10AA6000402207494004F6F78BFB012202211820FF
:10AA7000F6F7F2FA0D200121F6F7C8FC002010BD10
:10AA8000A5AA001010B5002202211820F6F7E4FA5A
:10AA9000802003494004F6F795FB002010BDC04616
:10AAA000A5AA0010D0231B061B6810B55A425341BB
:10AAB0002F225B429343094A94466344DB6A9B0717
:10AAC00000D410BD002202211820F6F7C5FA044B6D
:10AAD0000449186803685B6A9847F2E7304101400F
:10AAE000501C002038120020154B70B51B68040064
:10AAF000002B0ED0134D2A68002A01D0013A2A609B
:10AB000098472B68002B05D1236820000E499B69CC
:10AB1000984770BDF7F746FC00230C4A0A4D801891
:10AB2000594102000B1E02DA0122094B5242EB602E
:10AB30002368290020005B69AA609847E9E7C046BE
:10AB4000541C0020581C00204812002050C3000054
:10AB5000FFFFFF7F10B5012202211820F6F77CFAD3
:10AB600010BDC046034B10B51868034903685B6A03
:10AB7000984710BD501C00203812002010B504006A
:10AB80000848FFF79FFB084B00221C602368200049
:10AB900006491B699847236820000549DB699847E7
:10ABA000012010BD5C1C0020501C00205DAA00107C
:10ABB0003812002070B50D4D04002B68002B13D007
:10ABC00003680B499B69984723680A491B6A200060
:10ABD0009847236800221B690749200098470748C7
:10ABE000FFF7A6FB00232B6070BDC046501C002061
:10ABF000481200203812002085AA00105C1C00209A
:10AC000010B582B068460C00FAF788FC6B46062245
:10AC1000991C2000F8F704FB0122237893430222B9
:10AC20001343237002B010BD034B10B518680368BE
:10AC30005B68984710BDC046501C0020034B10B500
:10AC4000186803689B68984710BDC046501C0020D8
:10AC500070B5EFF30583134A040000251668002B36
:10AC600010D1F7F79FFB02000B0012196B41002B6C
:10AC700004DB31683000096B884770BD01220A4B44
:10AC80005242F6E7F7F78EFB02000B0012196B41F8
:10AC9000002B02DA0122044B524231683000C96AAB
:10ACA0008847EAE7501C0020FFFFFF7FF8B50E4BF6
:10ACB00006001F68F7F776FBFA2204000D00002358
:10ACC000920030000021F8F74FFA02000B00121931
:10ACD0006B41002B02DA0122044B524239683800E2
:10ACE000C96A8847F8BDC046501C0020FFFFFF7F9F
:10ACF0007047C04610B50148F6F79AFA88BD0010B3
:10AD000010B50148F6F794FA88BD001010B5014857
:10AD1000F6F78EFA88BD001010B5303000F09CFBBD
:10AD200010BDC0460022452310B50C00CA54013B9B
:10AD3000C85CF6F789FB2000383000F055FB002096
:10AD4000002110BD012310B504000B724333C05C19
:10AD5000F6F77AFB2000383000F046FB10BDC04605
:10AD6000F0B5304BD6464F4646461A685B6804003D
:10AD70009A462D4B904645259946C0B584B0200093
:10AD800000F0E8F906000F00F7F70CFB32003B007B
:10AD9000121A8B41002B29DD46452DD0635D002B17
:10ADA00008D0A26AE36A30003900801A994100296C
:10ADB00027DC33D0236C002B03DD216C206AF7F7EE
:10ADC00037F90123A662E76263550023206A0293E4
:10ADD0004B463200009301943B00F7F769F820647A
:10ADE000236C002B0DDC00236355C8E7002BC6D174
:10ADF000002AC4D04645D1D15745CFD1236C002B72
:10AE000005DC04B0E0BCBA46B146A846F0BD216CF2
:10AE1000206AF7F70DF900232364F2E70028C9D070
:10AE2000EFE7C046C8BD001025AD0010F8B506001C
:10AE300017003036040030000D0000F00DFB380024
:10AE4000A84773790500012B04D0300000F03CFBCB
:10AE50002800F8BD2000FFF783FFF6E770B5442512
:10AE60000400405D002814D1236C002B03DD216C0D
:10AE7000206AF7F7DDF825003035280000F0ECFAFD
:10AE8000280000F021FB482200212000F8F7C2F939
:10AE900070BD0021F6F7BAFA0449605DF6F712FCBE
:10AEA000605DF6F767FD00236355DDE7B1AE001086
:10AEB00070B5EFF305830C4A2A3B9B009C58002C8D
:10AEC0000DD0250030350021280000F0B5FA00280B
:10AED00005D06B79012B03D0280000F0F5FA70BD86
:10AEE0002000FFF73DFFF7E7E41A002010B53830E7
:10AEF00000F0FAFA10BDC0461000190010B5EFF3CB
:10AF00000583002B02D0F7F757FA10BDF7F7CCF8FE
:10AF1000FBE7C04610B530304379002B08D0D02372
:10AF200000221B069A560423C3569A4200D110BD34
:10AF30000148F6F77DF9C046A8BD001010B5040021
:10AF400030346379012B03D0200000F0BDFA10BD2E
:10AF5000FFF706FFF8E7C04670B506000D000400D5
:10AF60003036300000F078FA2900200000F0E0F8D8
:10AF700073790500012B04D0300000F0A5FA2800F9
:10AF800070BD2000FFF7ECFEF6E7C04670B5060086
:10AF90000D0004003036300000F05EFA2900200079
:10AFA00000F0B4F873790500012B04D0300000F0F4
:10AFB0008BFA280070BD2000FFF7D2FEF6E7C046EE
:10AFC00070B506000D0004003036300000F044FA81
:10AFD0002900200000F088F873790500012B04D0C7
:10AFE000300000F071FA280070BD2000FFF7B8FEB5
:10AFF000F6E7C04670B506000D000400303630009C
:10B0000000F02AFA2900200000F05AF873790500B0
:10B01000012B04D0300000F057FA280070BD20004A
:10B02000FFF79EFEF6E7C046FF2303700023436050
:10B030007047C04670B504000D0044220021043062
:10B04000F8F7E8F81B4B236003232383D0231B0668
:10B050001B68A3766868002828D02062200001229F
:10B0600001213830F6F7A6FC20003030F6F7F0FC6E
:10B0700000202E78F6F788FC03000020002B14DB5C
:10B08000190044250C4A1A398900FF308C501840A9
:10B0900063550A49F6F7F2F90121605DF6F7B6F952
:10B0A000605D3100F6F7F8FB012070BDF6F7FCFE9D
:10B0B000D3E7C046F8370410E41A0020B1AE001000
:10B0C0008368002B04D107E01A68002A06D0130019
:10B0D0008B42F9D1002005E00300083319600023FA
:10B0E00001200B607047C046020083680832002BC5
:10B0F00004D109E01A001B68002B05D08B42F9D15E
:10B100001B680120136000E0002070474368002B9B
:10B1100004D107E01A68002A05D013008B42F9D148
:10B12000002004E0031D1960002301200B6070471C
:10B130004368021D002B04D109E01A001B68002B94
:10B1400005D08B42F9D11B680120136000E000207C
:10B150007047C046F0B55746DE464646C0B53E4B42
:10B1600082B01A685B680092019383688246002B64
:10B170002CD0082353449B46F7F714F953469B6899
:10B1800004000D005F46002B20D000221E009446D4
:10B190009846B268F36820002900801A9941002976
:10B1A00002DB14001D00BC4637003668002EF0D1CB
:10B1B00062464346002A48D0116850460B68136027
:10B1C0004B68984753469B68002BD5D153465C6823
:10B1D000002C29D000255646237A002B31D021009F
:10B1E00063682572300098472468002CF4D1B16858
:10B1F000B246002918D0009C019D0E0003E0040017
:10B200000D00002E0ED0330022009868D9682B0064
:10B21000121A8B413668002BF1DCF2D1002AEED1F4
:10B22000002EF0D100940195009B019C524618001D
:10B2300021001361546102B0E0BCBB46B246A8468F
:10B24000F0BD2468002CC7D1D1E7190053465C68D3
:10B25000002CBFD1CFE7C046C8BD0010F0B5CE4628
:10B26000474680B588420DD98B1898420AD2531EA2
:10B27000002A03D0CA5CC254013BFBD2C0BCB94611
:10B28000B046F0BD0F2A0BD80500561E002AF5D097
:10B290000023CC5C1A00EC5401339642F9D1EDE75F
:10B2A00003000B4388469B0734D110261700B14694
:10B2B0000C000300103F3F093F01C519A94426684F
:10B2C0001E6066685E60A6689E60E6681034DE6098
:10B2D0001E001033AE42F2D1CF1939000F230C26D5
:10B2E00010318C461340164217D04446043B9B084D
:10B2F0009B00FF181437061B0C688D1904312C6055
:10B30000B942F9D16146043359184B441D00032357
:10B310001A40BAE70500561EBAE74D461A00B4E7D0
:10B3200030B5002A27D003000B439B0713D1032A13
:10B3300011D9134D0BE0043A002A1CD0114C1C19F2
:10B340009C432C4217D104300431032A03D90368EB
:10B350000C68A342EFD00D78047801230139AC4288
:10B3600007D00AE0002C06D0C45C0133CD5CAC42AF
:10B3700003D19A42F6D1002030BD601BFCE7C046E5
:10B3800080808080FFFEFEFE10B583070AD0030098
:10B39000032102E001330B4205D01A78002AF9D1CB
:10B3A000181A10BD030019680C4A0D4C8A188A43FC
:10B3B00022420FD15968094A04338A188A4322422B
:10B3C00008D15968054A04338A188A432242F1D0C9
:10B3D00000E001331A78002AFBD1E1E7FFFEFEFE10
:10B3E00080808080F8B5C04601B40248844601BC24
:10B3F000604700BF2901002001B40248844601BC17
:10B40000604700BF9504002001B40248844601BC97
:10B41000604700BF7503002001B40248844601BCA8
:10B42000604700BFF110002001B40248844601BC0F
:10B43000604700BFD105002001B40248844601BC2A
:10B44000604700BF9902002001B40248844601BC55
:10B45000604700BFF110002001B40248844601BCDF
:10B46000604700BF7101002001B40248844601BC5E
:10B47000604700BFC101002001B40248844601BCFE
:10B48000604700BFE902002001B40248844601BCC5
:10B49000604700BFAD0D002001B40248844601BCE6
:10B4A000604700BF0102002001B40248844601BC8D
:10B4B000604700BF650E002001B40248844601BC0D
:10B4C000604700BFD50D002001B40248844601BC8E
:10B4D000604700BF9D03002001B40248844601BCC0
:10B4E000604700BF150E002001B40248844601BC2D
:10B4F000604700BFC1000020F92700102528001078
:10B50000092A0010053200109D300010A9310010EA
:10B510003129001041280010612800107528001002
:10B52000E51900107D280010CD1D0010C127001066
:0CB53000E91300100D550010B1020010CE
:10B5400055500000444F574E0000000057692D46EB
:10B550006920696E6974206661696C656400000029
:10B560003D3D3D3D3D20456C657661746F722053D5
:10B57000797374656D207625632E25632E256320EF
:10B580003D3D3D3D3D0A00005B494E49545D20492B
:10B590006E697469616C697A696E6720656C65763D
:10B5A00061746F722073797374656D005B494E49E5
:10B5B000545D20496E697469616C697A6174696F60
:10B5C0006E20636F6D706C657465640A0000000026
:10B5D0005B544553545D2054657374696E67206DE8
:10B5E0006F746F72206F7065726174696F6E730A29
:10B5F000000000005B544553545D204D6F746F7222
:10B6000020656E61626C652070696E20746573746C
:10B610003A0000005B544553545D204D6F746F72C7
:10B620002064697361626C65640000005B5445537B
:10B63000545D204D6F746F7220656E61626C65643D
:10B64000000000005B544553545D204D6F746F72D1
:10B65000207265766F6C7574696F6E207465737493
:10B660003A0000005B544553545D205370696E20CE
:10B67000436C6F636B7769736520666F72203173FB
:10B68000000000005B544553545D2053746F7020DC
:10B690007370696E20302E35730000005B54455383
:10B6A000545D205370696E20436F756E74657263CC
:10B6B0006C6F636B7769736520666F7220317300FE
:10B6C0004D6F746F7220646F6E6500005265616328
:10B6D0006865642074617267657420666C6F6F7250
:10B6E0002025640A000000004C696E6765722063C3
:10B6F0006F6D706C657465004E6F206D6F726520A4
:10B70000666C6F6F727320696E2063757272656EFE
:10B710007420646972656374696F6E004E65787435
:10B720002074617267657420666C6F6F723A2025B1
:10B73000640A00005550202564202D3E2046202517
:10B7400064000000444E202564202D3E2046202524
:10B750006400000020202020202020204620256496
:10B76000000000000909446573697265643A2000AD
:10B770005B5345545D20446972203D2025730A00C7
:10B780005B5345545D20546172676574203D2046CB
:10B7900025640A005B5345545D204D6F746F722021
:10B7A00061637469766500005B494E49545D204DC4
:10B7B0006F746F7220636F6E74726F6C6C65722041
:10B7C000696E697469616C697A656400466C6F6F53
:10B7D0007220256420507265737365640A0000004E
:10B7E0005B494E49545D20496E697469616C697AA0
:10B7F000696E67206D6F746F7220636F6E74726F05
:10B800006C6C6572000000005B494E49545D204538
:10B810004E3A204750494F2025642C204449523A43
:10B82000204750494F2025642C20535445503A203E
:10B830004750494F2025640A000000005B494E49EB
:10B84000545D20456E61626C696E6720666C6F6F37
:10B85000722025640A0000005B494E49545D204572
:10B860006C657661746F722073797374656D20698D
:10B870006E697469616C697A656400000A2A2A2A13
:10B880002050414E4943202A2A2A0A004E6F207335
:10B8900070696E6C6F636B73206172652061766195
:10B8A000696C61626C6500004E6F20757365722073
:10B8B000495251732061726520617661696C6162E1
:10B8C0006C650000486172647761726520616C612B
:10B8D000726D20256420616C726561647920636CEF
:10B8E00061696D6564000000486172642061737372
:10B8F000657274006D697373696E6720646F756239
:10B900006C652066756E6374696F6E0052656C6558
:10B9100061736500626F6F74325F773235713038F2
:10B9200030000000302E3100322E322E3000000068
:10B930007069636F5F7700004C65676F456C657673
:10B9400061746F720000000046656220203520326D
:10B9500030323600666E692B00000000666E6900AA
:10B960006E616E00666E692D000000005553422026
:10B97000737464696E202F207374646F7574000093
:10B980005261737062657272792050690000000024
:10B990005069636F00000000426F6172642043448D
:10B9A000430000005265736574000000556E6861C5
:10B9B0006E646C65642049525120307825780A0005
:10B9C000657020253032582077617320616C726574
:10B9D00061647920617661696C61626C6500000068
:10B9E00043616E277420636F6E74696E756520788D
:10B9F000666572206F6E20696E616374697665207A
:10BA0000657020253032580063797734335F726572
:10BA100061645F6279746573206572726F7220254C
:10BA2000640000005B43595734335D2063797734F9
:10BA3000335F6B736F5F736574282564293A2066E2
:10BA400061696C65640A00005B43595734335D20BB
:10BA5000427573206572726F7220636F6E646974D1
:10BA6000696F6E2064657465637465642030782541
:10BA7000780A00005B43595734335D206572726F5A
:10BA8000723A20686472206D69736D617463682016
:10BA900025303478205E20253034780A00000000FC
:10BAA0005B43595734335D205354414C4C28257522
:10BAB0003B25752D2575293A2074696D656F757460
:10BAC0000A0000005B43595734335D20646F5F699F
:10BAD0006F63746C3A20676F7420756E657870655B
:10BAE00063746564207061636B65742025640A006B
:10BAF0005B43595734335D20646F5F696F63746CC7
:10BB00002825752C2025752C202575293A20746947
:10BB10006D656F75740A00005B43595734335D20BF
:10BB2000636F7265206E6F7420696E207265736535
:10BB3000740000006275733A7478676C6F6D000072
:10BB40006170737461000000616D7064755F6261A3
:10BB50005F7773697A650000616D7064755F6D7001
:10BB600064750000616D7064755F72785F66616313
:10BB7000746F72006273736366673A6576656E749C
:10BB80005F6D7367730000005B43595734335D206A
:10BB90004661696C656420746F20737461727420EF
:10BBA000435957343300000056657273696F6E3A1B
:10BBB000200000005B43595734335D20636F756C80
:10BBC00064206E6F742066696E642076616C6964AF
:10BBD000206669726D776172650000005B4359579A
:10BBE00034335D2074696D656F7574207761697495
:10BBF000696E6720666F7220414C5020746F20621E
:10BC000065207365740000005B43595734335D2031
:10BC1000636F7265206E6F74207570005B435957B7
:10BC200034335D204854206E6F74207265616479EE
:10BC3000000000005B43595734335D204632206ECC
:10BC40006F74207265616479000000005B4359578E
:10BC500034335D20434C4D206C6F61642066616914
:10BC60006C6564006375725F6574686572616464B5
:10BC7000720000006770696F6F7574005B25203873
:10BC8000645D204153594E4328253034782C000000
:10BC900025730000257500002C25752C25752C2595
:10BCA00075290A005345545F53534944000000006E
:10BCB0004A4F494E00000000415554480000000022
:10BCC0004445415554485F494E4400004153534F49
:10BCD000430000004449534153534F4300000000C8
:10BCE0004449534153534F435F494E4400000000C1
:10BCF0004C494E4B0000000050534B5F53555000D1
:10BD0000455343414E5F524553554C54000000008B
:10BD10004353415F434F4D504C4554455F494E445A
:10BD2000000000004153534F435F5245515F494566
:10BD3000000000004153534F435F524553505F4949
:10BD4000450000004E6F2050494F207374617465A8
:10BD5000206D616368696E6573206172652061762C
:10BD600061696C61626C65004E6F20444D412063D7
:10BD700068616E6E656C73206172652061766169C1
:10BD80006C61626C65000000637977343320686110
:10BD900073206E6F2065746865726E657420696EBD
:10BDA00074657266616365006173796E635F636F6A
:10BDB0006E74657874206C6F636B5F636865636B2A
:10BDC000206661696C656400FFFFFFFFFFFFFF7F76
:10BDD00006005250D3F075420CB9001006005250C4
:10BDE000E182887F14B90010060052503ABCA911B4
:10BDF00024B9001006005250ABB3605328B90010AC
:10BE000006005250BBFF3CB630B90010060052503D
:10BE1000861C030238B90010060052505422A29D1D
:10BE200048B9001005005250DE65F468FC49041062
:10BE3000C43F0010743F0010743F0010BC3F00105E
:10BE4000743F0010743F0010743F0010743F0010E6
:10BE5000743F0010743F0010743F0010B43F001096
:10BE6000743F0010AC3F0010743F0010743F00108E
:10BE7000A43F0010E4410010DA3F0010D44100104C
:10BE8000DA3F0010BE410010DA3F0010DA3F001028
:10BE9000DA3F0010DA3F0010DA3F0010DA3F0010FE
:10BEA000DA3F0010CC3F0010DA3F0010DA3F0010FC
:10BEB000DA3F0010DA3F0010DA3F0010CC3F0010EC
:10BEC000824200102E3F00102E3F00102E3F001027
:10BED0002E3F00102E3F00102E3F00102E3F00106E
:10BEE0002E3F00102E3F00102E3F00102E3F00105E
:10BEF0002E3F00102E3F00102E3F00102E3F00104E
:10BF00002E3F00102E3F00102E3F00102E3F00103D
:10BF10002E3F00102E3F00102E3F00102E3F00102D
:10BF20002E3F00102E3F00102E3F00102E3F00101D
:10BF30002E3F00102E3F00102E3F00102E3F00100D
:10BF4000F841001050420010F84100102E3F001040
:10BF50002E3F00102E3F00102E3F00102E3F0010ED
:10BF60002E3F00102E3F00102E3F00102E3F0010DD
:10BF70002E3F00102E3F00102E3F00102E3F0010CD
:10BF80002E3F00102E3F00102E3F00109244001054
:10BF90002E3F00102E3F00102E3F00102E3F0010AD
:10BFA0002E3F00102E3F00102E3F00102E3F00109D
:10BFB0002E3F001092440010944200109244001052
:10BFC000F841001050420010F8410010000000003D
:10BFD000000000000000F03F0000000000002440CE
:10BFE00000000000000059400000000000408F40A9
:10BFF000000000000088C34000000000006AF84014
:10C000000000000080842E4100000000D012634137
:10C010000000000084D797410000000065CDCD41AD
:10C020000D0A000000000000654F00100000000035
:10C03000694F0010754F0010A14F00109D4F001068
:10C04000000000000A00000000000306A60008002F
:10C05000020002009C001400030057494E55534251
:10C06000000000000000000000008000040001004B
:10C0700028004400650076006900630065004900FF
:10C080006E00740065007200660061006300650068
:10C09000470055004900440000004E007B0062004C
:10C0A00063003700330039003800630031002D0091
:10C0B00037003300630064002D0034006300620029
:10C0C00037002D0039003800620038002D0039009B
:10C0D0003100330061003800660063006100370002
:10C0E0006200660036007D0000000000050F2100A0
:10C0F000011C100500DF60DDD88945C74C9CD26566
:10C100009D9E648A9F00000306A6000100000000B7
:10C110000600525053B4F4A16CB9001000000000A6
:10C1200080B9001090B90010C82A002098B90010FA
:10C13000A4B9001009025400030100807D080B001F
:10C1400002020200000904000001020200040524AA
:10C150000020010524010001042402060524060034
:10C16000010705810308001009040100020A00000C
:10C170000007050202400000070582024000000996
:10C1800004020000FF00010512011002EF0201404D
:10C190008A2E0A000001010203010000845B0010E6
:10C1A000EC5C00103C5D0010C45C0010D65C00101C
:10C1B000B45C0010245C0010D05B0010C45B001065
:10C1C000A66000108C6000105C5E0010C66000105D
:10C1D0005C5E001074600010606000105C5E001017
:10C1E0004C600010525F00105C5E00103263001063
:10C1F00024630010186300105C5E00105C5E001089
:10C2000002630010246300105C5E00105C5E00108E
:10C210005C5E00105C5E00105C5E00105C5E0010F6
:10C220005C5E0010B8620010320F0020320F002058
:10C230007C0F00209C0F0020E00F0020F20F002058
:10C24000280F002000000000BD6800102D690010BC
:10C250005D690010A96900104D6A0010356B00106F
:10C260000000000000000000356C0010916C001010
:10C27000AD6C0010D56C0010FD4F0010F56D001076
:10C28000000000008CC2001006FF0000016040109A
:10C2900080E042B0014084100000000065140000FE
:10C2A00091130000911300009113000091130000FE
:10C2B00091130000911300009113000091130000EE
:10C2C00091130000911300009113000091130000DE
:10C2D00091130000911300009113000091130000CE
:10C2E00091130000911300009113000091130000BE
:10C2F00091130000911300009113000091130000AE
:10C30000911300009113000091130000911300009D
:10C3100091130000911300000048004765140000CD
:10C32000000000000000000000000000000000000D
:10C3300000000000000000000000000000000000FD
:10C3400000000000000000000000000000000000ED
:10C3500000000000000000000000000000000000DD
:10C3600000000000000000000000000000000000CD
:10C3700000000000000000000000000000000000BD
:10C38000000000000000000044425050186001000E
:10C390000000000000000000C51B0000C51B0000DD
:10C3A000C51B0000C51B0000C51B0000C51B00000D
:10C3B000C51B0000D9130000D513000015140000A0
:10C3C000DD3D0000793900003B330000D93D00001D
:10C3D000C9350000B13900001D3E00004FD50100F5
:10C3E000D93A0000133400007F340000893E000079
:10C3F0008B3E0000FB380000AD3D00004DD5010034
:10C40000C51B0000C51B0000C51B0000C51B0000AC
:10C41000C51B0000C51B0000C51B0000C51B00009C
:10C42000C51B0000C51B0000C51B0000C51B00008C
:10C43000C51B0000C51B00009FDC0000C51B0000E1
:10C44000C51B0000C51B0000C51B0000C51B00006C
:10C45000C51B0000C51B0000C51B0000C51B00005C
:10C46000C51B0000C51B0000C51B0000C51B00004C
:10C47000C51B000047FC0000C51B0000A3FD000019
:10C48000C51B0000C51B00009FFD00002BFC000029
:10C49000C51B0000C51B0000C51B0000772E010056
:10C4A0005B3301001B3501006F340100DF330100F5
:10C4B0001F320100C51B0000C51B0000C51B00008A
:10C4C000BD350100C51B0000C51B0000C51B0000D9
:10C4D000C51B0000C51B0000C51B0000C51B0000DC
:10C4E000C51B0000C51B0000C51B0000C51B0000CC
:10C4F000C51B0000C51B0000C51B0000C51B0000BC
:10C50000C51B0000C51B0000C51B0000C51B0000AB
:10C51000C51B0000C51B0000C51B0000C51B00009B
:10C52000C51B0000C51B0000C51B0000C51B00008B
:10C53000C51B0000C51B0000C51B0000C51B00007B
:10C54000C51B0000C51B0000C51B0000C51B00006B
:10C55000C51B00007916000081160000191F00009D
:10C56000352E0000892E0000ED3F0000F93F00004D
:10C5700069510000D1B10000B9DC0000B1FB00003E
:10C58000C1350100691600008D1600009D170000DE
:10C590009D180000E51B0000851C0000F51C000034
:10C5A000791D0000251F0000A12E0000953F00000E
:10C5B0000540000005490000474C00009D4D00006B
:10C5C000A54D0000A94D0000C51B0000C54D000091
:10C5D000FD4D0000054E00005B4E00005F4E000068
:10C5E0006D4E0000956C0000C51B000085510000D9
:10C5F000C51B0000056D00003D94000081A20000F5
:10C6000059A30000C9A30000C5CA0000E5CA000084
:10C61000E1CE0000C1DC0000D1DC00002FE2000010
:10C6200049E4000091E8000083FB000089FB000062
:10C630001D1701000100000000000008200000009C
:10C640000002000004000000FF0300005000000092
:10C6500001000000010000000A07080100000000BE
:10C6600008000000010400000100000004000400B4
:10C6700008000100000000000000000000000000B1
:10C6800000000000000000000000000000000000AA
:10C69000000000000000000000000000000000009A
:10C6A000000000000000000000000000000000008A
:10C6B000000000000000000000000000000000007A
:10C6C000000000000000000000000000000000006A
:10C6D000000000000000000000000000000000005A
:10C6E000000000000000000000000000000000004A
:10C6F000000000000000000000000000000000003A
:10C700000000000000000000000000000000000029
:10C710000000000000000000000000000000000019
:10C720000000000000000000000000000000000009
:10C7300000000000000000000000000000000000F9
:10C7400000000000000000000000000000000000E9
:10C7500000000000000000000000000000000000D9
:10C7600000000000000000000000000000000000C9
:10C7700000000000000000000000000000000000B9
:10C7800000000000000000000000000000000000A9
:10C790000000000000000000000000000000000099
:10C7A0000000000000000000000000000000000089
:10C7B0000000000000000000000000000000000079
:10C7C0000000000000000000000000000000000069
:10C7D0000000000000000000000000000000000059
:10C7E0000000000000000000000000000000000049
:10C7F0000000000000000000000000000000000039
:10C800000000000000000000000000000000000028
:10C810000000000000000000000000000000000018
:10C820000000000000000000000000000000000008
:10C8300000000000000000000000000000000000F8
:10C8400000000000000000000000000000000000E8
:10C8500000000000000000000000000000000000D8
:10C8600000000000000000000000000000000000C8
:10C8700000000000000000000000000000000000B8
:10C8800000000000000000000000000000000000A8
:10C890000000000000000000000000000000000098
:10C8A0000000000000000000000000000000000088
:10C8B0000000000000000000000000000000000078
:10C8C0000000000000000000000000000000000068
:10C8D0000000000000000000000000000000000058
:10C8E0000000000000000000000000000000000048
:10C8F0000000000000000000000000000000000038
:10C900000000000000000000000000000000000027
:10C910000000000000000000000000000000000017
:10C920000000000000000000000000000000000007
:10C9300000000000000000000000000000000000F7
:10C9400000000000000000000000000000000000E7
:10C9500000000000000000000000000000000000D7
:10C9600000000000000000000000000000000000C7
:10C9700000000000000000000000000000000000B7
:10C9800000000000000000000000000000000000A7
:10C990000000000000000000000000000000000097
:10C9A0000000000000000000000000000000000087
:10C9B0000000000000000000000000000000000077
:10C9C0000000000000000000000000000000000067
:10C9D0000000000000000000000000000000000057
:10C9E0000000000000000000000000000000000047
:10C9F0000000000000000000000000000000000037
:10CA00000000000000000000000000000000000026
:10CA10000000000000000000000000000000000016
:10CA20000000000000000000000000000000000006
:10CA300000000000000000000000000000000000F6
:10CA400000000000000000000000000000000000E6
:10CA500000000000000000000000000000000000D6
:10CA600000000000000000000000000000000000C6
:10CA700000000000000000000000000000000000B6
:10CA800000000000000000000000000000000000A6
:10CA9000000000000000000000F459B20000000097
:10CAA000FFF75E9F0000000000F463B1000000008B
:10CAB000FFF7419D00000000FFF76D9C00000000A3
:10CAC000F3F7AE9800000000E9F7679E0000000051
:10CAD000E5F7989D00000000E4F7829F0000000049
:10CAE000D3F77C9B00000000CFF7EC99000000001A
:10CAF000C9F7D89E00000000C8F75A9F0000000048
:10CB0000C8F7B49C00000000C2F7549F000000006A
:10CB1000C0F7449C00000000C0F7329A00000000FB
:10CB2000BFF78C9D00000000BFF7569F000000007B
:10CB3000C2F71E9D00000000E1F7C29C000000004B
:10CB4000BFF7049800000000BEF7A69E000000009A
:10CB5000BDF77C9F00000000BBF76D9C000000004B
:10CB6000A2F73E9D00000000B7F7E29A0000000027
:10CB7000DDF7329B00000000B9F7889E000000003E
:10CB8000B2F7669B00000000B2F7F69A00000000C2
:10CB9000B2F77C9900000000B1F7869A000000000F
:10CBA000DAF7669C00000000B0F76E9E00000000FF
:10CBB000C1F7FE9A00000000AEF73B9B00000000AA
:10CBC000A0F7F69D00000000A0F7169C00000000F2
:10CBD000ABF7F09E00000000A2F7E09C0000000010
:10CBE000A2F7DE9A00000000A0F7FB98000000000A
:10CBF0009FF7AE9F000000009EF7B699000000006E
:10CC00009DF77C9D000000009BF7329D0000000016
:10CC10009AF7F89F00000000A0F7E09E00000000D7
:10CC2000A0F70F9F0000000099F7DE9A00000000B7
:10CC3000A0F7939C00000000D7F7289F0000000099
:10CC4000D7F71C9A00000000D7F7169C00000000E0
:10CC5000D9F78A9C0000000093F7709A000000004A
:10CC600093F776990000000093F7CD9D0000000037
:10CC700093F77D9B0000000093F7B89A0000000036
:10CC800092F7649F0000000092F7029D00000000F0
:10CC900092F7D29A0000000092F70099000000007D
:10CCA00092F714980000000092F7129B0000000019
:10CCB0008FF7249900000000D7F7449B0000000084
:10CCC000D7F7129B00000000D6F7989E00000000E6
:10CCD0008CF7539C000000008CF7939D000000002F
:10CCE0008BF74B9F000000008CF78E99000000002E
:10CCF00089F7749E000000000000000000000000A2
:10CD00000000000000000000000000000000000023
:10CD10000000000000000000000000000000000013
:10CD20000000000000000000000000000000000003
:10CD300000000000000000000000000000000000F3
:10CD400000000000000000000000000000000000E3
:10CD500000000000000000000000000000000000D3
:10CD600000000000000000000000000000000000C3
:10CD700000000000000000000000000000000000B3
:10CD800000000000000000000000000000000000A3
:10CD90000000000000000000000000000000000093
:10CDA0000000000000000000000000000000000083
:10CDB0000000000000000000000000000000000073
:10CDC0000000000000000000000000000000000063
:10CDD0000000000000000000000000000000000053
:10CDE0000000000000000000000000000000000043
:10CDF0000000000000000000000000000000000033
:10CE00000000000000000000000000000000000022
:10CE10000000000000000000000000000000000012
:10CE20000000000000000000000000000000000002
:10CE300000000000000000000000000000000000F2
:10CE400000000000000000000000000000000000E2
:10CE500000000000000000000000000000000000D2
:10CE600000000000000000000000000000000000C2
:10CE700000000000000000000000000000000000B2
:10CE800000000000000000000000000000000000A2
:10CE90000000000000000000000000000000000092
:10CEA0000000000000000000000000000000000082
:10CEB0000000000000000000000000000000000072
:10CEC0000000000000000000000000000000000062
:10CED0000000000000000000000000000000000052
:10CEE0000000000000000000000000000000000042
:10CEF0000000000000000000000000000000000032
:10CF00000000000000000000000000000000000021
:10CF10000000000000000000000000000000000011
:10CF20000000000000000000000000000000000001
:10CF300000000000000000000000000000000000F1
:10CF400000000000000000000000000000000000E1
:10CF500000000000000000000000000000000000D1
:10CF600000000000000000000000000000000000C1
:10CF700000000000000000000000000000000000B1
:10CF800000000000000000000000000000000000A1
:10CF90000000000000000000000000000000000091
:10CFA0000000000000000000000000000000000081
:10CFB0000000000000000000000000000000000071
:10CFC0000000000000000000000000000000000061
:10CFD0000000000000000000000000000000000051
:10CFE0000000000000000000000000000000000041
:10CFF0000000000000000000000000000000000031
:10D000000000000000000000000000000000000020
:10D010000000000000000000000000000000000010
:10D020000000000000000000000000000000000000
:10D0300000000000000000000000000000000000F0
:10D0400000000000000000000000000000000000E0
:10D0500000000000000000000000000000000000D0
:10D0600000000000000000000000000000000000C0
:10D0700000000000000000000000000000000000B0
:10D0800000000000000000000000000000000000A0
:10D090000000000000000000000000000000000090
:10D0A0000000000000000000000000000000000080
:10D0B0000000000000000000000000000000000070
:10D0C0000000000000000000000000000000000060
:10D0D0000000000000000000000000000000000050
:10D0E0000000000000000000000000000000000040
:10D0F0000000000000000000000000000000000030
:10D10000000000000000000000000000000000001F
:10D11000000000000000000000000000000000000F
:10D1200000000000000000000000000000000000FF
:10D1300000000000000000000000000000000000EF
:10D1400000000000000000000000000000000000DF
:10D1500000000000000000000000000000000000CF
:10D1600000000000000000000000000000000000BF
:10D1700000000000000000000000000000000000AF
:10D18000000000000000000000000000000000009F
:10D19000000000000000000000000000000000008F
:10D1A000000000000000000000000000000000007F
:10D1B000000000000000000000000000000000006F
:10D1C000000000000000000000000000000000005F
:10D1D000000000000000000000000000000000004F
:10D1E000000000000000000000000000000000003F
:10D1F000000000000000000000000000000000002F
:10D20000000000000000000000000000000000001E
:10D21000000000000000000000000000000000000E
:10D2200000000000000000000000000000000000FE
:10D2300000000000000000000000000000000000EE
:10D2400000000000000000000000000000000000DE
:10D2500000000000000000000000000000000000CE
:10D2600000000000000000000000000000000000BE
:10D2700000000000000000000000000000000000AE
:10D28000000000000000000000000000000000009E
:10D290000000000000000000D41B8000040000001B
:10D2A00000080000B422800004000000080800000C
:10D2B000782380000400000010080000C4278000CC
:10D2C000040000001808000030288000040000005E
:10D2D00020080000D8178100040000002808000082
:10D2E00000D0810004000000300800001C148200FF
:10D2F0000400000038080000283882000400000004
:10D30000400800006C66830004000000480800002C
:10D31000ACAD830004000000500800000808840041
:10D3200004000000580800001C1A840004000000DB
:10D3300060080000982284000400000068080000D3
:10D340002C8A84000400000070080000D8BE84000D
:10D350000400000078080000C0BF84000400000042
:10D360008008000010C3840004000000880800004A
:10D3700078C9840004000000900800002C9184000B
:10D3800004000000980800000C4C8200040000001B
:10D39000A0080000FCD9840004000000A8080000D8
:10D3A00084E3840004000000B008000018EC84004E
:10D3B00004000000B80800000C19850004000000FB
:10D3C000C008000084C0860004000000C8080000F7
:10D3D0004466850004000000D008000010A282000E
:10D3E00004000000D8080000003B85000400000095
:10D3F000E008000084B6850004000000E808000092
:10D40000E8B6850004000000F0080000CCBA8500F2
:10D4100004000000F8080000F8C8850004000000BF
:10D4200000090000B0BE82000400000008090000EE
:10D43000ACD485000400000010090000E09B8400CB
:10D440000400000018090000B8FB8500040000007B
:10D450002009000038E386000400000028090000CD
:10D460006CEA8600040000003009000028258600D0
:10D470000400000038090000F0C08600040000002D
:10D48000400900003CC38600040000004809000079
:10D4900018F98600040000005009000064FA8600B4
:10D4A000040000005809000044098700040000003F
:10D4B00060090000101387000400000068090000E4
:10D4C0001033870004000000700900005C3B8700F7
:10D4D0000400000078090000A0D9860004000000C4
:10D4E0008009000058DA8600040000008809000066
:10D4F000B8608700040000009009000018E0860072
:10D500000400000098090000ACE482000400000060
:10D51000A009000058EF820004000000A8090000E4
:10D52000E4F1820004000000B0090000C0F28200B3
:10D5300004000000B8090000D4D1870004000000F6
:10D54000C0090000D4D4870004000000C80900000E
:10D55000BCD6870004000000D0090000F4D9870081
:10D5600004000000D8090000C0DA870004000000B1
:10D57000E0090000DCDC870004000000E80900008E
:10D58000F8DC870004000000F009000088DD870057
:10D5900004000000F80900007CE28700040000009D
:10D5A000000A0000CCE3870004000000080A000025
:10D5B000F4E5870004000000100A000090268800AF
:10D5C00004000000180A0000A40B830004000000FF
:10D5D000200A00007C0E830004000000280A0000DE
:10D5E0000819830004000000300A00005058880029
:10D5F00004000000380A00002059880004000000E0
:10D60000400A0000D462880004000000480A0000BC
:10D610008469880004000000500A0000DC9888003B
:10D6200004000000580A00006846836941690BB590
:10D6300003695A4651460EB44A46414606B4C36889
:10D6400082684168FEB40368C269EFF303810EB4D7
:10D650008269EFF3058106B4034801680029FED012
:10D660006846884714B000BD3C14000062B670479D
:10D6700072B6704704490840002803D003490A687D
:10D6800002430A6070470000FFFF000000E100E075
:10D6900004490840002804D003490A68C0430240F6
:10D6A0000A607047FFFF000080E100E0024909685E
:10D6B000902288587047000044140000024909680D
:10D6C0009C2288507047000044140000DDBAADBBB6
:10D6D000000000000000000000000000000000004A
:10D6E000000000000000000000000000024A116875
:10D6F0001060081C704700003C1400005648574951
:10D7000000220A500168564A0A40564F0F403F42D5
:10D7100006D15046004202D04046004229D1FEE7E1
:10D72000FC2141580A680F2313400F2BF1D0012B25
:10D7300001D00431F6E708314B4B13404B4CA34268
:10D7400006D100F0C1F8804600F0CAF88146E9E74A
:10D75000474CA342E6D10B1F1B68464C23401824BC
:10D76000E3409C4600F0B0F8824600F0B9F88346EA
:10D77000D8E7414921224250374A40498958FF237E
:10D78000194219D051683E4B194215D01168344BDB
:10D790001940D36A10E0A3420ED0C0460CE03949CC
:10D7A0008958194208D03849895819409942FAD104
:10D7B000364B11691942FCD049463F4204D19823A7
:10D7C000CB581024E34001E0314BCB581C242340BC
:10D7D000002B01D000F092F840462E4908604846E0
:10D7E0002D49086050462D49086060462C49086064
:10D7F0002C490F602C4D2D490D602D482D490022DC
:10D8000004C08142FCD8043DAD46009DEC4310238A
:10D81000DD41AC4210D1240CA400274D2C606B4696
:10D820001B1B2648264D2860002C05D01D6805606E
:10D8300004330430043CF9DC81B0224B1B490D68F1
:10D84000ED1A0D606C46E41AA54668460009000111
:10D85000854600F0D7FCFEE7000000181406000023
:10D86000FFFF0000000000F000FF0F00002A08008A
:10D87000000E0800000000FFE001000004060000A8
:10D8800000003800180600000C0600000010000020
:10D890000804000044140000481400004C14000068
:10D8A000501400004014000000000800945C0100C7
:10D8B000BC5F01009C6601009C5C01008C7502004D
:10D8C000985C01000000010008680F22043102404A
:10D8D000052AF9D1014A1040F746000000F0FFFF89
:10D8E00008680F2204310240052AF9D18022104233
:10D8F000F6D0014A1040F74600F0FFFFFEE70000B7
:10D9000000487047BC5F010000487047FC5F0100A1
:10D9100000487047606001000048704708600100DF
:10D9200003F04ABA01238B402DE9F74FB3F5001FEE
:10D9300028BF4FF40013042B38BF04230330019396
:10D9400020F00304FFF7E0FF354B0022D3F800B0CE
:10D9500015469446134627E0D1F800A0A24522D3ED
:10D9600001F10807019E07EB0A08C6F10009C4EBA4
:10D97000080609EA0606BE4215D3DDF8049009F14F
:10D98000FF3919EA070FCDF8009002D0F71B072FD7
:10D9900009D9C4EB0A075F4505D2424635466FB147
:10D9A000BB4684460B46084641680029D4D13BB9A2
:10D9B0001C4A18461168013111602FE084460B465D
:10D9C000521B111B072909D918682A19401A08394E
:10D9D00018602951596851605A6022461968891A9D
:10D9E000072903D85A68CCF8042004E05A50A1F162
:10D9F00008021A605B180C48002219685A60026815
:10DA00008A18026009480168083101608918084ACB
:10DA10001068814288BF116003F10800BDE8FE8FE5
:10DA2000F4030000F00300001404000048040000A8
:10DA30000460010038B5194B50F8082C19680546E8
:10DA40008A1A1A60164BA0F108041A68083A1A607C
:10DA5000FFF75AFF02E0A34203D218464368002BA7
:10DA6000F9D155F8082CA9188B4205D119685B68C3
:10DA70005218083245F8082C6360036803F1080265
:10DA80008218A24207D155F8082C9B18083303606E
:10DA90006368436000E04460002038BD1404000067
:10DAA0004804000010B500214022044605F04ADC7D
:10DAB000104B2360104B6360104BA360104BE3606E
:10DAC000104B2361104B6361104BA361104BE3615A
:10DAD000104B2362104B6362104BA362104BE36246
:10DAE000104B2363104B6363104BA363104BE36332
:10DAF00010BD00BF00000000F8370100F83701003A
:10DB0000915C0100945C0100BC5F0100BC5F0100FE
:10DB10009C6601009C660100FCB60200FCB6020097
:10DB20008C6A0300FC0000000001000000000000FF
:10DB300000000000F0B52D4D91B06846FFF7B2FF30
:10DB40002978002937D10898099C241A06D0224642
:10DB500005F0F8DB0898214609F06EDD22462449DD
:10DB6000244805F015DC244B00241C7001232B7085
:10DB7000224D09F091DC2B68002B33D01A78002A53
:10DB800030D09F895E890CE02B681D4AD9891068C6
:10DB90000AF076DC0134014630B1184B186806F003
:10DBA000B1DBA319BB42EFDB164B296818680122D1
:10DBB00006F0ECDB16E0144E317899B90A980B9C0C
:10DBC000241A06D0224605F0BDDB0A98214609F04A
:10DBD00033DD08480D49224605F0DADB00232B70BF
:10DBE0000123337009F058DC11B0F0BDFC030000D4
:10DBF0009AFB8800553901001460010044040000BC
:10DC0000900400002C0400006C600100521E89008A
:10DC1000014B1868704700BF945C010000207047FA
:10DC20002DE9F04F9DB00AA8FFF73CFFFFF7F0FF8A
:10DC30000446FFF7F3FF0A9B0B9A0F99D21A0E9B2B
:10DC40000D9DC3EB01091199109B6E4ECB1A0C99D7
:10DC5000DFF80082C1EB050B93443268D8F800105E
:10DC600002F50052521A4A44D2185A441419241880
:10DC70000994DFF8E4A1644C644F2268DAF800509C
:10DC80006348AD183A680893C5EB020CCDF81CC088
:10DC900005F07EDB089B09F57E71019303F57E7329
:10DCA00007339B0A07310BF57E72890A073202930C
:10DCB0000823920A0091039359464B46554805F0B4
:10DCC00067DB336820683968DDF81CC00190039376
:10DCD00000F57E7003F57E730CF57E7601F57E729D
:10DCE00007300733800A9B0A07320736B60A920AC2
:10DCF0000290049348486346009605F049DB099971
:10DD000005F57E7201F57E7307339B0A0732920A8E
:10DD100000932946099B414805F03ADB404B414FAF
:10DD20001968414805F034DB3968404B0A684646BB
:10DD30009A4203D03E4805F02BDB25E01A910B46B2
:10DD400004E015683948131D854203D11A461BAB00
:10DD50009A42F6D333681AAD009336482B461A928E
:10DD600005F016DB3B681A9AE91A3348D31A0A46BB
:10DD7000009305F00DDB33681A9A591B2F489B1A44
:10DD80000A46009305F004DB2D4B1B684BB31A7851
:10DD90003AB35989DD891A8901FB05F638354D43B7
:10DDA00006F57E7307339B128DE8280005F57E7318
:10DDB00007339B1202932348334605F0E9DA2368C0
:10DDC000DAF80020991B9B185B1B03F57E7001F5A8
:10DDD0007E720730800A07320090920A1A4805F0D6
:10DDE000D7DA1A4B1D6809F081DD044609F078DDA9
:10DDF000294603462246164805F0CADA1DB0BDE89A
:10DE0000F08F00BF0460010014040000F403000060
:10DE10008839010097390100D63901001B3A010009
:10DE2000F003000068600100563A01004B41545372
:10DE3000713A0100953A0100CC3A0100F13A010033
:10DE400044040000173B0100443B010004040000AF
:10DE50006C3B0100106001004804000008B57146E9
:10DE6000034805F095DA0120BDE8084009F0249E3A
:10DE70009A3B010000487047186001002DE9F3410A
:10DE800007460C4609F032DD10B909F035DD3AE0FD
:10DE9000002620460DF106016A46ADF806600096A0
:10DEA00007F103080AF072D9009D28F003084544E1
:10DEB00040F638039D4226D82DB328463146FFF759
:10DEC00031FD0446F8B13146009A05F03BDA009B7B
:10DED000A781ED1AE218C8EB050802EB0803A3605E
:10DEE0006368013D62F3140363601B0C65F34F1319
:10DEF000E380204609F0DEDC01232080A370BDF81A
:10DF00000630E38104E0044B00241A6801321A60F1
:10DF10002046BDE8FC8100BF4C04000038B5044633
:10DF2000E389590621D4A278013AD2B2A270002A1C
:10DF300027D1E27862B1134B204653F82250E98989
:10DF40000AF0D4D928462146BDE8384006F0509A58
:10DF5000DA0516D40C4B2046A360218809F0D4DCE6
:10DF60002046BDE83840FFF765BD074B2046A3605B
:10DF70002188A56B09F0C8DC2046FFF75BFD2C4625
:10DF8000CEE738BD50610100EFBEADDEF8B51F4EE3
:10DF900001220D463068002102F0AAFF002108226C
:10DFA0000746306802F0A4FF022D014610D107EAAF
:10DFB000000414F4806406D0306821F480610022EB
:10DFC00002F096FF2C46FA041ED544F004041BE030
:10DFD000052D10D107F40064D4F1010438BF0024EA
:10DFE000BB0511D5306841F48061002202F080FF4A
:10DFF00044F0200408E035B9306829460522BDE820
:10E00000F84002F075BF00242046F8BD000400006F
:10E0100029B9034B11461868072202F069BF7047FF
:10E02000000400002DE9FF470446FFF723FF2368A3
:10E03000C462032B03D1474B18680FF0EFD9236854
:10E04000A3F110020F2A04D804B0BDE8F04709F08C
:10E05000CF9B032B0FD1404AE36C22F00102934285
:10E0600009D1626C06339361636C4FF0FF321A6022
:10E0700004B0BDE8F087656CFFF7CAFD374E636CEE
:10E08000F169C3EB000A3268354805F081D9A36C09
:10E0900021680093636C22460193A3683148029380
:10E0A000E36800270393E36C05F072D9E36904F198
:10E0B00010010093236A2C480193636A4FEA9A0A7D
:10E0C0000293A36AB94603930EC905F061D9A36B05
:10E0D00004F12C010093E36B24480193236CB846B0
:10E0E00002930EC905F054D9EB682148009395E8D6
:10E0F0000E0005F04DD9EB6905F1100100931D48A4
:10E100000EC905F045D918E07A59D3070FD5FF2A73
:10E110000DD9194B9A4204D902F16243B3F5801F1D
:10E1200005D81648394605F033D909F101090437F5
:10E13000B9F10F0F08F1010801D8D045E4D13368D7
:10E14000002043F4806386E8180004B0BDE8F0477F
:10E1500009F0B29C00040000D1C080007060010092
:10E16000C63B0100DC3B0100113C0100443C0100C6
:10E17000733C0100913C0100F8370100AF3C010005
:10E18000036810B5022B044603D0084B18680BF047
:10E19000BDDE2046FFF746FF2368022B05D0034B68
:10E1A0001868BDE810400BF0F19E10BD000400009F
:10E1B000014B1868704700BFB46001002DE9F041C1
:10E1C00004464C200E46154698460AF0D1D807461C
:10E1D000A0B100214C2205F0B5D84FF4F0637B6369
:10E1E0004FF47A73FB631C233B640C237B6404238E
:10E1F000C7F80C803E607D60BC60BB643846BDE8FB
:10E20000F081704710B515F04BFF15F059FF15F070
:10E21000B3F816F005F8044615F06CF820461BF02C
:10E22000D9FCFFF787FC2046BDE8104009F0AE9A04
:10E23000002301E0013340080028FBD1C3F1200096
:10E240007047C0177047431E23EA0000FFF7F9BF6D
:10E250004840FFF7F8BF22EA000208401043704729
:10E2600008B5FFF7F8FFC0B208BD2DE9F843DDF8A7
:10E27000208006460D4614469946002707E0E95DD2
:10E28000E25D3046FFF7ECFF08F8070001374F4525
:10E29000F5D1BDE8F8830379013BDBB2A3EB511361
:10E2A00000EB83008068D0F1010038BF0020704788
:10E2B00010F0010130B51AD002230122591E0124A9
:10E2C0009DB214FA01F1202D02D09C40013C01E0E6
:10E2D0004FF0FF3400FB02F52C40A14234BF8918F7
:10E2E00011460133212B0A46E8D1084630BD0846C5
:10E2F00030BD38B5054600F51770FEF3BDF70024B4
:10E300000AE004F1760005EB8000436813B10430A5
:10E31000FFF304F70134A4B2B5F85831A342F0D8A2
:10E3200038BD2DE9F041061D9AB00446043130464F
:10E3300004321D46FEF384F60746002D30D02046F9
:10E3400001210AAA202305F10408FFF3FDF647B9CD
:10E3500020462946FFF368F60028D4BF002001209C
:10E3600000E001200021FFF773FF314605464246D9
:10E370003046FFF3FBF4012112AA20232046FFF3CD
:10E38000E3F602AEE8B20AA912AA20230096FFF72C
:10E390006CFF63682046012132469B0000F0AEDA34
:10E3A0001AB0BDE8F081F0B5071D9BB004460431FA
:10E3B000384604321D46FFF3D9F4064625B3202320
:10E3C0000AAA01212046FFF3BFF630460021FFF7DD
:10E3D0003FFF2A1D064639463846FEF331F6012135
:10E3E00012AA20232046FFF3AFF602ADF0B20AA92D
:10E3F00012AA20230095FFF738FF63682046012109
:10E400002A469B0000F07ADA1BB0F0BD2DE9F041FE
:10E41000B8B0154606468846FFF3C4F66A68044657
:10E4200002329300502B4FD8D8F8043003339B00AE
:10E43000902B49D824A9FFF379F50746002844D04A
:10E440006A6805F10801920026A804F0F7DED8F802
:10E450000420204669460332FFF368F5044600288D
:10E4600033D02846FFF3A2F66D686D01451B00E02E
:10E47000203515F11F0FFBDB20464146FFF306F662
:10E480003DB13846294600F079DA2046294600F0A9
:10E4900075DA201D391DFFF39FF220463946FFF340
:10E4A000C3F5002805DB204621463A460023FFF746
:10E4B0007AFF1DB12046694200F060DA30462146FD
:10E4C000FFF3E4F5012000E0002038B0BDE8F08162
:10E4D00008B528B1FFF36AF6D0F1010038BF00207B
:10E4E00008BD2DE9F0410446ACB00D461646FFF3D9
:10E4F00059F66B6862682B94B2EB430F01D3201D71
:10E5000008E001210022DB00FFF3CAF42B90002871
:10E510004ED00430291DFFF3DBF23046FFF7D8FF61
:10E520000121FFF795FE20230BAA012180462046FA
:10E53000FFF30AF62B981BAD201A18BF012001210A
:10E54000FFF786FE2B9907462046FFF39FF5012132
:10E5500013AA20232046FFF3F7F5F8B213A90BAA5C
:10E5600020230095FFF781FE01212A462023204623
:10E57000FFF3EAF5324620462B99FFF747FF0646A0
:10E58000B8B1012123AA20232046FFF3DDF503AE15
:10E590005FFA88F023A92A4620230096FFF765FE3C
:10E5A0003246204601212023FFF3CEF5012600E06C
:10E5B00006462B9B9C4202D02BA8FFF3AFF53046BA
:10E5C0002CB0BDE8F0812DE9F74FD2F804A007790F
:10E5D0005FFA8AF991F80480144600F1080609F1FF
:10E5E000FF390D4630460021BA005FFA89F9083438
:10E5F00004F0A8DE013F08F1FF3104EB890B6FEA5C
:10E600000909C9B24FEA8909FFB208354FEA8808FB
:10E6100005EB8105CDF80490002306EB8706C8F1D1
:10E62000000900211DE05FFA8AF84FEA88085C467D
:10E63000C8EB0608304600270DE03A46076854F854
:10E6400004C90023D2196F5843F10003E7FB0C23E0
:10E6500040F804291F464045EFD101980439335052
:10E66000043E4945DFD10020BDE8FE8F2DE9F04F83
:10E67000BDB088464699D0F80C900C1D856803946F
:10E6800000684C6808F10401049109F10401059146
:10E690000790114628461A460023FFF794FF98F882
:10E6A000042099F804302E790892002109F108001D
:10E6B0009A000835069306F1FF3A04F043DE03980A
:10E6C00005EB8A0AA50040194FEAC40B0A90CBEB70
:10E6D0000A0B5146A4460020AE462BE00B68079A71
:10E6E0000A9F53430E4609932546002002910EE0EF
:10E6F00057F8043931680B93002342180B98099995
:10E7000043F10003E1FB002346F80429184615F104
:10E71000FF35EDD20299A5004D1B07E01E680023CE
:10E72000821943F1000345F804291846AB452B46EE
:10E73000F4D304391CF1FF3CD0D2059A069B7546F0
:10E7400002EB8306CBF80000CEEB0A0A2246002338
:10E7500003E05AF80310F150043B013A971CF8D13A
:10E760000021D9F80800FFF773FD0599039A0746C1
:10E770000498FFF3FBF202212B4640460CAAFFF35C
:10E78000E3F40498089900EB810303E056F80429A8
:10E7900043F8042914F1FF34F8D202211CAA2B46B5
:10E7A0004046FFF3D1F42CACF8B21CA90CAA2B46BE
:10E7B0000094FFF75AFD4046022122462B4600F006
:10E7C0009DD800203DB0BDE8F08F2DE9F04F044604
:10E7D0008BB0184609921F460891FFF3E3F47B685B
:10E7E00004F5AC7206929B00002200250590A4F867
:10E7F000582107932E4668E004EB8609D9F80410E7
:10E80000002960D00698FFF3D7F0804600285AD13F
:10E8100001214246079B0598FFF342F305F1200AC8
:10E8200004EB8A0ACAF85C01D9F8040004EB8503FA
:10E83000C3F85C01FFF7FCFCC0F11F00C0B20490FC
:10E840000999DAF85C01FFF321F4C146DDF810A064
:10E8500032E04FF0010B05F1200884F860B204EBC0
:10E860008808D8F85C1104F5177C60460A460B4608
:10E87000CDF80CC00097FFF7F9FE049ADDF80CC044
:10E8800053B2C9EB03030BFA03FB04EB86035B688B
:10E890001BEA030F0AD0002384F86032D8F85C1119
:10E8A0006046089A0B460097FFF7E0FE0AF1FF3A30
:10E8B0005FFA8AFA09F101091AF0800FC9D001350F
:10E8C000EDB2A4F858510136F6B294F84431B3428F
:10E8D00092D801200BB0BDE8F08F2DE9F04F8346B0
:10E8E000ADF52F7D18461C4689469246FFF35AF433
:10E8F000676801258046BE0000212422A1A804F0FB
:10E9000021DD2946002233464046A195FFF3C8F297
:10E91000294600223346AB904046FFF3C1F2294618
:10E9200000223346AC904046FFF3BAF202217B1935
:10E930008B40AD90A1AA4046FFF3B2F2AA90AB98EB
:10E9400000F008D8267904F10805013EF6B255F822
:10E95000260010F0010000F093804946AA9A234651
:10E96000AC98FFF32DF72346AB99AA9AAD98FFF325
:10E9700027F755F82600FFF79BFC002105464FF4CA
:10E980001E7203A804F0DEDC05236A4221469AA821
:10E990008DF80C30FEF37CF4514603A8FEF3DEF351
:10E9A000234603A8AC99AD9AFFF70FFF9DF850716D
:10E9B00007F1FF381FFA88F80FFA88F3002B4FDBB6
:10E9C00003A800EB8303596859A8FEF3BBF61F2880
:10E9D00046D803A901EB8003D3F8DC11AD98FFF30F
:10E9E00055F3C8F1000800252DE0AD9901238DF8FD
:10E9F0006C329AA80A460B460094FFF737FEBB1EFE
:10EA00001BB203A8EA18C3185B1993F80431314606
:10EA100001369942E9DB00EB8203596891B100238A
:10EA200059A88DF86C32FEF38DF61F2818D803A96B
:10EA300001EB8003AD990094D3F8DC219AA80B4632
:10EA4000FFF714FE013D45454FF00006D7D19AA8C7
:10EA50005946AD9AAB9B8DF86C620094FFF706FEA9
:10EA600003A8FFF746FCACA8FFF358F3ADA8FFF3EB
:10EA700055F3ABA8FFF352F3AAA8FFF34FF301201D
:10EA80000DF52F7DBDE8F08F2DE9F04FB3B0039069
:10EA900018461C468A469346FFF384F3D4F8049044
:10EAA000012509F10107BF0080464FEA89060021D0
:10EAB0003A4605A804F046DC294600223346404683
:10EAC0000595FFF3EDF12946002233462E9040468E
:10EAD000FFF3E6F12946002233462F904046FFF32C
:10EAE000DFF129460022334630904046FFF3D8F14B
:10EAF00002213B46319005AA4046FFF3D1F12D900B
:10EB00002E98FFF327F7267904F10805013EF6B2A7
:10EB100055F82600DAF8047010F0010000F08B8040
:10EB200051462D9A23462F98FFF34AF62E992D9A97
:10EB300023463098FFF344F655F82600FFF7B8FB5C
:10EB40007F014242214626A8FEF3A2F3013F01E0E5
:10EB5000A6F12007BEB258463146FFF79CFB0028BD
:10EB6000F6D109F1FF393FB20BF1080AA9EB67179B
:10EB70005AF82700FFF75CFB361A3BE03099012575
:10EB80000A460B4626A88DF89C500094FFF76EFDB0
:10EB9000294616AA20233098FFF3D6F230994FF079
:10EBA00000080B462F9A26A88DF89C800094FFF74A
:10EBB0005DFD1EAA294620233098FFF3C5F206F01A
:10EBC0001F0015FA00F0A9EB67175AF827304146E5
:10EBD0001840FFF73DFB0EAFC0B216A91EAA2023B6
:10EBE0000097FFF742FB309829463A462023FFF36F
:10EBF00085F6013EB6B237B2002FBFDA0023039983
:10EC0000309A8DF89C3026A82E9B0094FFF72EFD9D
:10EC100026A8FEF331F32FA8FFF380F230A8FFF30C
:10EC20007DF22EA8FFF37AF22DA8FFF377F231A838
:10EC3000FFF374F2012033B0BDE8F08F2DE9F04FFF
:10EC4000BFB0039018461D4689469246FFF3AAF2CC
:10EC50006E6802230124B60000278DF8F7300A23DE
:10EC60003C9321463A463346804637973B978DF88A
:10EC7000F640FFF315F121462D903A4633464046C3
:10EC8000FFF30EF121462E903A4633464046FFF3FD
:10EC900007F102212F903A4633464046FFF300F138
:10ECA000214630903A4633464046FFF3F9F021467C
:10ECB00031903A4633464046FFF3F2F02146329017
:10ECC0003A4633464046FFF3EBF0214633903A464E
:10ECD00033464046FFF3E4F0214634900DF1F6024E
:10ECE00023463398FFF30AF621460DF1F702234637
:10ECF0003498FFF303F621463A4633464046FFF385
:10ED0000CFF0214635903A4633464046FFF3C8F0EF
:10ED1000214636903A4633464046FFF3C1F021463D
:10ED200038903A4633464046FFF3BAF021463990D0
:10ED30003A4633464046FFF3B3F021463A903CAAA8
:10ED400023463098FFF3DAF530982B4602462946E1
:10ED5000FFF729FB03992A462D98FFF7C2FB2B46A4
:10ED600030992D9A2E98FFF32BF52E992A462F983D
:10ED7000FFF7B7FB2E982F9A01462B46FFF7D1FAE3
:10ED80002E98FFF7A5FB2146FFF762FA2946844635
:10ED9000349A2F982B46CDF808C0FFF704FB2E9924
:10EDA0002F9A2B463198FFF76FFE4A462B46309933
:10EDB0002E98FFF305F52E9829460246FFF374F2CC
:10EDC00051462E9A2B463598FFF3FAF452462B46BD
:10EDD0002E982946FFF7E7FA484629462F9AFFF36F
:10EDE00063F22E982F9A01462B46FFF3E9F42F98F1
:10EDF0003399319A2B46FFF794FA2E992F9A2B4686
:10EE00003698FFF3DDF4202321461DAA3598FFF341
:10EE10009BF12023214625AA3698FFF395F1DDF8D2
:10EE200008C00DF1540B5FFA8CF01DA925AA3346DA
:10EE3000CDF800B0FFF719FA334621465A4640464E
:10EE4000FFF32EF02A46014637902E98FFF749FB34
:10EE50002E98379A01462B46FFF3B2F44946379A6B
:10EE60002B462F98FFF3ACF42E982F9A01462B4691
:10EE7000FFF757FA524639982E992B46FFF751FA69
:10EE800030992D9A2B462E98FFF39AF42B462E9903
:10EE9000379A3898FFF394F438992A462E98FFF75A
:10EEA00020FB2E98389A01462B46FFF389F44946F9
:10EEB000389A2B462F98FFF383F42E982F9A014609
:10EEC0002B46FFF72EFA52463A982E992B46FFF71B
:10EED00028FA339A2B462E982946FFF764FA2E9883
:10EEE0002146FFF34BF52E982B4602463999FFF742
:10EEF000CBFD2E98FFF7ECFA214681462E98FFF3C2
:10EF0000AFF2214640EA0900FFF7A2F92146814607
:10EF10001DAA20233998FFF317F15FFA89F92023FE
:10EF2000214625AA3A98FFF30FF148461DA925AAC4
:10EF30003346CDF800B0FFF798F921465A463346DC
:10EF40004046FEF3ADF720233B9021461DAA37989B
:10EF5000FFF3FAF02023214625AA3898FFF3F4F0B6
:10EF60000DF1140A48461DA925AA3346CDF800A084
:10EF7000FFF77BF92023284621461DAAFFF3E4F082
:10EF800006F1FF393EAB994419F8843C03F00303C2
:10EF9000032B03D0444804F0FBD954E03A464046E2
:10EFA00021463346FEF37CF73B4680462946339A9A
:10EFB0002E98FFF7B6F92E980221FFF3DFF42B46C7
:10EFC0003B992E9A4046FFF75FFD21461DAA20235C
:10EFD0000398FFF3B9F025AA202321464046FFF30A
:10EFE000B3F019F8840C19F8641C00F0010001F06A
:10EFF0000101FFF72DF929462B46074642462E9878
:10F00000FFF7D1F921461DAA20234046FFF39CF0CB
:10F01000214625AA20232E98FFF396F00AEB060539
:10F02000F8B21DA925AA33460095FFF71EF921461F
:10F03000524633464898FFF361F4499821462A46E0
:10F040003346FFF35BF42DA8FFF368F02EA8FFF31F
:10F0500065F02FA8FFF362F031A8FFF35FF030A84E
:10F06000FFF35CF032A8FFF359F033A8FFF356F03A
:10F0700034A8FFF353F035A8FFF350F036A8FFF3A0
:10F080004DF037A8FFF34AF03BA8FFF347F038A84C
:10F09000FFF344F039A8FFF341F03AA8FFF33EF044
:10F0A00000203FB0BDE8F08FE93C01000048704708
:10F0B000883D010000487047103D0100004870473E
:10F0C0004C3D010000487047C43D0100012801D1BA
:10F0D000FFF7F0BF022801D1FFF7F0BF032801D1ED
:10F0E000FFF7F0BF042801D1FFF7E0BF0020704711
:10F0F00000487047DC60010000487047305D010047
:10F10000014B43F82010704750610100034B53F846
:10F110002000431A584240EB030070475061010041
:10F1200042893C2928BF3C21034691422CBF084616
:10F13000104698817047000000F13402342A08B567
:10F14000034606D905482021054A04F061D9034841
:10F1500008BD044A434252F8230008BD3061010053
:10F160007F3E01000CA2880038B5049C1D467CB18E
:10F17000FF2B0DD002B95BB96B1C2070A1706370BE
:10F1800025B11146E01C2A4604F058D8033564190D
:10F19000204638BDC0F3804070470000044B00F4A7
:10F1A0004032134303420CBF00200120704700BFD0
:10F1B000D091540038B50546FFF7F0FF38B10B4B3E
:10F1C0002B4033B915F4900418BF182402E004460C
:10F1D00000E01024284605F0BDDF20B1034B2B4092
:10F1E000002B18BF1024204638BD00BFC4D1040036
:10F1F00000487047685D0100004870477852010080
:10F200000020704708B5FFF7F3FF4178027801232B
:10F2100013FA01F113FA02F20A4381788B4042EAB1
:10F22000030008BD2DE9F7434FF0000804460F46E0
:10F23000164699464546012303FA08F313EA090FD7
:10F240002BD063692046222B0ADDE3695A0607D5D5
:10F2500040F6270100220EF0AFDA0146204600E01A
:10F2600000214FF4C4620EF047D9C0F800806369F2
:10F270002046222B0ADDE3695B0607D540F627010D
:10F2800000220EF099DA0146204600E0002140F20B
:10F2900024620EF031D903681D4308F10108B8F16A
:10F2A0001F0FC8D19DF828304BB145B10123009301
:10F2B00020462B4639463246FFF7B4FF0543284621
:10F2C000BDE8FE83816838B540F63C0399420446A8
:10F2D00028D1C3680B2B03D84FF0A871994001D4F3
:10F2E0000C2B1FD949F218239A4205D049F6404306
:10F2F0009A4217D10C4D00E00C4D63692046222B39
:10F300000ADDE369590607D540F6270100220EF011
:10F3100053DA0146204600E0002140F2DC620EF0A4
:10F32000EBD8056038BD00BF99010100B6010100AE
:10F3300038B543690446222B0ADDC3695D0607D54B
:10F3400040F6270100220EF037DA0146204601E0A0
:10F35000204600214FF4C0620EF0CED8056820464A
:10F3600005F07C05AD08FFF747FF03E08378AB426B
:10F3700007D00C3010B10388002BF7D12046FFF7DF
:10F380003FFF03884FF47A70584338BD70B5044688
:10F3900016460D460AF0B0DD94F86023094B0028AC
:10F3A00018BF0123012A94F8682308BFD4F85C33FE
:10F3B000012A0CBFD4F864236FF000422B60326046
:10F3C00070BD00BF0100820E2DE9FF471D46436955
:10F3D00090460022222B044689460292039209DDC0
:10F3E000C3695F0606D540F627010EF0E5D9014650
:10F3F000204601E0204600214FF4C4620EF07CD884
:10F400000560236A20460C2B636916DD222B0ADD7A
:10F41000E3695E0607D540F6270100220EF0CCD93D
:10F420000146204600E000214FF4C5620EF064D88A
:10F4300007683F0CBF05BF0D14E0222B0ADDE3690E
:10F44000590607D540F6270100220EF0B5D901462E
:10F45000204600E000214FF4C5620EF04DD8076849
:10F460003F0AFFB20123AB400026204649464246F0
:10F470000096FFF7D7FE0546012212FA06F32B424B
:10F4800007D00092204649464246FFF7CBFE25EAC8
:10F49000000501361F2EEFD1204602A903AAFFF76F
:10F4A00075FF029B002625EA030A35460123AB407F
:10F4B00013EA0A0F08D0204649464246EBB2FFF74E
:10F4C00083FF864238BF064601351F2DEED1B81C9A
:10F4D000801904B0BDE8F0872DE9F041069E04468E
:10F4E00015461F46FFF78EFE002870D010EA06086A
:10F4F00000EA07072CD063692046222B0ADDE36966
:10F500005A0607D540F6270100220EF055D90146CC
:10F51000204600E0002140F21C620DF0EDDF63693F
:10F520000646222B20460ADDE3695B0607D540F636
:10F53000270100220EF040D90146204600E00021BC
:10F5400040F21C620DF0D8DF036843EA0803336021
:10F55000002F2BD063692046222B0ADDE3695E066B
:10F5600007D540F6270100220EF026D90146204695
:10F5700000E000214FF4C3620DF0BEDF6369064670
:10F58000222B20460ADDE369590607D540F62701FC
:10F5900000220EF011D90146204600E000214FF470
:10F5A000C3620DF0A9DF03681F433760079B9A030E
:10F5B00005D4BDE8F0810A2008F0C8DB01E040F284
:10F5C000DD54D5F8E0319B0301D4013CF3D1BDE813
:10F5D000F081F7B51E4643690446222B0F461546B7
:10F5E0000BDDC3695A0608D540F6270100220EF04C
:10F5F000E3D800970146204602E00097204600210C
:10F600004FF0FF334FF4CA620EF026DC6369222B01
:10F610000CDDE3695B0609D540F627012046002290
:10F620000EF0CAD800960146204602E00096204619
:10F63000002140F254622B460EF00EDCFEBDF7B501
:10F640001E4643690446222B0F4615460BDDC3694F
:10F650005B0608D540F6270100220EF0ADD80097D2
:10F660000146204602E00097204600214FF0FF337C
:10F670004FF4CB620EF0F0DB6369222B0CDDE36903
:10F68000590609D540F62701204600220EF094D8ED
:10F6900000960146204602E000962046002140F2F6
:10F6A0005C622B460EF0D8DBFEBDF7B51E46436903
:10F6B0000446222B0F4615460BDDC369590608D5B3
:10F6C00040F6270100220EF077D800970146204629
:10F6D00002E00097204600214FF0FF334FF4CC6248
:10F6E0000EF0BADB6369222B0CDDE3695A0609D5FB
:10F6F00040F62701204600220EF05ED80096014613
:10F70000204602E000962046002140F264622B462B
:10F710000EF0A2DBFEBD436913B5222B04460DDDBE
:10F72000C3695B060AD540F6270100220EF044D8D3
:10F730004FF4806301460093204604E04FF4806359
:10F740000093204600214FF4C0620EF085DB1CBD03
:10F750002DE9F04F013AD2B2082A85B004469A4604
:10F7600015D8374B9E5C374B9F5C374B13F8029094
:10F77000364B9B5C0393364B13F802B0354B9B5CC6
:10F780000293354B13F80280344B9D5C07E0002553
:10F79000A8460295AB460395A9462F462E466369B7
:10F7A000222B0DDDE3695B060AD540F627012046D2
:10F7B00000220EF001D8CDF800900146204603E06B
:10F7C000CDF80090204600214FF0FF334FF4CB627C
:10F7D0000EF042DB6369222B0FDDE36958060CD57E
:10F7E00040F62701204600220DF0E6DF07EA0A0373
:10F7F000B34001460093204605E007EA0A03B34000
:10F8000020460093002117FA06F340F25C620EF0E6
:10F8100023DB039B83B148FA0BF208EA0A0848FA93
:10F820000BFB2046029C2946A2400BFA04F305B0CC
:10F83000BDE8F04FFFF703BF05B0BDE8F08F00BF94
:10F840005C510100655101006E51010077510100CA
:10F8500080510100EC530100F851010001520100F8
:10F860002DE9F843044689460DF040DE00210646A6
:10F8700020460EF0EBDB80462046FFF7B9FC07463A
:10F8800020460EF055DA4946054642463B7820466A
:10F89000FFF79AFD0B2302305843074B3146EB1814
:10F8A000B3FBF5F5454320460EF0D0DB0A23B5FB4C
:10F8B000F3F5A8B2BDE8F8833F420F0038B54369BD
:10F8C0000446222B0ADDC3695D0607D540F62701F1
:10F8D00000220DF071DF0146204601E020460021A4
:10F8E00040F214620DF008DE63690568222B2046A1
:10F8F0000ADDE369590607D540F6270100220DF01D
:10F900005BDF0146204600E0002140F214620DF06A
:10F91000F3DD03689D4214D063692046222B0ADD83
:10F92000E3695A0607D540F6270100220DF044DFAF
:10F930000146204600E0002140F214620DF0DCDDBB
:10F940000568284638BD38B51C461D68FFF7B6FF68
:10F9500003462360401B38BD2DE9F74300250446CC
:10F960000F46164698469DF828900195FFF7A6FF8A
:10F97000019063692046222B0ADDE3695B0607D507
:10F9800040F6270100220DF017DF0146204600E077
:10F9900000214FF4C2620DF0AFDDB9F1010F006834
:10F9A00001D108B90EE050B9B8EB451F09D920467E
:10F9B0003946324601ABFFF7C6FF2D18D9E70020C4
:10F9C00000E001200B9B6D011D60BDE8FE832DE969
:10F9D000F04F002685B08046894692460396012561
:10F9E00003AF40464946524643F698230095019797
:10F9F000FFF7B2FF044688B98DE8810040234046F6
:10FA000049465246DDF80CB0FFF7A6FF039B38B914
:10FA10009B445E4443F697239E42E0D9284600E08B
:10FA2000204605B0BDE8F08F2DE9F84399464369BB
:10FA30000446222B0E461546DDF82080099F0ADD7C
:10FA4000C3695A0607D540F6270100220DF0B4DE3F
:10FA50000146204601E0204600214FF4C3620DF02C
:10FA60004BDD03682046C9F800306369222B0ADDAC
:10FA7000E3695B0607D540F6270100220DF09CDE06
:10FA80000146204600E0002140F21C620DF034DD0A
:10FA900003682046C8F80030D5F8E0313B60FFF736
:10FAA000B1FB0746002872D0D5F8E031990304D4A1
:10FAB000204631462A46FFF78AFF63692046222BFB
:10FAC0000ADDE3695A0607D540F6270100220DF04A
:10FAD00073DE0146204600E000214FF4C3620DF0C2
:10FAE0000BDD63690646222B20460ADDE3695B06CF
:10FAF00007D540F6270100220DF05EDE01462046C4
:10FB000000E000214FF4C3620DF0F6DC0368FF4310
:10FB10003B40336063692046222B0ADDE3695E06C1
:10FB200007D540F6270100220DF046DE01462046AB
:10FB300000E0002140F21C620DF0DEDC6369064645
:10FB4000222B20460ADDE369590607D540F6270136
:10FB500000220DF031DE0146204600E0002140F297
:10FB60001C620DF0C9DC036840F2DD541F403760B1
:10FB700002E00A2008F0EAD8D5F8E0319A0301D56E
:10FB8000013CF6D16420BDE8F84308F0DF98BDE8F9
:10FB9000F88337B5044601AB4FF400616A460EF0B6
:10FBA00063DA63692046222B0ADDE3695D0607D527
:10FBB00040F6270100220DF0FFDD0146204600E05F
:10FBC00000214FF4CE620DF097DC056815F000536C
:10FBD00016D063692046222B0ADDE369590607D552
:10FBE00040F6270100220DF0E7DD0146204600E047
:10FBF00000214FF4CE620DF07FDC0560012500E0AE
:10FC00001D4620469DE806000EF04CD928463EBD14
:10FC100070B504460E460DF069DC0021054620460D
:10FC20000EF014DA314602462046FFF781FB2946E2
:10FC3000064620460EF00ADA304670BD014B1860C9
:10FC4000704700BF94610100F8B5484F04463A6818
:10FC5000002A40F089804369222B09DDC3695B06D5
:10FC600006D540F627010DF0A7DD0146204601E04C
:10FC70002046002140F214620DF03EDC6369056805
:10FC8000222B20460ADDE3695E0607D540F62701F0
:10FC900000220DF091DD0146204600E0002140F2F7
:10FCA00014620DF029DC03689D4214D0636920467C
:10FCB000222B0ADDE369590607D540F62701002209
:10FCC0000DF07ADD0146204600E0002140F214628A
:10FCD0000DF012DC056842F2107008F037D8636945
:10FCE0002046222B0ADDE3695A0607D540F6270194
:10FCF00000220DF061DD0146204600E0002140F2C7
:10FD000014620DF0F9DB63690668222B20460ADDD8
:10FD1000E3695B0607D540F6270100220DF04CDDB4
:10FD20000146204600E0002140F214620DF0E4DBC1
:10FD300003689E4214D063692046222B0ADDE369E2
:10FD40005E0607D540F6270100220DF035DD01469D
:10FD5000204600E0002140F214620DF0CDDB066881
:10FD6000751B642675433D603868F8BD94610100D9
:10FD70002DE9F74F0446884691461F460DF0E8DF0F
:10FD80008346002840F0D98020460DF0AFDB59466D
:10FD9000824620460EF05AD9636905462D2B0CD1B8
:10FDA000D0F8F430B9F1000F02D023F0007301E075
:10FDB00043F00073C5F8F430B8E02046FFF718FAB6
:10FDC000C37801269E4000F0B180B9F1000F5ED0EB
:10FDD00063692046222B0ADDE369590607D540F600
:10FDE00027015A460DF0E8DC0146204600E00021DC
:10FDF0004FF4C3620DF080DB036841463B6043EA89
:10FE000006070123009320463B462A46FFF70AFADD
:10FE100063690743222B20460ADDE3695A0607D5AA
:10FE200040F6270100220DF0C7DC0146204600E025
:10FE300000214FF4C3620DF05FDB414607602A46A4
:10FE40002046FFF7C4FD4FF47A7007F07FDF40F2E1
:10FE5000DD5702E00A2007F079DF63692046222B94
:10FE60000ADDE3695B0607D540F6270100220DF0A5
:10FE7000A3DC0146204600E0002140F20C620DF0B8
:10FE80003BDB0368334242D1013FE3D13FE03A68B4
:10FE90009AB963692046222B09DDE3695F0606D51E
:10FEA00040F627010DF088DC0146204600E00021E5
:10FEB0004FF4C3620DF020DB026822EA060701233B
:10FEC000009320463B4641462A46FFF7ABF963695B
:10FED000074337420CBF00260126222B20460ADDAD
:10FEE000E369590607D540F6270100220DF064DCCE
:10FEF0000146204600E000214FF4C3620DF0FCDA19
:10FF0000414607602A462046FFF761FD00E00126D2
:10FF100040F22D1702E00A2007F018DF2B6903F4E6
:10FF20008053B3EB063F01D0013FF4D12046514648
:10FF300003B0BDE8F04F0EF0899803B0BDE8F08F34
:10FF4000F0B589B004460D4606AA07AB4FF4006130
:10FF50000EF08AD829462046FFF75AFE4FF47A76EB
:10FF60000022B0FBF6F6134602212046FFF79DFB68
:10FF700000220746134600F00F0503212046FFF735
:10FF800094FB4FF680733B40DF094FF4000320F0F1
:10FF90007F42009303A804A9334603F09DDE05A821
:10FFA0000399049A1823774303F0DADE05B92D602C
:10FFB000059A4FF4006300934FF4805303A804A9FB
:10FFC000BA1893FBF5F303F087DE02A80399049AAD
:10FFD0000C2303F0C5DE20460699079A0DF062DF78
:10FFE000029809B0F0BD10B504460DF0E7DE0146F9
:10FFF0002046BDE81040FFF7A3BF70B50446164683
:020000041001E9
:10000000FFF7F1FF63690546222B20460ADDE3690D
:100010005B0607D540F6270100220DF0CDDB014637
:10002000204600E000214FF4CC620DF065DA042395
:100030000360D6F864364FF47A70DBB2B5FBF3F5A3
:10004000684370BD70B504460E460DF04FDA0021CE
:10005000054620460DF0FADF314602462046FFF7FE
:10006000CCFF2946064620460DF0F0DF304670BD35
:10007000FFF7E8BF37B50446FFF7B5FF4FF400615F
:100080006A4601AB054620460DF0EEDF002213461E
:1000900020460421FFF709FB00F47F40030A00B962
:1000A0001B60B5FBF3F520469DE806000DF0FADE77
:1000B00028463EBD70B504460E460DF017DA002105
:1000C000054620460DF0C2DF314602462046FFF7C6
:1000D0007EFC2046FFF78CF863690646222B2046FB
:1000E0000ADDE3695A0607D540F6270100220DF024
:1000F00063DB0146204600E0002140F20C620DF077
:10010000FBD9F378012111FA03F3026829461A4258
:100110000CBF0026012620460DF098DF304670BD4A
:1001200070472DE9FF47836E002204460D46029278
:10013000039263B1D0F8CC1000EB8101D1F8D40068
:10014000216E884205D1606E9847814602E099464B
:1001500000E0914620460DF0C9D900218246204694
:100160000DF074DF02A9804603AA2046FFF70EF9BE
:10017000029F00260396F7B13B4620462946424699
:100180000096FFF74FF863693843222B0290204610
:100190000ADDE369590607D540F6270132460DF01E
:1001A0000BDB0146204600E000214FF4C3620DF056
:1001B000A3D9029B0360039EFEB10027334620466D
:1001C000294642460097FFF72DF863693043222BFA
:1001D000039020460ADDE3695A0607D540F6270159
:1001E0003A460DF0E9DA0146204600E0002140F2EF
:1001F0001C620DF081D9039B0360294642462046CC
:10020000FFF7E5FB204651460DF020DFE36E5BB1C2
:10021000D4F8CC2004EB8202D2F8D410226E9142A2
:1002200002D1606E49469847BDE8FF8710B50022AD
:100230000C4608F0B1D8A0B90A4B1B688BB11A78EC
:100240007AB1DA8994420CD8184604F0E1D820B18A
:10025000054B1A6801321A6010BD044B1A6801324E
:100260001A6010BD44040000986101009C61010007
:10027000037E2BB14069D0F1010038BF00207047E8
:1002800001207047014B03EBC0007047A0610100E3
:10029000014B03EBC0007047C061010070B50C4614
:1002A000164609F0B3DD80B100252846FFF7F0FFC0
:1002B00003681BB980E85000184670BD0135EDB2E7
:1002C000042DF2D14FF0FF3070BD4FF0FF3070BD04
:1002D0006FF01600704770477047000003682DE903
:1002E000F041C0F8203143680022C0F8243183680F
:1002F000C0F82831C368C0F82C310369C0F8303128
:100300004369C0F834318369C0F83831C369C0F833
:100310003C3100F59073534E1C69DF699559D3F851
:1003200014C07D194FEAB41787EAF42787EA746787
:10033000ED199F6927EA040704EA0C047C402C1994
:100340008D1811F802C0EF78043247EA0C6795F86F
:1003500001C0AD7847EA0C4747EA05256419DD611D
:10036000DD68402A2544DD6093E8A01087EA0C0888
:1003700008EA05080CEA070C88EA0C074FEAB50CF6
:100380008CEA753C8CEAB5553D442C4443F8044D49
:10039000C1D100F1E00306F13C0500F120071A6924
:1003A00055F8044FD9695E6961184FEAB21484EABE
:1003B000F22484EA726409199C69D3F85CC024EAC7
:1003C0000204324062409E6B5C6A66444FEA744CA1
:1003D0008A188CEAF44C996D8CEA942434194FEA0B
:1003E000F11686EAB14686EAD10161185218D96140
:1003F000D9688918D96093E8520084EA060C0CEA9F
:10040000010C26408CEA06044FEAB10686EA7136F2
:1004100086EAB1516118891843F8041DBB42BED168
:10042000036842685918436A0160D31843608268C0
:10043000836AD3188360C268C36AD318C360026931
:10044000036BD31803614269436BD318436182691C
:10045000836BD3188361C269C36BD318C361BDE8D2
:10046000F08100BFC0540100F0B5034696100F465E
:10047000002510E057F8044B01354FEA146C83F85F
:1004800000C04FEA144C83F801C04FEA142C83F8E3
:1004900002C0DC700433B542ECDB26EAE67312F0EE
:1004A000030200EB83000AD051F8234018210023F7
:1004B00034FA01F5C554013308399342F8DBF0BD35
:1004C0000048704764540100D0F8B43170B5D318B7
:1004D000934204460E461546C0F8B43104D2D0F813
:1004E000B0310133C0F8B031D4F8AC21AB183F2B98
:1004F0000AD8A21802F5B67031462A4602F09EDEEE
:10050000D4F8AC315D1925E0E2B1A0183146C2F152
:10051000400200F5B67002F091DED4F8B831201D2B
:1005200004F5B6719847D4F8AC31C3F14002403BB2
:10053000B6185D1906E03146D4F8B831201D984749
:100540004036403D3F2DF6DC04F5B67031462A4674
:1005500002F074DEC4F8AC5170BD0000012910B582
:10056000044640F8041B05D10A4B0B49C4F8B831C6
:10057000142204E0094B0A49C4F8B831202202F0E1
:100580005DDE0020C4F8AC01C4F8B001C4F8B401C9
:1005900010BD00BF0D430000C055010045400000E4
:1005A000A0540100F8B5044600F5AA760D4600F502
:1005B0008A7721463046142202F040DE30696649CF
:1005C000726841183068331F01EBF061F06820EA6F
:1005D000020CB06810408CEA0000091846F8041CB0
:1005E000687895F800C0000440EA0C6095F803C0F4
:1005F0004FEAB20240EA0C0095F802C0043540EA26
:100600000C2041189F42306146F8041C72601E465F
:10061000D4D304F5827530694F497268411853F894
:100620000409F76801EBF061B06827EA020710409F
:1006300078400918376BF0694FEAB2027840B76C1E
:1006400072607840376D78404FEAF070306108187A
:1006500046F8040C043EAB42DDD804F1B4061A4659
:1006600015693E495068691853F80459D76801EB79
:10067000F561956845407D404919176BD5694FEA8A
:10068000B0007D40976C50607D40176D7D404FEA13
:10069000F57515614D1942F8045C043AB342DFD890
:1006A00004F1640C1A4615692D49101D691853F898
:1006B0000459C1C801EBF56186EA070505403740DA
:1006C00085EA07068919D569166B4FEAB0007540AF
:1006D000966C50607540166D75404FEAF575156162
:1006E0004D1942F8045C043A6345DCD804F1140661
:1006F0001D691C49586869181D68DF6801EBF561C0
:100700009D681A4645407D4049191F6BDD694FEAD7
:10071000B0007D409F6C58607D401F6D7D404FEA6A
:10072000F57549191D6143F8041C043B9E42DFD353
:1007300023685918216013686168CB186360536897
:10074000A168CB18A360E1689368CB18E3602169C6
:10075000D368CB182361F8BD9979825AA1EBD96E81
:10076000DCBC1B8FD6C162CA30B5034685B00C46CF
:1007700015466846194607F0B3DE20466946102D37
:10078000B4BF2A46102202F059DD05B030BD07F093
:10079000039F08B507F0ECDE002008BD38B504461D
:1007A0000D46FFF78DFE0346E4B100222260626031
:1007B0000122AA4001680A420AD100F114014069ED
:1007C000024204D103F128019B6A1A420DD00B4664
:1007D00004F1100063602560A0609B68294698477B
:1007E000002038BD6FF0010038BD6FF0160038BD35
:1007F00008B5436813B1DB688068984708BD08B541
:10080000436813B11B698068984708BD0138062802
:100810009ABF024B18560020704700BFD455010004
:10082000F8B5044600680E461546FFF7EFFF0028AE
:100830004AD0D4F8AC218021A31883F86C11531C42
:10084000A842B8BF0546382BC4F8AC3111D9A0185E
:1008500000F5B6700021C2F13F02013002F072DDF6
:10086000D4F8B831201D04F5B67198470023C4F8B8
:10087000AC31D4F8AC210021A01800F5B670C2F15B
:10088000380202F05FDDD4F8B021D4F8B431D200E0
:1008900042EA5372DB00C4F8B021C4F8B431082234
:1008A00004F5D27004F5D871271DFFF7DDFD384639
:1008B00004F5B671D4F8B8319847304639462A461F
:1008C000BDE8F840FFF7D0BDF8BD07280AD84FF0C3
:1008D000C243834004D44FF0F053834004D401E07A
:1008E0004020704700207047802070472DE9F04776
:1008F0000C46B0B090469A460746002846D00846B7
:10090000FFF784FF81462046FFF7DFFF504506468C
:1009100007F1800513DA21462846FFF73FFF4146DD
:1009200052462846FFF764FF284620A94A46FFF7AB
:1009300066FF4E45B4BFB246CA460DF1800800239B
:1009400009E018F8032082F0360182F05C020DF80D
:100950000310FA5401335345F3DB2AEAEA7A07E03D
:1009600036230DF80A305C2307F80A300AF1010A31
:10097000B245F5DB21462846FFF710FF044638B99B
:10098000284669463246FFF733FF01E06FF0010465
:10099000204630B0BDE8F08710B18030FFF728BFA7
:1009A00070472DE9F843DDF8208004461546994646
:1009B00061B10E46002707E032881AB120467168FF
:1009C000FFF7EAFF01370836AF42F5DBB9F1000F58
:1009D00009D0B8F1000F06D0204649464246BDE88E
:1009E000F843FFF7D9BFBDE8F8832DE9F0478A4601
:1009F00090B09046064600282BD0D0F8807000F1C9
:100A000080043846FFF761FF81463846FFF7FEFE57
:100A100005462A4620466946FFF7F1FE394620463C
:100A2000FFF7BCFE204631464A46FFF7E1FE20466E
:100A300069462A46FFF7DCFE204669462A46FFF74C
:100A4000DEFE504669464545B4BF2A46424602F09E
:100A5000F5DB10B0BDE8F087F0B51446ADF5337D99
:100A600007460E461D4602A8234639463246FFF782
:100A70003DFF044660B9BA9B02A800932946B89A84
:100A8000B99BFFF78EFF02A8BB99BC9AFFF7ADFF99
:100A900020460DF5337DF0BD2DE9F04F93B01E9F3C
:100AA00081468B4692461C461F9D002F68D0002D24
:100AB00068D02BB1184602F0F1DC00F1010800E02B
:100AC00098464846FFF7A2FE064600285CD0431E23
:100AD000EB1893FBF0F3FF2B079355DC4FF6FF73F6
:100AE000984551DC1D9A9A424EDC2B4BADF83420D0
:100AF000002C08BF1C461C9B01220E9312AB03F86E
:100B0000012D1093032300930023ADF82400ADF8CA
:100B10003C2001930293A842D4BF04900495594607
:100B2000484652460BAB0C940A97ADF82C800397BD
:100B3000FFF792FF044600282AD14FF0020819E07F
:100B4000AD1B002D0A9723DD04230093002301939E
:100B50000293BF1948465946524609AB8DF8478063
:100B60000397B542D4BF04950496FFF775FF08F1CB
:100B7000010860B9079A08F1FF339342E0DD07E00E
:100B80003C4605E02C4603E06FF0160400E0044606
:100B9000204613B0BDE8F08F05EA89000B4B10B575
:100BA0001A681C46904204D15A68914201D11846F5
:100BB00010BD6369054A984206D19069143281429A
:100BC0000CBF1046002010BD002010BD6C5D010060
:100BD00073B504460CF0F6DE14237422204640F66A
:100BE0000C410CF04FDE2046012104220DF030D8DC
:100BF0002046022104220DF02BD801250021204699
:100C000040F61C624FF0FF3300950CF0A7DE112375
:100C100000930021204640F618624FF0FF330CF09D
:100C20009DDE41F2021300930021204640F644422B
:100C30004FF0FF330CF092DEF32320464FF45E6159
:100C40004FF0FF320CF01EDE0023204640F6F85134
:100C50004FF0FF320CF016DE0023204640F6E45140
:100C60004FF0FF320CF00EDE0823204640F6EC5128
:100C70004FF0FF320CF006DE0023204640F6E8512C
:100C80004FF0FF320CF0FEDDDB2320464FF45D61B8
:100C90004FF0FF320CF0F6DD0C220023204640F628
:100CA00054410CF0EFDD284B00210093204640F624
:100CB000BC524FF0FF330CF051DE244B2946009319
:100CC000204640F6BC524FF0FF330CF047DE204B7D
:100CD00002210093204640F6BC524FF0FF330CF047
:100CE0003DDE2A462B46204640F624610CF0CADD44
:100CF00040F6FF7300930021164E204640F6B45292
:100D00004FF0FF330CF02ADE0021204640F6B852A7
:100D10004FF0FF3300960CF021DE4BF69823009342
:100D20002946204640F6B8524FF0FF330CF016DE4D
:100D300020464FF45C614FF0FF32334602B0BDE80D
:100D400070400CF09F9D00BF101112131415161760
:100D500018191A1B1032547613B50C4602B949B152
:100D6000084913B10B681C4003E00B681C4324EADC
:100D70000304224000920021702223460CF0BADBCB
:100D80001CBD00BFA404000013B5144642690A2A22
:100D90000FDD29B1012905D002290AD1842202E000
:100DA000782200E07C220093002123460CF0A2DB95
:100DB00001E04FF0FF301CBD2DE9F04104460CF07E
:100DC0007BDF00210A460B4607462046FFF7C4FF9B
:100DD00000210A460B4606462046FFF7D5FF0022B3
:100DE0000546022120461346FFF7CEFFD4F878804F
:100DF00015E0D8F8083083B198F80420002AD8F814
:100E00000C200CBF2846384600EA020012D03240BF
:100E1000904202D0D8F800109847D8F81080B8F166
:100E2000000FE6D1204641462A462B46BDE8F04158
:100E3000FFF7AABF0028EDD1EFE74FF480307047ED
:100E400038B500251D70D1F8CC304FF40061136027
:100E50002A4604460DF0ECD8054638B1D0F8E0310A
:100E6000DA0103D4204601210DF0BCDC284638BD50
:100E700073B504460DF02AD818B920460DF0D2D823
:100E800060B3204621466A460DF10703FFF7D8FFFD
:100E90000646C0B140F22D1502E00A2006F056DFEA
:100EA000D6F8D431180706D4013DF6D103E00A2064
:100EB00006F04CDF01E040F22D15D6F8D431590789
:100EC00001D5013DF3D1204600210DF08BDC9DF8CA
:100ED00007301BB9204600990DF0B8D87CBD10B57D
:100EE000044607F0CDD82046FFF7C2FF012010BD11
:100EF000F0B585B004460D4617460DF093D800288E
:100F000000F09480A66E6EB1D4F8CC3004EB83036D
:100F1000D3F8D420236E9A4203D1606EB0470646C0
:100F200000E000262046214602AA0DF10F03FFF73C
:100F300087FF002863D0082F61D8DFE807F0051489
:100F40001C2735404A550D000095204600214FF4DE
:100F50009C724FF0FF334EE00021009120464FF489
:100F60009C720B4647E04FF0FF3300932046002170
:100F70004FF49A723FE0002120464FF4EC720B468A
:100F800000910CF0B7DA00F0010539E025B120231B
:100F900000932046002103E00223009320462946C7
:100FA0004FF4E872222326E0002120464FF49A7283
:100FB0000B4600910CF09EDAC0F3C02520E0002122
:100FC00020464FF4E0720B4600910CF093DAC5B264
:100FD00016E0002120464FF49A720B4600910CF067
:100FE00089DAC0F340250BE0EDB2009520460021E0
:100FF0004FF4E072FF230CF07DDA054600E0012596
:101000009DF80F301BB9204602990DF01FD8E36EF2
:101010006BB1D4F8CC2004EB8202D2F8D410226E4B
:10102000914204D1606E3146984700E0054628465B
:1010300005B0F0BD00487047C05D0100002070475A
:1010400010B50C4641B18B6823B9C06F09680EF02A
:1010500029DBA060A06810BDC06F10BD1FB5084A95
:1010600003460092074A08460192074A0749126858
:1010700002921A68064B02F0D5DB05B000BD00BF36
:10108000145601004039010090600100E55501004F
:101090000856010008B1D0F888007047642910DCB8
:1010A000632921DA4A291FD005DC07291FDB08291B
:1010B0001ADD3C2912E0502916D018DB5C390329CF
:1010C00011E0C32904DCC2290EDAA83902290AE09A
:1010D000B1F5847F08D003DCB1F5807F07D103E050
:1010E000A1F58971012902D86FF016007047002020
:1010F000704700207047C88810F0080018BF6FF0D4
:10110000160070474A6810B593424C8829DBE30605
:1011100003D503681B7E002B26D1210703D5036866
:101120001B7E002B23D0A20602D5437E002B21D0AC
:10113000630722D414F0030322D002994CF05EDE40
:1011400000281FD0E10702D58379002B1DD114F0B0
:1011500002041DD08379002B0CBF6FF00500002026
:1011600010BD6FF0010010BD6FF0040010BD6FF0F6
:10117000030010BD6FF00A0010BD6FF0160010BD27
:10118000184610BD6FF01D0010BD6FF0060010BDB9
:10119000204610BD37B50546900723D58C6A0CB3A1
:1011A000A168226963680905C3F30043117A44BF4B
:1011B00043F00203DBB211B1D2F8080101E0D2F82A
:1011C00004017F228DE80C000022383004F13C013C
:1011D000134675F081DB2846214603B0BDE8304058
:1011E0007CF0E69F03B030BD2DE9F04F87B00023BF
:1011F0000F4610AC1599049305938046934694E8E6
:101200007002DDF850A04CF0F9DDB7F90630002B84
:101210001ADA1BF0010FB9883A890CD04900CDF8D1
:1012200000900196CDF80890CDF80CA0D8F81000E9
:101230000131334605E08DE86006D8F8100049001A
:10124000234607F0B3FD0FE0032D0BD9042204A8B9
:10125000214601F0F3DF072D04D905A8211D042242
:1012600001F0ECDF6FF0160007B0BDE8F08F000072
:1012700038B50C4605460846484902F0D3DA4849D5
:10128000204602F0CFDA4749204602F0CBDA464941
:10129000204602F0C7DA4549204602F0C3DA444945
:1012A000204602F0BFDA2046424902F0BBDAD5F808
:1012B000340137F043DA20B9D5F8380139F0DEDAF5
:1012C00018B120463C4902F0ADDAD5F8340137F0C8
:1012D00035DA18B12046394902F0A4DAD5F83801D8
:1012E00039F0CCDA18B12046354902F09BDAD5F84E
:1012F00030013AF001DC18B12046324902F092DAAE
:10130000D5F8300105F0ACF918B120462E4902F0AD
:1013100089DA20462D4902F085DAD5F84C0165F0CE
:101320004FDF18B120462A4902F07CDA2B6893F887
:101330003B301BB12046274902F074DA264920468B
:1013400002F070DA2549204602F06CDA2B6A18693F
:1013500009F020FC820707D52149204602F062DA15
:101360002046204902F05EDA20461F4902F05ADA90
:1013700020461E4902F056DA20461D4902F052DA94
:1013800020461C4902F04EDA20461B4902F04ADA98
:101390001A492046BDE8384002F0449A1D56010023
:1013A00021560100265601002B560100345601003B
:1013B0003D56010041560100465601004D560100C0
:1013C00057560100615601006A560100735601002C
:1013D00082560100875601008E5601009556010085
:1013E000A1560100AA560100B7560100BC560100E3
:1013F000C6560100CB560100D0560100D856010058
:1014000030B585B0054668460C4602F0F5D9284649
:101410006946FFF72DFF204605B030BD2DE9F04F9E
:1014200003F00103A9B004461493D4F87C34106986
:101430001B680E46C358D0F858131B7891460F937B
:10144000D4F88034B2681B681991C35808901B788F
:1014500009921593138860680B9303F00C039B08A3
:10146000022B08BF0B9913930B9A0CBFC1F3C01347
:101470000023DBB21A9302F44073A3F540756B426C
:1014800043EB050331461C93379F03F08DDA369BFF
:1014900004300E9083B11B7A0B2B07D1236893F88D
:1014A000AD304BB136988379072B05D836990E9A13
:1014B00091F90F30D2180E92D4F8B031002B2DDAFA
:1014C000369B03B31B7A022B1FD194F8B022F2B9DA
:1014D0000898036D13F008031CD136998A792168A6
:1014E000D1F8B8108A4217D2032A15D90B2A13D87B
:1014F000B269900010D4339A012A0FD10E9B0120BB
:1015000008330E9304E0369A04E0002304E0002040
:101510000C9005E00C9203E00C9301E000210C918B
:10152000B568B389AA1F7633A5F176001D92B38101
:1015300000217022B060189001F004DFB38BD90451
:1015400002D4B269520502D51B051B0D20E0D9F863
:101550000420A04B1340BBB10B9901F0FC03882B76
:1015600012D1099A1379D8070ED43398F289411E03
:1015700002F007023298583209EB42028842D388BF
:1015800006D1591CD18003E01399012906D111E03D
:10159000139801280ED00021079102E01022079233
:1015A000002332981B019BB200F00F0209991343EC
:1015B000CB8201E000220792099BA068DA8AB38BF4
:1015C00023F47E6323F01F0343EA1213B38314F062
:1015D00003DA010703D5B38B43F40053B383349884
:1015E000042808D12046089935F82A2C14F080DE0A
:1015F000ADF8980019E03299339801F00F02B4F871
:101600005A33411E329842EA0312884292B202D102
:101610000133A4F85A333499520147F6E07313406A
:1016200001F007021343ADF8983099F8D7303BB971
:101630000B9A02F0FC03802B02D0089883791BB927
:10164000079941F020010791634B3B40002B40F08C
:10165000828007F04072B2F1807F00F08180139A9F
:10166000012A30D9B369DA062DD4002B2BDB96F989
:101670001F30002B27DB226A574BD2F8488008EA3C
:10168000030323B908F04073B3F1807F03D10998B5
:101690000379DF0766D4D2F844804F4B08EA03038E
:1016A00023B908F04073B3F1807F04D109990B7915
:1016B00013F0010359D0099A1379D80703D4D9F844
:1016C0000830190705D599F8407007F07F07B8462C
:1016D00049E002238DF8863027AB0093D4F85C01F3
:1016E0001FAB494626AA7CF053DD0B98DDF87C80C1
:1016F00000F0FC03482B209F01D0C82B0BD14146A2
:10170000089800222AF0F4DE99F84070804607F02D
:101710007F07002308E0B369329943F00063B361A7
:10172000D1F1010338BF0023BDF89C20D20703D5B7
:10173000B26942F40052B261226892F8E120BAB173
:10174000D4F8F8064946BDF8982005937CF0D4DA21
:10175000059B12900DE00022B8461292134608E055
:10176000B84603E04746002300E04746129300E0F6
:1017700012922268D4F8840492F84F2090F80CB0AA
:1017800012F0030200F09C818278012A09D9216AB3
:1017900091F94D10A1F1010EDEF1000141EB0E01B6
:1017A00000E00021012A5FFA81FA17D9226A92F932
:1017B0004D20013212D1D9F8042012F080420ED00F
:1017C0000E300221059302F0E7DC021C18BF012253
:1017D000059B04E040000100FF0000C0002218F05B
:1017E000407FD0B25FFA88F207D01F2A02D9202AA0
:1017F00007D0553A072A04D91CE0A0498A56002A86
:1018000018DAB8F1000F15DB28F4801828F44078B6
:1018100018F0407209D0BAF1000F03D1B2F1807F05
:1018200003D110B148F4801804E0BBF1010F08BFE8
:1018300048F4807817F0407FFAB207D01F2A02D907
:10184000202A07D0553A072A04D91BE08B498A562B
:10185000002A17DA002F15DB27F4801727F44077CA
:1018600017F0407209D0BAF1000F03D1B2F1807FB6
:1018700003D110B147F4801704E0BBF1010F08BF9A
:1018800047F48077B4F8582402F46052B2F5C05F90
:101890002CD118F4E0221FD118F0407F17D0D9F8CE
:1018A0000420120313D5226892F83B2092B10898C5
:1018B00082797AB1D0F80821528E02F46052B2F5E2
:1018C000C05F0CBF4FF400324FF4803204E04FF49D
:1018D000803201E04FF4003218F0407F13D05FFAFD
:1018E00088F1202908BF4FF400320CE05FFA88F23B
:1018F000F9B2202A08BF4FF08078202908BF4FF0A6
:1019000080774FF4803227F4E02A17F0407F28F4E4
:10191000E02848EA020818BF4AEA020A226A08BF19
:101920004AF4803A516C564A0A40002A53D101F0D9
:101930004071B1F1807F4ED018F0407F94F81C22A6
:1019400004D0012A02D148F4000802E00AB928F4C0
:1019500000081AF0407F94F81C2205D0012A03D118
:101960004AF4000A00F009BE002A40F006862AF474
:10197000000A00F002BED9F80410C8032BD5D9F82C
:101980000810090627D5013225D118F0407F0FD065
:101990005FFA88F2A2F15701012909D9632A07D019
:1019A000642A05D0652A03D0662A18BF48F4800847
:1019B0001AF0407F0FD05FFA8AF2A2F15701012995
:1019C00009D9632A07D0642A05D0652A03D0662A7C
:1019D00018BF4AF4800A2046494605931AF060DC95
:1019E00018F04072059B45D01599022908D108F4DA
:1019F000E02BABF50032D2F1000B4BEB020B01E018
:101A00004FF0000B5FFA88F21F2A04D8072A94BF10
:101A1000002101210AE0202A06D0A2F15501072960
:101A200094BF0021012100E00021C9B239B199F829
:101A3000FE1021B199F8FF10003118BF012118F4F0
:101A4000000F11911ED01F2A04D8072A8CBF002234
:101A5000012209E0202A05D0553A072A8CBF00222E
:101A6000012200E00122D2B2002A0CBF0246042269
:101A70000D9208E00D929346119204E058168900E9
:101A8000FF0000C00D901AF0407226D01AF4000F2B
:101A900025D05FFA8AF21F2A04D8072A8CBF0022B9
:101AA000012209E0202A05D0553A072A8CBF0022DE
:101AB000012200E00122D2B2002A18BF04200EE069
:101AC00028F4E02827F4E02A48F480384AF4803AE1
:101AD00010920D929346119202E0109200E0109045
:101AE00093B1089A3398D2F8301102EBC103C2B215
:101AF000C3F838210131089A01F03F01C3F834815D
:101B0000C2F83011C9F820A218F0407703D15FFA6B
:101B100088F31B9303E0404674F058DE1B90139843
:101B2000022800D088B9B4F868340E99994202DCD2
:101B3000B3695B010CD5099A1198137903F001037D
:101B4000002B08BF0120179004E01199179101E0C4
:101B5000119A1792236A597D41B10F9B33B12FB966
:101B6000884A5FFA88F3D356002B07DB236893F883
:101B70004F30980727D037B3159820B3339A012AEE
:101B80000ED90F9B002B0CBF4FF0300A4FF0160AF6
:101B9000B3694AF4803A23F00063B361D04612E09F
:101BA00089B10F9878B167B908F07F03022B0AD08A
:101BB000042B08D00B2B06D0162B18BF4FF0010BAF
:101BC00001E04FF0010B18F040710F911AD108F0AD
:101BD0007F03162B16D86C4A9A4013D5149A62B11B
:101BE0005FFA88F3022B0BD0D9F8103093F92C311F
:101BF00013F1FF3318BF012300E0149B0D9301E0A4
:101C00000F980D901AF0407116911BD10AF07F03C6
:101C1000162B17D85C4A9A4014D5149A6AB15FFA09
:101C20008AF3022B0CD0D9F8103093F92C2112F141
:101C3000FF3218BF0122109204E0169B109301E0BE
:101C4000169810901399D9F80430022908BFC9F8E2
:101C5000588113F480334AD094F80D32002B46D0CB
:101C600094F81132002B42D0159A032A30D00F9BE2
:101C70004BB908F07F03022B2CD0042B2CD00B2B5C
:101C80002DD0162B2ED00998037913F001032BD1F8
:101C90000B9901F0FC02882A29D1349A032A26D80C
:101CA000B3691C9843F48053B361079B09990028DA
:101CB0000CBF18221E2243F4A04307938B5A23F033
:101CC00060031B041B0C43F020038B52012207E02E
:101CD00000230CE00F9808E00F990A9108E00F9A92
:101CE0000A9205E00F9B02E000200A9000E00A93B0
:101CF0001D99204600910E9A41460B9B20F08CD9ED
:101D000022AF204651460E9A0B9B009720F084D9B3
:101D10000622A5F14000394601F090DA169A62B920
:101D20000AF07F03162B08D8174A9A4005D50E9B58
:101D300005F83C3C1B0A05F83B3CB3690F995A0572
:101D400012D591B1369A22B1127A042A01D00B2A07
:101D50001CD143F40063B361179894F8DA32002B76
:101D600018BF0120179011E081B9064A5FFA88F385
:101D7000D356002B0ADA15F8063C03F00F03149330
:101D800007E000BF581689000002102815F8062C3D
:101D900014920B9BA42B14D009980379DB0710D461
:101DA0000A9981B9B36920465F05414602D517F00B
:101DB00021DD03E00D9A359B20F008D9099A508067
:101DC00014E00A9B53B1414620460D9A40F62A136F
:101DD0001FF0DCDE099980B2023048800B9AA42AF9
:101DE00004D10998438825F83A3C19E009990B7900
:101DF000D90701D40A9A2AB1002305F83A3C05F81C
:101E0000393C0DE0B36920465A05514602D517F01A
:101E1000F1DC03E0109A359B20F0D8D825F83A0C75
:101E2000B269930509D5B38C25F8343CF38C25F8B9
:101E3000323C079B43F400530793329818B9079933
:101E400041F00801079109980379DF0712D4D00403
:101E500010D494F810320BB151060BD4520505D4AE
:101E60001A9919B1199A92F828301BB9079B43F0B7
:101E700001030793924B34981399185C022915902B
:101E80001CD1349A032A19D894F80D32B3B11B9B94
:101E9000042B13D9D4F8340136F062DA70B91998EA
:101EA000159900EB41039B8B13B1B3695B0505D515
:101EB000119A1AB9079B43F480530793236A186950
:101EC00066F018DC00F46050B0F5C05F03D10798ED
:101ED00040F4807007900C9919B1079A42F40042BF
:101EE0000792079B25F8763C369810B394F8B032E9
:101EF00013BB08990A6D12F0080221D1037A0B2B4B
:101F000006D1236893F8AD30D3B18379072B14D869
:101F1000369A93792268D2F8B82093420FD2B269E8
:101F200097000FD43698027B02F0070242EA0312B0
:101F300003E03699079107E00022079204E00023AE
:101F4000079301E00020079010994B1EDBB2012B94
:101F500004D8079A42F400539BB20793A5F172008C
:101F60000999022201F06AD9002305F8703C05F8AE
:101F70006F3C05F84A3C05F8493C369B002B2FD0B6
:101F800094F8B032002B2BD10898036D180727D492
:101F900036990B7A0B2B06D1236893F8AD30FBB141
:101FA0008B79072B1CD8369B9A792368D3F8B830E5
:101FB0009A4215D2B369990012D41C9818B909999C
:101FC00001F1180202E0099B03F11E021A9800B108
:101FD00002320023009320461899369B2EF078DCBD
:101FE000099906220431A5F15000139101F026D978
:101FF000BDF8983025F82A3CD4F84401089960F0DF
:10200000E7DC35F8303C80B243EA002325F8303C69
:10201000002305F8283C05F8273C05F8263C05F880
:10202000253C05F8243C05F8233C05F8223C05F83E
:10203000213C05F8203C05F81F3C179A1AB9BBF162
:10204000000F01D1E1E09B460022414608982AF0AA
:102050004FDA00220690514608982AF049DA069B8A
:10206000089013F04073189306D10699154BC8B227
:102070001B56002B03DA14E0069874F0A7DB023835
:1020800018BF012070B1D9F8103093F92C31012B11
:102090000AD0079A42F480439BB2079301230C9322
:1020A00004E018980C9001E000210C91089B13F0BB
:1020B000407209D1D8B2034B1B56002B07DA1DE042
:1020C0006CE1880058168900089874F07FDB0238AC
:1020D00018BF012078B1D9F8103093F92C31012BB9
:1020E0000BD0079801216FEA40436FEA53439BB23C
:1020F0000793119103E0119001E00022119235F84D
:10210000763CBBF1000F02D043F4006301E043F0E2
:10211000060325F8763CBBF1000F0CBF4FF0140C02
:102120004FF00E0CA5F11E0362460093204606995F
:102130000B9BCDF814C01FF06FDFDDF814C024AF87
:1021400062460B9B2046089900971FF065DF3946D1
:102150000622A5F1480001F071D80C980D990E9A4D
:10216000A5F118030B9300900191029200275946A4
:10217000069A4346204603971FF06CDF25F8160C9D
:10218000119B10980E990093019002912046594698
:10219000089A534603971FF05DDF25F8420CA5F11E
:1021A0001400BBF1000F09D06FF03B0305F8183C99
:1021B00005F8177C099A02F10A010EE06FF04B0353
:1021C00005F8183C05F817BC1399062201F036D81B
:1021D000099BA5F10E0003F10A01062201F02ED899
:1021E0001498189A81B252B906989F4AC3B2D3562E
:1021F000002B04DA15F81E3C03F00F0301E015F87C
:102200001E3C1B02194314911FE059460622A5F1FA
:102210001E0001F097D859461022A5F1180001F0D0
:1022200091D8A5F148005946062201F08BD805F84F
:1022300042BC05F841BCCDF820B0CDF818B0CDF8BF
:102240002CB0CDF844B0CDF830B0B3695A050FD5F5
:102250000F9969B128AB002223F8022D0093D4F81E
:102260003401494642460E9B36F096D805F8430C99
:10227000079B25F8743C149825F8640C1699B1F165
:10228000807F0BD031B90AF07F03162B02D8774A32
:102290009A4001D4012002E0169800E00220069A3C
:1022A00080B202F04073B3F1807F0BD033B902F0FB
:1022B0007F02162A02D86D49914000D401239B0069
:1022C0009BB200E008230899184301F04073B3F172
:1022D000807F0BD033B901F07F02162A02D8634900
:1022E000914000D401231B019FB200E02027236A04
:1022F0000743186966F0FED9C0B247EA002725F8FF
:10230000627C0F9AB2F1807F0CD032B908F07F0363
:10231000162B02D8554A9A4001D4012300E00F9BA6
:102320009BB200E002230D98ADF89A30421ED2B263
:10233000012A09D843F01003ADF89A302368D3F886
:1023400088309A6901329A6141462046BDF89A70F8
:102350007EF080DCB3690743B9B21B01ADF89A1077
:102360000ED5236893F8E13053B1236A186967F0FA
:1023700099DB236A0DF19A011869129A67F0ACDBB8
:10238000BDF89A30414625F86E3CB4F858242046F2
:1023900027F09AD925F86C0C51462046B4F85824F9
:1023A00027F092D925F86A0C179911B9BBF1000FE3
:1023B0000FD00699B4F85824204627F085D925F87F
:1023C000680C08992046B4F8582427F07DD925F8E0
:1023D000660C0F9A4AB10D9B042B06D1204641464C
:1023E0000E9A1FF077DC25F8380C169848B1109932
:1023F000042906D1204651460E9A1FF06BDC25F8C1
:10240000360CD9F80430580640F1AE801A9A002AEA
:1024100000F0AA801998159900EB41039B8B002BC3
:102420007BD0B369590500F19F80329A002A40F0B1
:102430009B800E9B204641460D9A1FF0A7DB0B9B0D
:102440000990ABB106990C9A204617F041D808992B
:102450000746119A204617F03BD80B99B1F802B005
:10246000BB4435F8427C1BE0581689000002102856
:102470000A9ABAB941460D9A0A9B20461FF0A6DD7A
:10248000099B514600EB030B109A0E9B20461FF050
:102490007DDB51460746109A20460A9B1FF096DDC9
:1024A000C71902E0DDF824B00B9F1FFA8BF225F864
:1024B000702C25F84A7C1998159900EB41039B8BE9
:1024C0000998C3189B1A9BB21A0419D42046414696
:1024D0000D9A16F0FFDFFF2805D9B4F85A24904270
:1024E00038BF024601E04FF48072349992B204EB97
:1024F0004103B3F85C34934202D0204618F076D8FA
:10250000236893F84430002B2ED0349A032A2BD81A
:10251000D4F8600115995A4623E0236893F84430B3
:1025200013B3349B032B1FD81A480B99C75C204662
:1025300039B10C9A069916F0CBDF0B9B5A8882189A
:102540000CE041460D9A0E9B1FF020DB0D9A0546CC
:10255000414620460B9B1FF039DD4219D4F860013B
:1025600039464B4650F0F0D8B369BDF8980043F0B7
:102570008403B36129B0BDE8F08FD4F8842428F433
:10258000800892F913202AF4800A012A7FF4F3A923
:10259000FFF7FBB96CE1880070B50B6912B1547894
:1025A000032C01D8002212E04D6845F480744C6081
:1025B0005679012E8DBF24F4806445F4A0654D60EA
:1025C0004C605478052C2FD9062C03D1012283F8B6
:1025D000A42370BD147A14F0040F4C6814BF44F0A7
:1025E000806424F080644C60147A04F00804D4F110
:1025F000010438BF002483F8A4438B6823F004034C
:102600008B605478062C0FD9127AD2060CD502684A
:1026100043F004038B6092F80C21D00704D5920795
:102620005CBF23F004038B6070BD00002DE9F04F08
:10263000B5B09A463F9B05460B2B894616463E9FF2
:10264000409C40F2E6800C3B04931AF07DDE0021B2
:10265000C8220590204600F075DE3146062220464D
:1026600000F0ECDDFA7ABB7A494643EA022303F034
:102670000302012AA4F86230E38808BF84F83420FA
:10268000BAF1000F14BF4FF4807200221343E380AD
:1026900028465BF09BDF60857A7A3B7A07F10C0B6A
:1026A00043EA022307AFE385002128220DF1440805
:1026B000384600F047DE2DAE00212822404600F0CB
:1026C00041DE4FF0FF3300210C223046ADF8CE3012
:1026D00000F038DE0DF1CE032F93049BBAF1000F0A
:1026E0000CBF4FF0600A4FF0700A8DE84800284692
:1026F000002152465B462D97CDF8B8801CF0D6DA03
:10270000002840F08680059B4246DEB2284604F150
:10271000380339461FF0D0DBBDF8CE304FF6FF72DC
:10272000934217D05A1E92B2DE2A75D843F48052D3
:102730000E2B8CBF4FF440430023D5F8580143EAD9
:10274000020152F043D858B9D5F864319B889B05F3
:1027500006D461E0731E9BB2DE2BADF8CE605BD871
:10276000BDF8CE309E4203D1E28842F00202E28000
:10277000EB1893F83C20494684F86120284652B271
:102780005BF0C8DEBDF8CE30A08543F480520E2B3E
:102790008CBF4FF4404300231343638600210C2277
:1027A00030A800F0CFDD1F4B0DF16C0830931E4BAD
:1027B000002128224046319325AF329500F0C2DD3A
:1027C000BDF8CE300021202238468DF872301B949F
:1027D00000F0B8DD049BD5F8940602930021524620
:1027E00030ABCDF8B080CDF894908DF8A4608DE832
:1027F000800857F011D988B9608E431EDBB2DE2BFA
:102800000AD802F059DA00280CBF00206FF013003C
:1028100004E04FF0FF3001E06FF0130035B0BDE889
:10282000F08F00BF112A8200812B82002DE9F04F2A
:10283000A5B00446D2F808A18B46154600212822EF
:1028400005A8984600F07EDD0FA80021282200F0A0
:1028500079DDD4F86C3313B104F55B7008E02368BC
:1028600093F82F3073B9236A5B7D052B04D1694837
:1028700005A973F0EFDF05E0042B03D1204605A97D
:102880001FF066DD05AF3B460FAE204629460AF134
:1028900038020DF16409009628F090DA0021242214
:1028A000484600F04FDD0021082222A81A971B9607
:1028B00000F048DD94F84135CDF88C90DA0702D568
:1028C0002A6DD70708D49E0708D52B6D03F00603A1
:1028D000023B18BF012302E0002300E0012322682D
:1028E00092F84F2012F003020BD0D5F8EC2012F42E
:1028F000805205D19DF8BC10002908BF1A4600E09F
:10290000002224AB03F8082D1FFA8BF60093324601
:102910000023D4F89406294657F056D82E9A00F191
:102920000C0913680746994571D8404600210C22CE
:1029300000F008DDBAF82E30A8F80830AB7923B1E2
:10294000012388F80A30002306E0D5F8EC2012F4C1
:10295000803204D088F80A3088F80B3004E0022373
:1029600088F80A3088F80B202A6D40F2371313409C
:1029700043B195F858302BB1B8F80A3043F0100342
:10298000A8F80A30236893F830306BB9236A1B68C3
:10299000022B09D1BAF86230980605D5B8F80A308A
:1029A00043F02003A8F80A30236A5B7D43B194F812
:1029B00072342BB1B8F80A3043F48063A8F80A30B7
:1029C000236893F8A9305BB1D5F8EC30590407D4EB
:1029D000AB792BB1B8F80A3043F48073A8F80A3009
:1029E00022AB009308F10C030193D4F89406002362
:1029F00029463246029756F055DFBBF1800F03D1CE
:102A0000D5F890301C9A5A612E9BC3F8009025B0DF
:102A1000BDE8F08FD40D89002DE9F04F4E688FB0DE
:102A20001746C6F3C0420C46D1F808A002920546EC
:102A3000002104A82822994600F084DC2369C6F30B
:102A4000004B26F08646039326F4EA162AF0830309
:102A50006660A360002F00F0BF803B7897F801808C
:102A600043EA0828A4F80081BB7884F8023146F4D0
:102A7000803363602B6893F84120B2B193F8423001
:102A80009BB146F4A026D4F82431666093F85D30FB
:102A90007BB91AF4007F03D094F82430D90608D506
:102AA0002846214636F04EDC03E02846214636F023
:102AB0003BDC0622284621462DF05EDFA26812F09C
:102AC000006222D108F00C039B10012B94F8FE0049
:102AD00094F8FF1006D0032B09D043B9012284F8E3
:102AE000FE2001E084F8FE3084F8FF3003E084F833
:102AF000FE2084F8FF2094F8FE30834207D194F83A
:102B0000FF60761A18BF012602E0002600E00126C9
:102B100018F4407F03D0636843F08043636018F08B
:102B2000010F03D0A36843F08003A36018F0200FC7
:102B300003D0A36843F00103A36018F0400F03D053
:102B4000A36843F00203A360A3680AF0030A03F03A
:102B500003039A4518BF012618F0100F03D16368CC
:102B600043F48013636018F4804F03D0636843F02C
:102B700000736360C8F34008B9F1000F38D005F561
:102B80003E7003304946162200F058DBB8F1000FC2
:102B900003D099F80180C8F3800899F801301A072A
:102BA00003D5636843F08073636099F8023013F0D3
:102BB00008030ED0039A41F61001D2F8083140F60E
:102BC00008425B8E03F44043B3F5404F14BF0B46FD
:102BD0001346A5F8DC320BE02846214606222DF0EC
:102BE000CBDE2846214636F09FDB3E46B84619E04C
:102BF0001022F91C0DF1250000F020DBD5F88434FB
:102C000004A8997873F0E4DED5F86812284624F019
:102C100095DEFF230190002204A80093014613468D
:102C200073F05ADEBBF1000F11D0636813F48033E8
:102C300010D009AA0023E11812F8010F91F85110E1
:102C4000884206D10133102BF5D1002302E05B4608
:102C500000E00123626802F48031C2F30042934530
:102C600000D163B104F1510029B10DF12501102209
:102C700000F0E4DA02E0102200F064DB0126B8F193
:102C8000000F03D0636843F400236360029B434555
:102C900000D146B1D5F8843493F87B301BB928466F
:102CA00021467BF085DA0FB0BDE8F08F00F50661B4
:102CB0002DE9F041093104464AF0D6DF94F8723824
:102CC0000546002B74D0002872D06A21206948F094
:102CD000CFDC460006F114084146206948F0C8DC04
:102CE000002207464146206949F004DB380406D437
:102CF000304831493A46BDE8F04100F0499BD4F8EC
:102D00008484012388F86D3198F828313BB1A0689C
:102D1000D8F8301111F044DE002388F8283120461D
:102D200029460CF0C2F998F81D3153B1012388F8F7
:102D30002831A068D8F83011D8F82421002311F0E8
:102D400009DE206906F1160148F092DCB4F870380B
:102D500083422DD10022134679B22846D5F810615E
:102D60005BF094DC28465BF0D7DBAB798BB9D5F808
:102D70001421D5F80831128A5A852B7C4BB1D5F82D
:102D8000EC30990405D473791BB92846012144F02D
:102D9000E5DA0023B37194F80C22D6F8F0309A42A9
:102DA00006D0284684F80C32BDE8F04124F04A9A57
:102DB000BDE8F0811B5A8900F14D89002DE9FF41E2
:102DC00004460D4616461F460A994BF017D8204672
:102DD000294632463B46FEF761F9B0F10008C0F2E1
:102DE000A18023685B7E4BB9206956F02BDC28B1AB
:102DF000A06811F0DBDD4FF0FF3893E03EB1032F08
:102E000005D903A83146042200F018DA01E00023B6
:102E10000393342D18D008DC022D11DB032D13DDB4
:102E2000A5F11B03012B0BD80EE0D62D0CD001DC35
:102E3000A32D04E0FB2D07D040F20B139D4203D0DD
:102E4000002E65D0002F63DD3E2D02D0402D62D1D3
:102E500035E023681B7E002B60D0D4F884240399CE
:102E600092F81C318BB1CBB282F84631D4F884246D
:102E70001172D4F88424206992F8AC1001220092D7
:102E80000192002249F0C0DB3FE0204649B27DF0CC
:102E900095DEB0F1000845DBD4F88434039A20466F
:102EA0001A722CF095DF20467DF028DF2046D4F8FA
:102EB000B0141EF051DA204624F038DA32E0039BD9
:102EC0005A1C042A2CD8013301D103230393D4F8CC
:102ED0008434039993F81C2172B1C9B283F8AD1000
:102EE000D4F88434002293F84531206900920122FD
:102EF000019249F089DB04E0236AC9B2186965F0E0
:102F00007BDAD4F88434039ADA714FF0000809E0D0
:102F10006FF0010806E06FF0160803E0984601E044
:102F20006FF01C08404604B0BDE8F0812DE9F34184
:102F3000089C07460E46154698460094FFF73EFF4C
:102F400010F12F0F0CD010F1170F0BD1384631466E
:102F50002A464346089402B0BDE8F04118F0B09B01
:102F60006FF0160002B0BDE8F08113B504462CF0F6
:102F700011D820461CF0B8DBD4F88434012293F831
:102F8000AD10206993F846310092019249F03CDB84
:102F9000206902B0BDE8104056F0669B37B5036863
:102FA00004465B7E002B40F01A81006956F04ADB34
:102FB000002840F01481236893F8203033B9206949
:102FC00047F072DE2368012283F82020206905F093
:102FD00012FE236893F8693113B120464BF042DCAE
:102FE000D4F88434032293F8513000928022002BCD
:102FF00014BF134600232046042126F04FDA23682D
:10300000DB6EE3B9206948F0CFDF093017D12268C1
:10301000D36E13F0020512D143F00203D366D4F845
:103020006432595941B18B7933B94B7923B10B7C57
:1030300013B120464AF05EDC0435202DEFD1236821
:10304000DB6E1BB1204619F087D9C6E0206948F035
:10305000F7DC206990F934114D1C03D1012148F0AF
:10306000EDDC01E048F042DC01236376204627F0E6
:10307000ABDD23682046596B0323009321B14FF445
:1030800080720021134602E04FF480720B4626F056
:1030900005DAA06811F006DD236801221A7694F89B
:1030A000CF3173B120462CF093DED4F85433204650
:1030B000598E2BF0BFD9002384F8CF31204624F05D
:1030C00035D9D4F844260321204624F033D92046AC
:1030D00016F0E8DBB4F83415204629F095D92069BC
:1030E00048F04EDF0323202200932046134601219F
:1030F00026F0D4D9236893F82F301BB1D4F81805E3
:103100003BF0AADF20461DF08BD820467AF0D0DDB8
:1031100001254FF47A72D4F8E8110123A06811F068
:1031200019DCD4F89C0184F82A5280F001DE204694
:103130007DF0E4DDD4F88434204693F9121017F0C2
:10314000F1DD20462DF034DD20462DF01DDD20463A
:1031500029462DF0BFDDE36884F86056D3F82421BA
:10316000294642F04002C3F82421236A002218694C
:1031700065F048D9236884F88C5693F8693113B107
:1031800020464BF0AFDB6A21206948F071DA00304D
:1031900018BF012084F873087E21206948F068DA9E
:1031A000421E92B24FF6FD739A4206D84300013098
:1031B0004000A4F85038A4F85208B4F8501821B1CF
:1031C0002046B4F870272DF065DFB4F8521849B1E5
:1031D0002046B4F854282DF05DDF002003E06FF0A6
:1031E000080000E008463EBD2DE9F04FB5B0DDF81F
:1031F000FC800D93B8F80A700D46ADF85870114672
:10320000BFB29146129704461AF09ED8B9F81670CC
:10321000C0B21A97B9F8047010900D9948461B97E0
:1032200073F056DC419F4FF0000A87F800A008F1C8
:103230000C071597409F0F900C3F1897109FDDF8D3
:1032400060B00C97159ECDF844A0CDF824A0CDF821
:1032500064A0CDF828A0CDF838A0CDF82CA0CDF8EA
:1032600050A0CDF84CA0CDF820A0CDF81CA02F4642
:103270004FE03378951C2D2B21D007D8012B13D08C
:1032800043D3032B12D02A2B40D114E03D2B1DD069
:1032900005D80899322B08BF3146089136E04A2BF1
:1032A0001BD0DD2B32D11FE007962FE0B2784FF014
:1032B000010A0C922AE0B31C1393149226E02046D4
:1032C00031462A4658F03ADA0A901FE02046314645
:1032D0002A4658F009DA0E9018E0204631462A4670
:1032E00057F09CD9199011E0032A0FD9B01C042281
:1032F0009149FFF38FF7119B002808BF2B461193CC
:10330000099B08BF3346099300E00B967619C5EB7D
:103310000B0BBBF1010F03DD7278531C5B45A8DB7F
:103320003D46099F3FB10A9F2FB920460999119A3E
:1033300058F0B8D90A90002D7AD1129FBE0740F1FB
:10334000DA830B9B002B00F0D6832046991C5A7819
:103350004AF00EDD3190002800F0CD83037C002B75
:1033600040F0C983037A002B00F0C583D0F8083100
:10337000588E01F06FDC0C9F874240F0BC83319F78
:103380002046394617F054DD002847D038464946D4
:103390000D9A43461DF09ADF00283FD040993E9B8E
:1033A000D7F8046103F11002019120464946012338
:1033B000CDF800800296FFF739F9002830D1B6F831
:1033C00030B0BBF1000F2ED1216AD4F884345031D3
:1033D0005A469B7806F1380073F052D94099384626
:1033E00000910D9A4946434643F034D9CDF800B0D8
:1033F000CDF804B03B7C2046D3F1010338BF002355
:1034000002937D22394607F1DC03CDF80CB0CDF8EC
:1034100010B01EF08DD901220B9206E00B9504E04E
:1034200000230B9301E000210B914FB33D4601E0D7
:1034300000270B971A9F3E9917F4404F0CBF4FF08F
:10344000000B4FF0010B01F10A07204629463A46CE
:103450005B467AF04DDB064600BB2B7C002B40F030
:103460004D83204629463A465B467AF043DC0646C1
:10347000002800F04383204631467AF0ABDA0DE0B5
:1034800094F88E32002B00F039833E9F204607F1DE
:103490000A0131AA7AF0D6DA064610B17368D80765
:1034A00020D4089F27B17878B91C27F07BDD58B964
:1034B000079F67B1B91C787827F074DD10F1000B15
:1034C00018BF4FF0010B04E04FF0010B01E0DDF8F5
:1034D0001CB066B1BBF1000F07D1736843F0010364
:1034E000736004E04FF0000B01E04FF0010BCDB131
:1034F000AB79DBB92B7A0BB3D5F808315B8E079328
:1035000003F46053A3F5C052534243EB0203079800
:10351000089301F09FDB0C9FC11B484240EB010068
:1035200009900EE00895079509950AE0002708978D
:103530000797099705E000BFFE370100089307933E
:103540000993B4F88E32002B7FD0236A5B7DC3B120
:103550000C9FD4F87C040E2F8CBF4FF44042002205
:1035600047F48051129F114307F02003D3F1010368
:1035700038BF00230193139A149BCDF800B071F06B
:10358000CDDE236893F84F309B0712D00C9FD4F800
:1035900080040E2F8CBF4FF44043002347F480512A
:1035A000089F19430E9A0A9BCDF800B0019772F05C
:1035B000D9DB94F88E32002B47D000210C222EA8A4
:1035C000FFF3C0F6944B1CAF2E93944B384600216A
:1035D00028222F933094FFF3B5F6BDF858100DF163
:1035E000980CDDF830E0ADF876106046002120221E
:1035F000CDF818C01C968DF874E08DF878B0FFF304
:10360000A1F62D970D9F236827973E9F93F84F3083
:103610002897109F03F003038DF8A8700F9FDDF823
:1036200018C02B97159F8DF8B0300197189FD4F8CC
:103630009406002190222EABCDF89890CDF8A4806E
:10364000CDF800C0029756F0E7D994F88C32002BE1
:1036500000F05682099F002F00F05282236893F8F1
:103660004F20970700F08A800E9F002F00F0868081
:103670000A9F002F00F0828093F8A93033B1D4F86C
:103680007801294653F0F2DC002877D10E9F2046BE
:103690007A78397824F0ACDC079F034617F4404F62
:1036A0000CBF002201220A3254F822201192D5F8D0
:1036B000082162B1D28812F0200208D00A9F3A781D
:1036C00012F0020203D00E9F7A78C2F380020992B0
:1036D000BAF1000F0BD1109FDAB2BA4207D01846E8
:1036E000069301F0B7DAB842069B40F00982D5F89C
:1036F0000821002A2DD01846069301F0ABDA0746C0
:10370000079801F0A7DA8742069B22D1D5F8082155
:10371000528E9A4232D0002E30D02A7A002A2DD0F2
:10372000204611992A4625F055DEFF28074600F06D
:10373000E781DDF824E0204629463A465FFA8EF319
:1037400015F088DED0B1204629463A462DF0C6D97C
:1037500014E0BAF1000F11D01846069301F07ADA9E
:103760000C9F069BB84200F0CB8103F46053B3F585
:10377000805F03D0B3F5C05F40F0C281419F012359
:103780003B702368D5F818A193F84F30980716D0EE
:10379000AEB10A9F37B1199F2046009731460A9A69
:1037A0000E9B0AE02B7C53B97368D90307D50A9F97
:1037B0002046009731463A463B4617F075D92B7C98
:1037C000002B00F0BF803E9F0D9B204629464A46B5
:1037D0008DE8800115F02ADF236893F83B3043B170
:1037E0000D9F2046294632464B468DE880015EF00B
:1037F00013DA9AF809301BB1284600212BF028D99A
:103800009AF80D30DBB1D4F830371A680AB11F7A54
:1038100037B12846002110E0F1CF8100F5CF8100BB
:1038200004F020D9D4F830371A69821AB2F57A7FB9
:1038300005D901221A72284639462BF001DCD4F84A
:1038400030371B68002B48D01B9F0123C7F3C012E1
:103850000F9920461EF08EDB98F8023098F8011080
:103860001B0443EA012398F80010B8F808700B43D2
:1038700098F80310024643EA0163329398F8063041
:1038800098F805101B0443EA012398F8041034A8A3
:103890000B4398F80710002F08BF642743EA016321
:1038A00040F8043D32A900F0E7D93846329A3399FE
:1038B00080F05ADAD4F83037BF021A68BA1A904248
:1038C0000BD95A68BA1A904207D23F1A5F60D4F8EF
:1038D0004401294601225FF0CFDC236A5B7D2BB1D6
:1038E000129F2046C7F380212CF076DAD4F85801D5
:1038F000079950F0B7DD80B1D4F85801079950F01E
:10390000A7D9236A186964F0F5DE079FB84204D18D
:10391000002120460A4625F079DE4A460D9BD4F860
:1039200044012946CDF800805FF06ED8D5F8EC3020
:103930009A0458D5D4F84C0129464246409B63F07E
:10394000F7DF50E0BBF1000F03D1129FC7F3401324
:1039500000E00123DBB23EB1726813B142F0040211
:1039600001E022F004027260226A527D4AB10193A2
:10397000D4F87C042946139A149BCDF800B071F05A
:1039800025DD236893F84F309B070AD0089FD4F8B1
:10399000800429460E9A0A9BCDF800B0019772F078
:1039A00039DA0B9FFFB9D4F868329D420CD0284613
:1039B00049460D9A43461DF089DC28B12846494600
:1039C0000D9A43462CF0BEDA94F88E325BB9D4F8E7
:1039D00068329D4207D1284615F090DE18B1204686
:1039E00041461BF02BD800210C222EA8FFF3AAF48D
:1039F000454B1CAF2E93454B0021282238462F9370
:103A00003094FFF39FF4BDF85810DDF830E01C96B9
:103A100026AE2022ADF87610304600218DF874E0F5
:103A20008DF878B0FFF38EF42D970D9F23682797BC
:103A30003E9F93F84F302897109F03F003038DF8B3
:103A4000A8700F9F8DF8B0302B97159F802201979B
:103A5000189F2EABD4F894062946CDF89890CDF84F
:103A6000A4800096029755F0D7DF9AF80230013B08
:103A7000DBB2012B13D8AB798BB92A7C7AB1D5F89C
:103A8000182192F86C20022A09D14FF0FF320192DE
:103A90002046294605F1DC02009329F07DDD0F9FC9
:103AA00017F0407F01D1384602E00F9872F08EDEA9
:103AB00000F07F0002280AD0042808D00B2806D086
:103AC000A0F1160CDCF1000040EB0C0000E001203E
:103AD0000190B9F80400B9F80610800B029001209B
:103AE0000022039099F91C302046090A009204959F
:103AF0000BF00DFB04E000270B97C1E40026D0E497
:103B000035B0BDE8F08F00BFF1CF8100F5CF810067
:103B10002DE9F04F91F91530A1B0002504468A46F1
:103B20001E951F9573B11BF0D7DD58B12368BAF805
:103B30001C20D3F88830D3F8C8118A18C3F8C821DC
:103B400000F0A3BCBAF80230606803F00703052B4D
:103B50000B900A9300F2A48463690A9953F8210038
:103B6000002800F09D849AF81820022A089200F09C
:103B70008984714B0221DB6B9847814638B9204616
:103B80000A9914F0BDDE8146002800F089842046A1
:103B9000494611AA23F0FEDF236893F89C30012BDD
:103BA00006D0BAF80220BDF848309A4240F073843B
:103BB000B9F80E30614E03F007030993604DF35CD2
:103BC0004946EB5C11AA0C93189B0D9318881EAB09
:103BD0000E90009320461FAB18F094D9236893F8F9
:103BE0004F309B0717D011A81BF0A4DC38B1236815
:103BF000D3F88830D3F8A4220132C3F8A42211A844
:103C00001BF0AADC38B12368D3F88830D3F8AC2293
:103C10000132C3F8AC22D9F818305D056CD511AD6E
:103C2000204629462CF040DE08BB5346D4F8340128
:103C30001E994A46009534F05DDB236893F8E13025
:103C4000002B59D01E99002956D0BDF85000BAF863
:103C500002200090BDF84E30D4F8F8067AF086D8ED
:103C6000D4F85C011E990C9A7AF0D2DB44E01F99DB
:103C7000A1B1089A072A11D1D1F8EC3098030DD4DC
:103C8000D4F84C0163F0C0DC28B9D4F84C011F997A
:103C900063F01CDD10B11F984AF0F2DA11AB00930B
:103CA000D4F8340153461E994A4634F085DA236825
:103CB000054693F8E13093B11E9981B1BDF85000EB
:103CC000BAF802200090BDF84E30D4F8F8067AF029
:103CD0004DD8D4F85C011E990C9A7AF099DB1F98A4
:103CE000002800F0D2838379002B40F0CE830AF1C4
:103CF00008016FF0B9DBC8E3204611A9D9F8347088
:103D00001BF040DCBAF81C60FF0E07F001070F90B3
:103D1000BAF81A80E6B12368D3F88830DA68013A35
:103D20009219DA601E9B9BB167B1D3F82C22013A3D
:103D30009219C3F82C220BE010A78800BAD588008E
:103D40006CE18800D3F83822013A9219C3F838227E
:103D5000B8F1000F06D02368D3F88830DA68013A4A
:103D60004244DA600E98494600F48063D3F10103BF
:103D700038BF00230B98079300F016DED9F81850CF
:103D80009AF91930C5F3C06B002B00F086802368C8
:103D90001E98D3F88830D3F8A8210132C3F8A8219F
:103DA000D3F8C821013A9219C3F8C82128B1036990
:103DB0001BB1DB68DA6B0132DA63012E05DDD4F862
:103DC0008C54013DAD19C4F88C54079900294DD08D
:103DD0002368D3F88830D3F8D8210132C3F8D8212A
:103DE00028B103691BB1DB685A6B01325A630123A6
:103DF0000999002208F065F8D4F88C347BB1236867
:103E0000D3F88830D3F8B4210132C3F8B4211E9B13
:103E10002BB11B691BB1DB68DA6A0132DA62D4F8B4
:103E20008C34012B14D923681E98D3F88830D3F82A
:103E3000B8210132C3F8B82128B103691BB1DB688E
:103E40001A6B01321A6309990C22012308F039F820
:103E50001E9B5BB12FB1D3F828220132C3F8282270
:103E600004E0D3F834220132C3F834221E9B13B18C
:103E70002268926A9A621F9B002B00F015829A7941
:103E8000002A40F01482197C002900F01482D3F833
:103E9000103101259A7190460FE215F4825543D0F6
:103EA00023681E98D3F88830D3F8A8210132C3F8CC
:103EB000A82128B103691BB1DB68DA6B0132DA6330
:103EC000079A0AB32368D3F88830D3F8D82101328F
:103ED000C3F8D82128B103691BB1DB685A6B0132E2
:103EE0005A6301230999002207F0EBFF1E9B5BB187
:103EF0002FB1D3F828220132C3F8282204E0D3F8E6
:103F000034220132C3F834221E9A002A00F0D881EC
:103F10001F9B002B00F0DA819D79002D40F0DC81A1
:103F200023689B6A9362D8E1089B032B09D0042B7A
:103F30000CD12368D3F88830D3F810220132C3F8AB
:103F40001022A8462F460126AB46DDE10898052839
:103F500029D123685A6BD3F88C103AB1B9F80E20E6
:103F6000954802F00702825C9448825C143201EBAF
:103F7000C2014A68D3F8883001324A60D3F8A022DF
:103F80001E980132C3F8A02209990422012307F0E8
:103F900098FFB4F83455002D00F0A381204623F09B
:103FA000DFDA00259DE10899012916D11F9B93B105
:103FB0009B7983B11E9B73B11A7DD20704D493F809
:103FC00024309B0740F16582204649465246079BB4
:103FD0003CF09ADC4BE0089E4DE0089A062AB0D0EF
:103FE000072A51D11F99002900F05382D1F8EC30F3
:103FF0009F0040F14E829E030DD4D4F84C0163F033
:1040000003DB28B9D4F84C011F9963F05FDB10B1D2
:104010001F984AF035D91E99002900F03A821F9B5B
:104020009B795BB191F824309D0707D58B685806C2
:1040300004D50122204613463CF0B4DBD9F81830F1
:10404000590544BF43F48073C9F81830D9F81830C3
:1040500023F40043C9F818301F9BD3F8EC309A03BF
:1040600040F1178220461E994A4625F0BBDB0646E2
:10407000002800F03A81002520460AF114011BF0C7
:1040800021DBA8462F465FE7BAF8063033B1236834
:10409000D3F888309A6B01329A6352E71B9B1B78E6
:1040A000DB0741D57EB12368D3F88830D3F8A82147
:1040B0000132C3F8A8211E9B2BB11B691BB1DB6821
:1040C000DA6B0132DA63079B002B00F0138123685F
:1040D0001E98D3F88830D3F8D8210132C3F8D821FC
:1040E00028B103691BB1DB685A6B01325A63099925
:1040F0000022012307F0E5FE002E00F0FD8023687A
:104100001E9DD3F88830D3F8AC210132C3F8AC211E
:10411000002D00F0CD812D69002D00F0C981EB68E4
:104120009A6B01329A63C2E11F9B002B48D09A79A7
:10413000002A45D11B7C002B42D00D98037CDD0763
:104140003ED53EB12368D3F88830D3F8A821013298
:10415000C3F8A8210799002900F0CC8023681E9895
:10416000D3F88830D3F8D8210132C3F8D82128B148
:1041700003691BB1DB685A6B01325A63099900224B
:10418000012307F09EFE002E00F0B68023681E9DDE
:10419000D3F88830D3F8AC210132C3F8AC21002D1C
:1041A00000F086812B69002B00F07C81DB689A6B24
:1041B00001329A6376E100BFBAD588006CE18800CD
:1041C0000F9AB4F86A341AB1984503DAB4F86C342B
:1041D0009E4261DB22680798D2F88830D3F8C85134
:1041E000AD19C3F8C851002800F08980D3F8B01188
:1041F0000131C3F8B011D4F8843493F81D1109B318
:10420000D4F868128979E9B992F8642122B193F857
:104210006D210AB183F86D11D4F88414204601F59C
:1042200082710BF048F9D4F88434012283F82821F4
:10423000D4F88434A068D3F83011D3F824210023B3
:1042400010F088DB1E9860B12FB1D0F83032013306
:10425000C0F8303230E1D0F83C320133C0F83C32A3
:104260002AE101230999082207F02BFE1E9B2BB19E
:104270001B691BB1DB689A6A01329A62002502232E
:104280008DE8280020461F9914221B9B0295039558
:1042900004951DF04DDA33E023680025D3F888300B
:1042A000DA690132DA614CE60125984605E001251C
:1042B0004FF0000801E0012588462F462E4623E0F6
:1042C0000127154690463E4693461DE001271D46B0
:1042D00098463E469B4617E000250127A8463E46E5
:1042E00032E6A8462F4601260EE0054680460746E0
:1042F000834609E0079DDBE03546B046D9E0079DDF
:104300004FF001082F464646B4F8343543B1D4F88F
:1043100038352BB10899052902D0204623F00ED953
:10432000BBF1000F4ED01E9B002B4BD011A81BF0F1
:1043300001D99DF84E30834603F00303023BDBB204
:10434000012B04D8204611A92CF0B6DA00E0FF209A
:104350000A9A032A0AD85B498B5C04EB4303B3F83F
:104360003622130903F00F03120B03E0B4F86E3486
:10437000B4F87024009200220392BDF84C20019002
:10438000C2F300320492D4F85C011E995246CDF873
:1043900008B07AF0BFD8236893F8E13093B11E9942
:1043A00081B1BDF85000BAF802200090BDF84E303F
:1043B000D4F8F80679F0DADCD4F85C011E990C9A8E
:1043C0007AF026D820460A9901222CF0E7D81E98C8
:1043D00060B15EB1E368D3F88021D9F830309A42F9
:1043E00004D91DB10999D21A07F079FD1F9DB5B105
:1043F0000AF1140120462CF03DDB014628462CF042
:10440000EFDB0E9A02F0FC03082B01D0882B06D1BB
:10441000079B23B11F980AF108016FF025D81E9958
:10442000C9B10B7DD80716D41F9BA3B19A7992B955
:104430001A7C82B11A7A72B1D3F8EC2092040AD4B1
:10444000D3F810315B7933B9204652463B46CDF85C
:10445000008043F075D97EB10AF1140120462CF09A
:1044600009DB49460246D4F8880463F01DDE0B9848
:104470004946012203F0B2DF079828B10025C4F8AD
:104480008C5402E0002500E0079D284621B0BDE8DD
:10449000F08F0126EFE50B984946012203F09EDFDD
:1044A0000125F2E7D5F868310133C5F868310025F8
:1044B000A84601273E4627E7D0F84C310133C0F823
:1044C0004C31CEE66CE188002DE9F04F002BB5B001
:1044D00007930CBF04230A230993079B15690DF169
:1044E0002C0918BF2023044615AF884693460021A7
:1044F000282248460693D5F80C610DF1B80AFEF360
:1045000021F7002128223846FEF31CF700210C2257
:104510005046FEF317F7336B20468DE80804294612
:10452000069AF36ACDF8B8902F9714F0F3DD0028BF
:1045300040F0F880B8F80630D80715D5216A4B7DD1
:1045400093B10A6D0CA854310B92FEF377F6D5F8AF
:10455000EC30990405D5D4F84C0129464A4663F05D
:104560008BD90023159308E015AB0093204629460C
:1045700008F138020BAB26F021DCF36A83B128A8DE
:1045800000211822FEF3DEF6F36A2D942893336B94
:104590002993674B2B93674B2A93674B2C9328AB3C
:1045A0001FAF0021242238460893FEF3CBF60BAB55
:1045B00000210822219331A815AB2293CDF87CB0BD
:1045C000CDF88080FEF3BEF62368294693F84F208D
:1045D00034AB12F0030218BFDBF80420D4F89406C1
:1045E00018BFC2F3004203F80C2D0093069A089BF3
:1045F000329755F0E9D9099B069900EB030A33ABD2
:1046000002932046424605F1E2038DE8000523F0BF
:104610003FD8074630B920463946B5F82E2140F03C
:1046200015DB80E0204629464246DDF8CC901CF0A0
:104630005BDBA9F80000738CA9F80230339B0433CC
:104640003393079B13B9AAF1040A13E006F1240976
:104650004846FFF3E3F410B93398494602E0339833
:1046600005F1F8010622FEF3E9F5339BAAF10A0AE7
:104670000633339331AB0093339BD4F89406019304
:104680002946069A089BCDF808A055F00BD981461B
:1046900028B160683946012203F0A0DE42E0339B76
:1046A00000900190029003932046294657224B46E2
:1046B000CDF810A01DF03CD8706B18B103F06ADE85
:1046C000C6F83490079B23B1339B0AF1060A063BD8
:1046D0003393339B0AF1040A043B3393079B504600
:1046E00086F83C3003F044DE706308B9B06305E03F
:1046F00033995246FEF3A2F5C6F838A0B8F86230F6
:104700000095C3F3401301930023029303933946AA
:104710002046D4F8BC255B4626F09AD9002808BF6D
:10472000002700E00027384635B0BDE8F08F00BF15
:10473000CDCE8100DDCE8100FDCE81002DE9F04F90
:1047400095B0064606910792209C219DD0F80090D6
:104750009B46002B00F0B380ECB91E9A012A1CD1B5
:104760001F9A931E012B18D8032A16D1002D40F052
:10477000AB80C36E5A1C05D01C3350F82350002D5B
:1047800040F0A28048460021B6F82E2140F0D6DD48
:104790004FF0000894E0002500E025464FF0B008F7
:1047A00006270DF1200A002124225046FEF3CAF507
:1047B0001E9B1F9A0893229B099211A80021082290
:1047C000CDF828B00B930594ADF83040FEF3BAF560
:1047D000CDF848A044B1089B032B0FD14C2C0DDB26
:1047E0004D2C01DD7E2C09D111AB0093D9F8940634
:1047F0003146B022002355F0E7D83F18079B4146C9
:104800008DE8880013AB02934846069A06F1E2034E
:1048100022F03EDF8046002852D075B1002300937D
:1048200001932A46139B4846314658F00DDC95F912
:104830000E30139AFF1AD21813921E9BDDF84CA06B
:104840009AB2AAF800201F9BAAF80230059BAAF88A
:1048500004300AF1060313933CB1032A17D14C2C00
:1048600015DB4D2C01DD7E2C11D111AA8DE80C0039
:10487000063F0297D9F894063146B022002355F03E
:1048800011D824B9BDF830300BB1AAF80430B3798F
:1048900013B1F368DA6801E0D9F8BC259DF88C30D3
:1048A000414601930023039348465B4600960295D8
:1048B00026F0CED8002808BF4FF0000800E0984648
:1048C000404615B0BDE8F08F95F90E7044F2B0087F
:1048D000063766E72DE9F0470446A4B090469A46AD
:1048E0000D4600296DD0D1F86433002B69D004AF98
:1048F0000EAE33463A460DF1600923F01BD9002174
:1049000024224846FEF31EF5236A0021653308225F
:1049100021A81893CDF864808DF868A01B971C9689
:10492000FEF310F52368CDF8889093F84F3013F01C
:10493000030307D0D5F8EC3003F48053D3F101031F
:1049400038BF002324AF07F80C3D2946402200233E
:10495000D4F89406009755F037D82D9B019000931A
:1049600023AB02938046402120462C9A05F1E203B6
:1049700022F08EDE064620B3239BD4F894060193E2
:104980002946402200230097CDF8088054F08ADFA2
:1049900028B160683146012203F020DD11E0D5F82E
:1049A000EC3013F4005306D0D4F84C0129463246BB
:1049B00063F0D8D905E020463146D4F8BC2528F06C
:1049C000DDDD24B0BDE8F0872DE9F04390F8A03795
:1049D00087B004462BB1002380F8A0374FF00108C0
:1049E00000E0984623681A7E32B9B8F1000F00F053
:1049F0003B822046022135E2206954F023DE18B1C3
:104A0000A0680FF0D3DF27E220461BF05DDB236AAE
:104A100020461F69D4F86832D3F814219D79167C9A
:104A20001CF0FCD9031C18BF0123384671B22A467A
:104A300063F094DC94F88C36ABB12369D3F88830FA
:104A4000D3F8245115F040050DD120462BF0C0D9E4
:104A5000236A84F88C56186929462A4663F0D2DC0A
:104A6000204622F063DC236820469A6A01329A626B
:104A70001CF0D4D918B9D4F8843483F8290120461D
:104A80000AF0B7FD236A186965F05AD80146204636
:104A900059F028DD236A186965F00CD901462046D3
:104AA00059F0D8DC236893F93D307BB1D4F8240168
:104AB00003A9002278F098DB01E00023C361D4F859
:104AC000240103A978F0A6DB0028F6D194F8D431AC
:104AD0004BB1204616F03EDB28B194F8E43113B117
:104AE000013B84F8E431204626F082D8204617F0B6
:104AF0001DDC204626F0D6D894F8D43113B12046D8
:104B000024F068DA2368DA6E002A40F0A58193F871
:104B1000693113B120464BF023D9204647F030DBF2
:104B2000236893F82F20CAB193F83030B3B12046F0
:104B30001CF09CD890B1D4F864120023CA582AB152
:104B4000907918B1507908B112791AB10433202B39
:104B5000F4D103E0D4F818053AF07EDAD4F8283519
:104B60001B68A3B120462AF0CFDCD4F828355A6858
:104B70001B68B2FBF3F103FB112313B9204615F0B8
:104B800089D8D4F828355A6801325A600AE0236877
:104B90009A6A1E23B2FBF3F103FB112313B92046DB
:104BA0002AF0B2DC94F88C3243B194F8F034013B33
:104BB000DBB2022B02D8204615F048DE0025D4F8DF
:104BC00064325F591FB3BB790BBB3B7AFBB1D7F89B
:104BD00018319B7ADBB1384625F090DEB8B13B7CCA
:104BE000ABB1D7F818319B7A8BB13B7A7BB107F127
:104BF000DC063046FFF312F2034640B94FF0FF32B5
:104C00000090019220463946324628F0C5DC043532
:104C1000202DD4D1204616F003DB236A5B7DB3B18F
:104C200023689A6A3C23B2FBF3F503FB152575B99B
:104C3000D4F86432585938B183792BB9037A1BB14F
:104C4000037C0BB917F028DC0435202DF0D1204669
:104C50002AF038DC20B9D4F8180539F0A9DF38B1CA
:104C6000236A20211869002264F03ADD002604E05E
:104C7000236A202118690122F6E7D4F864329D598D
:104C8000FDB1D5F8A83013B1013BC5F8A830D5F86F
:104C9000AC701FB1013FC5F8AC7012E0AB7983B1C5
:104CA0002B6D99070DD595F8A43053B102F0DADEDB
:104CB000D5F8B01040F052DE18B1C5F8A87085F8EC
:104CC000A4700436202ED8D1B4F850371BB1013B64
:104CD000A4F8503702E0204622F076DD0026354663
:104CE0000BE0D4F8C4329B195B6A23B1D4F8C82214
:104CF00052F82500984701353836236893F8B420D8
:104D00009542EEDB93F83B5045B193F83C502DB102
:104D100094F8FC5515B1E368D3F880510026D4F817
:104D2000643253F80690B9F1000F40D099F806307C
:104D3000002B3CD199F80830002B38D099F8563325
:104D4000DA0704D52046494699F8542305E0980728
:104D500005D599F855232046494624F0A7DB94F859
:104D6000FC3523B399F804300BB3D9F818314A460F
:104D70001978204629F02CDE236893F83B20B2B145
:104D800093F83C309BB194F88E3283B9D9F808314E
:104D9000D4F85001DF8D93F86030BF0201335F43D8
:104DA00099F844102B463A465CF066DFED1904365C
:104DB000202EB4D1236893F83B206AB193F83C309D
:104DC00053B194F88E223AB994F8FC3523B1D4F853
:104DD000500101215CF07ADF002384F8FC35226861
:104DE000D4F88434926AB3F89E30B2FBF3F103FB3B
:104DF000112313B9204609F095FAD4F8683223B18B
:104E0000D3F818210AB112781AB1D4F8640200223A
:104E100002E01B7ACBB9F8E7835893B19D79D3F8B8
:104E2000EC1015B1890405D40BE011F4005F08D033
:104E3000C90306D4197A21B1D3F818310BB11B7804
:104E40001BB10432202AE7D103E0A06802210FF051
:104E500027DE204619F0ECDFB8F1000F04D0204621
:104E6000022100222BF050DF07B0BDE8F0830000E4
:104E70002DE9F04F92F82A301446B2F81CB08DB0EC
:104E800006460D46D0F804A00F6952692BB193680D
:104E900094F8228003F11A0903E09268984602F11F
:104EA0001809A368072B0DD93046494613F0E8DCF2
:104EB00040B1B9F806304FEA132949EA03291FFA2D
:104EC00089F901E0B4F8089095F8243003F0120352
:104ED000022B0DD148F68E03994509D12068D7F8E9
:104EE000081110300622FEF395F1002840F0C88327
:104EF00094F82C30EBB9A38B1B051AD53368D3F883
:104F00008830D3F84C230132C3F84C23D5F824223F
:104F10000132C5F8242205EB4802B2F8A410B4F817
:104F20007E20914205D1D3F8BC210132C3F8BC21C7
:104F3000A6E3BB79CBF3802B002B32D1D7F8183105
:104F40001A7B92B194F82C207AB9BBF1000F0CD1E6
:104F500095F8CA10626A51FA02F2D00705D43846B1
:104F6000A18B029317F05CDB029B3268526BC2B1DB
:104F70001B7FB3B194F82A309BB194F8283083B1E9
:104F80000021384629F008DAD7F8EC30990408D522
:104F9000A28B12F4005204D1D6F84C01394662F0CB
:104FA00003D9238C5A0700F16B83A38B03F480434E
:104FB00063633BB93A6D40F237131340EBB197F896
:104FC0005830D3B10023A3633046234651462A46C6
:104FD000CDF800807AF042DB636B40B9002B00F023
:104FE0004F83D5F864310133C5F8643148E323B108
:104FF000D5F860310133C5F8603194F82C3043B9ED
:1050000008F15003B4F87E0005EB43039A889880BA
:1050100000E0002294F82C3043B3636994F82A200E
:105020009B680AB11A3300E01833B9F5006F40F0FD
:105030006E81A268072A40F26A811A7A1209042A4C
:1050400040F065819A6912BA002A00F060815B7CA9
:10505000012B40F05C8102F07043B3F1604F00F02F
:105060005681D2B2FF2A40F00B8350E1B4F87E00A3
:1050700008F1180910F00F0340F0A38005EB89092F
:10508000D9F8041079B11A465046029303F0A6D914
:10509000029B05EB8802C2F8843008F14A02C9F885
:1050A000043045F82230BBF1000F00F03081E36896
:1050B0006269039305EB88035A66A16B31B105F56C
:1050C0001C70053014311022FEF3B8F063699A6841
:1050D0005868510DC0F3140E9889DB8849058E4439
:1050E000C3F34A133168013302EB000C7344C969FE
:1050F000CCEB0303CEEB020E896803EB0E02101813
:10510000884234DA5046FBF791F808F1180905EBAC
:105110008909C9F80400002800F0B2826269806839
:105120009168536821F07F4E2EF4600E9289C3F38C
:105130001403C3EB0E03C91A9A18FEF37FF06169DA
:105140008B684A6823F07F4323F46003C2F31402A0
:105150009A1AD9F804309868801898609889821A49
:105160009A81888900229881504603F037D9D6F871
:10517000E015039B05EB880259186FF005035B1AD5
:105180003168A148C96989685B18C2F884306168D0
:105190000822FEF33FF06B6810B943F0080301E00A
:1051A00023F008036B60994861680822FEF332F02F
:1051B000AB6810B943F0200301E023F02003AB609B
:1051C000A5E005EB8901496800293ED0504020F058
:1051D0000F0020B902F00F02013293420FD00022DB
:1051E000504603F0FBD808F1180205EB82020023B9
:1051F000536008F1200205EB8202536021E0A16BAD
:1052000049B105F51C70053014311022FEF302F08F
:10521000002840F0358208F1200905EB8909A368D0
:10522000D9F8042008F1180C93421DD905EB8C071E
:1052300050467968002203F0D1D800237B60C9F87A
:10524000043008F14A0845F828303368D3F888302C
:105250001A6E01321A662B69002B00F01182DB688E
:105260005A6D01325A650BE28DE8080405EB8C0C8F
:10527000DCF80410304609F104026368CDF808C078
:1052800013F036DF50466169002203F0A7D8DDF83D
:1052900008C0BBF1000F3AD1DCF8042008F14A0342
:1052A0006261CCF804B045F823B09368928903F1A9
:1052B0001801C9F804B06160A2F11801A16094F866
:1052C00029102360E26021B103F11E011E3A6160E2
:1052D000A26094F82A203AB1626884F822800232EF
:1052E0006260A268023AA2601A785B7842EA0323FD
:1052F000A383636B5BB1A36B4BB193F90E20616821
:105300008A18626093F90E30A268D31AA360A36B67
:1053100063B11B7A042B04D1304621467AF02ADA95
:1053200004E00B2B02D120461AF0ACDBBBF1000FDE
:1053300040F0C481626993695B0613D5BB792BB9D0
:10534000D4F88010384618316EF08ED863699B69A6
:10535000180640F19581D6F830012946224601F021
:10536000B5F9ABE123689888D988ADF81000ADF89D
:10537000121018895989ADF81400ADF818109889E1
:10538000D989ADF81A00ADF81C10188A598AADF801
:105390002000ADF82210988A94F82910ADF8240066
:1053A00041B1198B588B9B8BADF82810ADF82A00B2
:1053B000ADF82C30A38B13F4807F03F4007304D179
:1053C00004A9616723B108AB05E008A961670BB9BF
:1053D00006AB00E00AAB6168236793683046C3EB15
:1053E000010813F04DDA6369998988B1072940F201
:1053F00047819A68A8F106084244C8EB01089A6000
:10540000A3F80C80E26615E02C1D8900033801002A
:105410000D2940F235819A68A8F10E084244C8EB84
:1054200001089A60A3F80C802389E266190A41EA10
:1054300003239381A36B6BB11B7A012B0AD0032B3F
:1054400008D0304651462A46234679F0C7DE002868
:1054500000F01681A36B33B11B7A022B03D13046C7
:1054600021467AF087D997F85C339BB1E36E9B892C
:105470001A0A42EA0323934A1BB293420AD13046E6
:1054800061690622002315F0BBDD18B130463946AC
:1054900049F006D9626FE36E1188198050885880F0
:1054A00091889980216F0888D880488818818988D8
:1054B0005981616994F822E0C8890EF0070E20F046
:1054C00007004EEA0000C8811178C9070BD5316882
:1054D000D1F88810D1F8D0010130C1F8D001F968B5
:1054E000886D0130886597F8591061B195F82410DE
:1054F000C80608D49989080A40EA0121714809B20E
:10550000814240F0BD80D6F89811795C79B195F868
:105510002410C9060BD49B89190A41EA03236A495E
:105520001BB28B4203D026398B4240F0A980BB7955
:10553000EBB992F8008018F0010818D1D7F81831AB
:10554000384693F87420013283F87420D4F8801020
:1055500018316DF089DF61695046FFF325F20121B2
:10556000034642463846CDF800806DF0FDDFD6F8A0
:10557000D0361B68FB58002B35D01B68002B32D06F
:10558000D4F86C80B8F80C301A0A42EA03234D4A6A
:105590001BB2934227D197F8A73313B197F8F6338C
:1055A0000BB350466169424612232BF0C1DB002841
:1055B0003BD0B8F8103050461A0A42EA032361691A
:1055C00008F112029BB22BF0B3DB00282DD0636BE5
:1055D000D6F8D006003318BF0123394642467DF085
:1055E00077D900284CD17B69002B2FD0D4F86C8060
:1055F000B8F80C301A0A42EA0323324A1BB293422B
:1056000024D150466169424612232BF091DB60B1F0
:10561000B8F8103050461A0A42EA0323616908F1CB
:1056200012029BB22BF084DB30B93368D3F8883098
:105630005A6E01325A6623E0626B7869003218BFF5
:10564000012241462B4643F0B3DAC8B9D5F894316C
:10565000DB070BD594F8293043B9E36E9B891A0A0E
:1056600042EA0323174A1BB2934209D1636994F8B3
:105670002920009330462946636F26F045DC1DE063
:1056800033685A6BAAB161691048CA89D3F88C3063
:1056900002F00702825C0E48855C50460C3503EB35
:1056A000C5056B68AE6801336B60FFF37DF180194F
:1056B000A86050466169002202F090DE0DB0BDE89E
:1056C000F08F00BF8E88FFFFB488FFFFBAD5880037
:1056D0006CE188002DE9F04F4FF0000AAFB0CDF833
:1056E000B0A0CDF8B4A0D68A984610939B89044602
:1056F000212B0F461546CDF864A08DF84EA0CDF8AD
:1057000050A08DF857A08DF854A08DF88CA08DF87E
:1057100058A011922B92CDF888A001D803684AE0D6
:10572000D8F808901046494671F0D2D909F106031D
:105730000890C8F82C000B93B9F806301946ADF85C
:10574000483001F00C02184601F0F00301F44071FA
:10575000A1F5407E92081B09DEF1000141EB0E012C
:10576000022A08BF4FEAD30AADF84A205FFA8AF24C
:10577000ADF84C308DF855108DF85620B5F804E092
:105780000EF0030EBEF1020F04D100B2002801DAC0
:10579000DB0800E00023D8B28DF85700002914BFC1
:1057A0002823222302B1023300B1043310988089E8
:1057B000984206D22368D3F888305A6E01325A666E
:1057C0007EE399F80A3003F001038DF8583009F1AF
:1057D0001E030C9311B109F124030C9300238DF8DF
:1057E00059304AB10C9B5A781B7843EA0222DB09F4
:1057F00007928DF8593000E0079241463846FFF392
:10580000D3F0109909908B68384606338B608B89EA
:10581000063B8B819DF859301BB1FEF365F50146BF
:105820003846042202F084DD16F4404F9DF85520DE
:105830000CBF4FF0000B4FF0010B00232D9302BB68
:10584000BDF848300B9913F4407F09D101F11006DF
:1058500020460A315A462DAB78F00CDA2C9005E040
:10586000D80501D50E1D01E001F10A062D9B23B9D3
:105870002046314648F0F8D92D902D9B003318BFB3
:1058800001238DF85C302D9B13F1000A9DF85830F0
:1058900018BF4FF0010A43B90B992046043148F074
:1058A00009DA061C18BF012600E00026D4F80432ED
:1058B0001BB9236893F82C306BB3236893F83E2010
:1058C000002A08BF4FF0000A7EBBBDF84820D20571
:1058D00006D49DF858201AB1BAF1000F40F0F682B4
:1058E0009DF8552012B19DF858203ABB93F82C3002
:1058F000002B00F0C982BAF1000F04D120462946DE
:1059000058F064DEC0E22D9B9B79002B40F0BC82F6
:105910004FF0010A14E09DF858301BB9002E00F03A
:10592000B38202E0002E00F0D1829DF855302BB9F1
:10593000BAF1000F00F0A8829A4601E04FF0000A89
:105940009DF856300BB39DF859304BB194F80E3298
:10595000002B00F09982109B9A6942F040029A61F4
:1059600007999E4A01F00703D25C9D498DF84E309D
:105970008A5C0799149201F0100212118DF85420DC
:105980000C9A8DF88C3002320C92109BD989988930
:1059900011F4005218BFB3F850200C999B6882187C
:1059A000CB1A0E924146D21A38460D920693FEF358
:1059B000FBF7069B0B9AC31A0F93937DD17D43EAA5
:1059C0000123ADF8AA30BAF1000F2FD12CAB009310
:1059D0000E9B204601932DA92B4618F0ABDE002824
:1059E00040F0528274E22D99002900F04D820B9A0A
:1059F00020460A325B4678F07BD82C90002840F095
:105A00006D820B9A2D9920460A325B4678F072D946
:105A100001462C9030B92368D3F88830DA6E013211
:105A2000DA6631E2204677F0D5DF57E2BDF848303C
:105A300013F4407F04D12D9B1B7C002B3AD106E050
:105A40009DF855301BB92D9B1B7C002B32D0204676
:105A50002D990A325B4678F04DD92C9018B913E293
:105A60002C9B1B692D931EB123689A6A2C9B9A620A
:105A70002D9BD3F810210792BAF1000F21D19DF888
:105A80005520F2B99DF858201AB1BDF84820D0052C
:105A900010D49979BDF8482011B1D1050AD510E08C
:105AA0001B7C02F44072002B14BF4FF400730023E0
:105AB0009A4206D02368D3F888309A6D01329A65ED
:105AC000E2E12046294658F081DD002388F82300D2
:105AD00083462D9888F822308379ABB9BBF1000F4B
:105AE00012D0594695F91D20334658F0CFDD29468E
:105AF000D4F8C426204658F00DDD3246014688F819
:105B000022002D9858F010DE2C9B93F8922112B9A8
:105B1000D3F8F42052B3BBF1000F27D0D3F8F01024
:105B2000D3F8EC2042F821B0D4F88424517911F054
:105B30000100D3F8F01018BF95F91F0003EB8101A5
:105B4000C1F89C015279521012F00101D3F8F020F3
:105B500018BF95F9201003EB8202C2F8BC11D3F8EC
:105B6000F020013202F00702C3F8F0209DF8552022
:105B70002D9B0AB1DB6D3CE09A792C99002A31D03B
:105B80004B6B25934B685A061BD59DF85620C2B126
:105B9000BDF8AA20100714D191F8D7208AB10A7D48
:105BA000D2070ED4BDF84820D0040AD59A0308D5F0
:105BB000149A91F8C9301341DB0702D520463AF018
:105BC0000FD9BDF8483013F4805F2C9B5A6814BF7E
:105BD00042F4003222F400325A600BE0BAD5880059
:105BE0006CE188004A6B25921A7C1AB9DB6DD807E4
:105BF00000D525932D988379A3B9037C93B19DF8A3
:105C000058307BB9BAF1000F0CD1079B83F806A07E
:105C100094F80C22D3F8F0309A4203D084F80C3276
:105C200021F010DB9DF85830FBB12D998B79002BBA
:105C300040F02A810B7C43B10B98E23110300622F0
:105C4000FDF3E8F2002800F01F810B980430FEF30A
:105C5000D9F150B92D9890F8453033B90B990431EA
:105C600048F076D9002840F00F81BDF8AA30089A94
:105C7000A8F81C300B9BC8F82C201B7C2C9913F027
:105C8000010F099E4FF0000707D0D1F854310133BE
:105C9000C1F85431F1E9622306E0D1F85031013303
:105CA000C1F85031F1E96023921943EB0703C1E9D0
:105CB00000239DF858309BB999F8003099F80120DD
:105CC0001A4399F8023013430AD0D8F82C10D4F8AC
:105CD0005C016A8A78F0C6DB2C9B0899C3F85C11DA
:105CE00099F90330002B07DA2368D3F88830D3F80A
:105CF000A8220132C3F8A82299F8033013F0300F1C
:105D000007D02368D3F88830D3F8B0220132C3F823
:105D1000B0229DF85830002B71D1D8F82C002368A0
:105D200010F0407FD3F8886001D1C0B201E070F07C
:105D30004DDD16283AD00CD80B2825D004D80228DF
:105D400016D004285BD119E00C2823D0122856D194
:105D500026E030283CD004D818282DD024284ED155
:105D600030E0602840D06C2844D0482847D135E046
:105D7000D6F838320133C6F8383240E0D6F83C3233
:105D80000133C6F83C323AE0D6F840320133C6F867
:105D9000403234E0D6F844320133C6F844322EE0C3
:105DA000D6F848320133C6F8483228E0D6F84C32EB
:105DB0000133C6F84C3222E0D6F850320133C6F82F
:105DC00050321CE0D6F854320133C6F8543216E093
:105DD000D6F858320133C6F8583210E0D6F85C32A3
:105DE0000133C6F85C320AE0D6F860320133C6F8F7
:105DF000603204E0D6F864320133C6F864329DF8AC
:105E000058301BB12D980BA91AF01ED99DF85830A7
:105E10002BBBD8F82C0010F0407F01D070F0D6DCFE
:105E200000F07F00022809D0042807D00B2805D0F5
:105E3000A0F11601484240EB010000E001200022E1
:105E4000E98895F91C3000920190A888090A800B16
:105E500002902D9803920490204609F058F92C994D
:105E60004B685A030BD59DF8583043B9BAF1000F6F
:105E700005D1D4F838010BAA33F038DE33E02046E0
:105E80000BAAFEF7F5FF2EE023685A6BC2B19DF80E
:105E90005820AAB910991548CA89D3F88C3002F055
:105EA0000702825C1248845C38460C3403EBC4045D
:105EB0006368A56801336360FEF376F54019A0605E
:105EC00038461099002202F089DA0CE0B24637E534
:105ED000BDF8483013F4407F3FF485AD2D9B002B77
:105EE0007FF4C1ADBCE52FB0BDE8F08FBAD5880016
:105EF0006CE188000B68C968DB691A6889B14B7866
:105F0000012B0ED1B2F8BE3023F040031B041B0C52
:105F1000A2F8BE308978890644BF43F04003A2F856
:105F2000BE3000207047F8B591E88800DC6903684E
:105F30000D461A6892F8626126B1D3F8600806F03F
:105F400073FF0646F86DF9F725F958B156B1E868C0
:105F500058B14378012B04D00C23A3804FF0FF30BD
:105F6000F8BDA0610023A3800020F8BD38B5036808
:105F70004C681A6892F8625125B1D3F8600806F0AF
:105F800053FF0546E06DF9F705F950B145B9D4F86E
:105F9000A00300F02000002814BF0320002038BD1B
:105FA000032038BD2DE9F84391E808020568DC6953
:105FB0002B680E4693F86271D4F8008027B1D5F8AB
:105FC000600806F031FF0746D9F85C00F9F7E2F8FF
:105FD00088B187B1F06888B14278012A05D00C23D6
:105FE00023844FF0FF30BDE8F8836062D5F8600885
:105FF000414607F0D9FC002323840020BDE8F88344
:106000002DE9F04F1C4692F801909B68D1F85CC0D6
:1060100089B0002723F4C063B9F1010F80460E4612
:106020001546CDF810C005970697A36040F23C8155
:10603000D278AB7843EA0223012B40F03581A9F1F5
:106040000203DBB2032B0ED81CF0400F00F02C81B2
:1060500004222DF0F5DC002800F026814023636344
:106060000423A36329E12F1D384696490322FDF33B
:10607000D1F08246002840F0178140463146EA7947
:106080002DF0DEDC002800F00F8104F1380B3846DB
:106090005946FFF31DF0A9F10603DBB2012B11D81D
:1060A000049B5F0640F100814046314604222DF0FA
:1060B000C7DC002800F0F880402363630423A36357
:1060C0005746FAE06A7A2B7A43EA0223012B40F022
:1060D000EB8005F10A0738467A490322FDF39AF06E
:1060E000002840F0E180404631466A7B2DF0A8DC74
:1060F000002800F0D98038465946FEF3E9F7A9F1A7
:106100000C03DBB2012B06D8049B580640F1CC806F
:1061100040236363CEE0EA7BAB7B43EA0223012B9F
:1061200040F0C08005F1100066490322FDF372F0D3
:10613000002840F0B780EB7C012B01D0052B02D169
:10614000049A510617D4062B02D1049A120612D4CF
:10615000D8F8002092F862212AB1082B03D1049AC2
:1061600012F4802F05E0022B40F09C80049A12F07C
:10617000800F00F097805A1FD2B2012A01D9082B54
:106180000BD1336D5B0504D4049B13F4922F00F004
:106190008F80A36843F48063A360336D5F0503D5EC
:1061A000A368580540F1848005F1100004A900227D
:1061B000FEF31AF7002877D0049BA9F11202D2B29D
:1061C000012A63638CBF2A7D0022B3F5802F01D1A1
:1061D00051066BD5D8F87C06316D0DF11F0304F024
:1061E0005FFA002864D09DF81F301BB1A36843F408
:1061F0000073A360A9F11407FFB2002F4AD095F8ED
:1062000001A0A9F11609C7EB0A0A05EB0A0393F8E6
:1062100003C003F1020B9B785FFA89F943EA0C2C67
:106220004FEA1919002723E00BEB071302330593FC
:106230001023ADF81C3004F114030093636B304657
:10624000019306A905AA07ABCDF80CC057F09ED95B
:1062500001372028DDF80CC00AD1059A62B1069BEF
:1062600053B1012100914046214638F033D903E073
:10627000674501D04F45D7D15544EA78AB7853EA0A
:10628000022317D0059BBBB1069F002F0CBF3527FB
:10629000002712E0404621463A463B46009738F038
:1062A00019D90AE02B2708E00C2706E02D2704E087
:1062B0001F2702E0002700E03527384609B0BDE877
:1062C000F08F00BF22380100F8B591E82800076878
:1062D0005B681E683B6893F862415CB1D7F8600860
:1062E00006F0A2FD31460446D7F8600806F0A0FD8E
:1062F000064600E02646E86DF8F74CFF30B124B1C1
:10630000002E14BF03200020F8BD2046F8BD2DE963
:10631000F34191E8480007685B680C46D3F80080B9
:106320003B6893F862315BB1D7F8600806F07CFDFA
:1063300041460546D7F8600806F07AFD074601E0B9
:106340001F461D46F06DF8F725FFA0B19DB197B12E
:106350000122002101A8FCF3F5F701A80521FEF3B5
:10636000C9F30122A369F42001A9FDF30FF5236805
:10637000A2695B681A620020BDE8FC8173B50368FE
:106380000C461A684D6892F8626126B1D3F860082D
:1063900006F04AFD0646E86DF8F7FCFEB8B11EB9F6
:1063A000D5F8A033980612D50122002101A8FCF3EC
:1063B000C9F701A80521FEF39DF30122A369F4208A
:1063C00001A9FDF3E3F42368A2695B685A61002028
:1063D0007CBD73B503680C461A684D6892F862611B
:1063E00026B1D3F8600806F01FFD0646E86DF8F701
:1063F000D1FE98B11EB9D5F8A0339B060ED5012267
:10640000002101A8FCF39EF701A80521FEF372F319
:10641000F42001A90122A369FDF3B8F400207CBD9A
:106420002DE9F3471746027A04460E46D0F800904D
:10643000D1F800800AB1002B6AD0E3199D7A002DB3
:1064400067D098F8023194F8272003F01C039B08CA
:10645000934238BF13463371304630F093DD98F8DD
:1064600002314FF4005203F0030312FA03F3F36016
:1064700098F80231204603F003030D3386F83D31CE
:10648000414607F1360A2FF00BD856F82A5045B985
:106490004FF4417001F06CDF0546002839D046F812
:1064A0002A00284600214FF44172FCF34BF70223E7
:1064B0002B700023AF7085F8ED30D9F80030C5F8A7
:1064C000F48093F869318BB1484649F041DC38B12A
:1064D000E37C984228BF184684F80434E07405E051
:1064E00094F8043413B1E37484F80404A27CE37CCC
:1064F000009294F82F2048460192D5F8F4103A46BD
:1065000032F036DFD4F850321A6D01321A6500E0ED
:106510001D462846BDE8FC872DE9F041D0F8E82269
:10652000002507460E46A8462B46D2F8B010043286
:10653000002918BF98460133182B0D44F5D128F0D7
:1065400007083046184908F10708FDF36BF105BB51
:1065500022E0D7F8E83204F12C0253F82220642319
:1065600053433046B3FBF5F31049FDF35BF1104B99
:106570002340002B03DA013B63F007030133072BB1
:1065800005D1444503D030460A49FDF34BF10134AF
:1065900000E000244445DCDD30460749FDF342F1CC
:1065A0000020BDE8F08100BF225701002C570100F8
:1065B00007000080375701001A2D890037B50023E6
:1065C0000193079B0546032B144604D901A806999D
:1065D0000422FCF333F60E2C2B6806D11B68002036
:1065E00093F8D120089B1A6001E06FF016003EBDC1
:1065F000F8B5C269002307460D461E46D15804333C
:10660000602B0E44FAD128461149FDF30BF1C6B1B7
:106610000024FB69284653F82420642353430D4982
:10662000B3FBF6F3FDF3FEF004F00703072B05D1EF
:10663000172C03D028460849FDF3F4F00134182C38
:10664000E7D128460549FDF3EDF00020F8BD00BF75
:106650005C5701002C570100375701001A2D8900A3
:106660000020704710B51C4603699B794BB988051B
:1066700001D5101D03E0C90510D502F10A0021461D
:1066800008E0CB0502D502F10A0002E0880505D535
:10669000101DA11D0622FCF3BDF580B9204602990C
:1066A0000622FCF3B7F568B1204603990622FCF3F5
:1066B000B1F500280CBF4FF0FF30002010BD4FF0A7
:1066C000FF3010BD4FF0FF3010BD00002DE9F04F3E
:1066D0005D4B07461868EFB06A9015469A886C695A
:1066E000ADF8AC2153F8060FA2686C909B8804911A
:1066F000ADF8B4317B68A98BD3F814B06B68059101
:106700009B1A9BB2D218A260A289D5F81090D31A16
:10671000A3810026B84664E0642E64D0A368E289B1
:1067200003F10E0712F4005218BFB4F85020BF074F
:10673000A089998905D04746FB6E1A6C01321A640C
:106740005BE01218DFF808A10F0A92B247EA0127AE
:106750000392A18ADAF800200E3752F82120BFB246
:106760001AB13A4AF91C0A4000E03A4603999142AC
:1067700005D04746FB6EDA6B0132DA633DE06AAA68
:1067800000926CAA0192049805992A68FFF76AFFA3
:10679000002832D1E3899B0407D5B4F8503023B1E7
:1067A000A389FF1AA4F8507000E0A7812246D8F808
:1067B0000000594619F0BCDEE38995F8222023F049
:1067C000070302F007021343E38106AB43F82640B8
:1067D000A28ADAF80030013653F82240039BC3EB5B
:1067E0000909002C98D14746B9F1000F01D105AB3A
:1067F0000FE0FB6E5A6C01325A64584669690022F8
:1068000001F0ECDD1DE053F8042F0021918209F125
:106810000109B145F7D124B158462146002201F0C3
:10682000DDDD00240BE006AB53F8243095F8292079
:106830000093386804999B6825F066DB0134B44204
:10684000F1D16FB0BDE8F08F2B380100FCFF0100E3
:10685000E80300002DE9F04FB1B0DDF8F4800793B4
:1068600000230F922F9308F138023A9B0B92D1F834
:1068700008215B880C92079A0E931388814603F0D7
:10688000FC03A3F120077B4243EB07030C463C9E2D
:10689000856908932BB13A9B4FF0300B04330A9370
:1068A00003E0089A4FF0100B0A920021282210A84A
:1068B000FCF348F51AA800212822FCF343F5D5F88B
:1068C0006C332BB110A805F55B712822FCF3B6F4EC
:1068D0000C9B0DF1400A03F138070DF1680C3A46A4
:1068E000534628462146CDF800C0CDF818C024F004
:1068F00065DAD5F8843439469B7824AF00220B98AA
:106900006FF0BEDE384600212422FCF31BF508F1AF
:106910004D03DDF818C02593CDF898A0B8F868307D
:106920000DF1B40A504600210822CDF89CC02893EE
:106930002496FCF307F57368CDF800A0C3F3004379
:106940008DF8B43021465A460023D5F894062E9788
:1069500053F03AD804F1DC0300F1060A079A0D93CC
:106960008DE808042FAB0A320293074659462846A1
:1069700004F1E203099220F08BDE844618B911225B
:10698000A8F86820E9E02F9B0022012119705A70B5
:106990002A6A1268022A04D194F92C210AB9212208
:1069A0001A70216D40F237120A4032B194F8582023
:1069B0001AB11A8842F010021A8095F8722432B186
:1069C0002A6A527D1AB11A8842F480621A80B8F895
:1069D000682021465A80B8F820209A802F9B2DAA43
:1069E00006338DE88C002F93D5F894065A46002381
:1069F000CDF818C052F056DFDDF818C0002840F07E
:106A00009980009498F81820E3680290039001920E
:106A1000DA6828463346614624F01AD8B8F8683058
:106A200023B13046022176F0A5DB83E02F9B063BA5
:106A30002F93B36898050CD596F8243003F0030320
:106A4000032B06D1D5F87C06214632465DF0C6DA26
:106A500083E0B8F820303146A6F8CC30284676F0EE
:106A6000B9DF0C9A022192F860300E9A30469342B8
:106A700038BF1346A6F8FA3076F004DED4F8EC30CE
:106A8000190309D5284621461AF038DD012803D11B
:106A90002846214646F0F2DE2B689B6AF362089B8B
:106AA00053B10D980A990622FCF3B4F320B148467D
:106AB0000999E26836F0A6DF0999E268484636F09F
:106AC000C5DC2A68D4F8EC1092F84F2011F400537A
:106AD00018BF022312F0030205D0CA045ABF72681D
:106AE000C2F3004200227F218DE806000B9806F1D8
:106AF0003C0100226FF0F0DE2846314677F058DB8B
:106B0000606920B106F11401012201F0D9FFD4F827
:106B1000EC309B0404D5D5F84C01214660F064DBD1
:106B20002B6893F8693133B128462146012202F0DF
:106B3000BDFF00E0BA463B9B3A9A01932F9B00921F
:106B40000293484621460F9A079BCDF80CA0049665
:106B5000CDF8148036F054D905E048462146079A0E
:106B6000434635F029D931B0BDE8F08F2DE9F04F1B
:106B70008569E3B0924698469DF8B421D5F8643112
:106B80000C4607921BB19B79002B40F06A812B6861
:106B900093F82F30ABB1236D990712D594F8A43038
:106BA0007BB100F05FDFD4F8B0103EF0D7DE0028F4
:106BB00000F06C810023C4F8A830C4F8AC3084F82D
:106BC000A430A3791BB12379002B00F04A81BAF8D5
:106BD00000B01BF4804B65D00AF10A032846214619
:106BE0001A46069376F080DF0746002800F03981C8
:106BF000D0F8D030002B00F0348198F803909DF845
:106C0000B8314FEA99190BB3D5F89C3253F8296083
:106C1000E6B13369D3B1337AC3B1414603225BA8ED
:106C2000FCF30CF35BA806F1140132690330FCF3AA
:106C300005F331695BA8033108AA02F0AFDA6C9A58
:106C400008F10400111F08AA02F0CADA09F11C09B0
:106C500054F8293093B11A696C984146143308F0FE
:106C6000F5DCC0B9012300900193029003900490D9
:106C7000214628461722069B1AF05ADDD7F8D00085
:106C800001F088DB0023C7F8D03003230F260693DA
:106C90004FF00109D2E06C9A08F10408083A6C92AE
:106CA0000F2601E05E465F46B8F80230B8F8009063
:106CB00006932B6893F8623173B1B9F1030F0BD1CE
:106CC0006C9A079B00920193D5F8600821465246C2
:106CD000434674F057D8C4E0069A032A00F2C180F4
:106CE000BBF1000F67D1012A40F0CC80B5F8AA01B2
:106CF00022F014D90AF10A0B031C214618BF012304
:106D000028465A4676F0F4DE014610B1284676F061
:106D1000F1DE284621465A4676F0E8DF074600288D
:106D200000F0B2804368DA0408D52A6892F830206F
:106D3000002A40F0A98023F4805343602846394656
:106D400025F0B2DDB9F1000F03D0B9F1010F2BD15D
:106D500012E0B4F9543094F94420384601211BB9AB
:106D600016B976F0B9DC01E076F01EDA97F8243037
:106D700013F001031DD118E0B4F95430012B18D0E1
:106D80003846494694F9442076F00EDA00238DE81F
:106D900008020293039304932846214617225B4678
:106DA0001AF0C6DC0D2649E000230122009301926F
:106DB000EFE7002E42D100210C225FA8FCF3C2F2C3
:106DC000344B0DF5927B5F93334B002128225846BC
:106DD00060936195FCF3B6F2069BADF8346153AE57
:106DE0003046002120224A93CDF824914B97FCF3A2
:106DF000A9F26C9A08F106030193931F009602937F
:106E0000D5F894062146B0225FABCDF868B152F0B8
:106E100003DEBDF834618EB987B197F82430D80706
:106E20000CD52846214604220AF10A030096019651
:106E3000CDF80890039604961AF07ADC069A20465C
:106E4000531C0193002303930493079B0AF10A0147
:106E5000059304F1DC023B46CDF800900296FDF765
:106E60006DFC284621460AF10A0276F03DDE68B143
:106E7000A3795BB190F82430D90707D52B689B6ABA
:106E8000836203E00E26D9E70126D7E763B0BDE8A9
:106E9000F08F00BF11148400151484002DE9F04F09
:106EA0009A46836EADF5077D81468669CB58D1F849
:106EB0000C01919C0D460D92DDF8408212930C90CE
:106EC000002C00F0AA82002131A86C22FCF33AF2D7
:106ED0009DF848320D998DF8DC30B4F8CC30339100
:106EE000CDF8D0A0CDF8C4903295CDF8D4803694AA
:106EF00023B9206947F04AD8A4F8CC00B4F8CC20D4
:106F0000D5F808310021ADF8E4204CA828221093D0
:106F1000FCF318F20D98BAF800200388ADF82C2085
:106F200003F0FC03A3F12000434243EB0003D9B27A
:106F30008DF8473093B20A934B010E9394F82430A6
:106F40000F9103F00303032B03D1A368990500F10C
:106F50003F82D6F864311BB19B79002B40F05782F9
:106F6000336893F82F30ABB12B6D9A0712D595F893
:106F7000A4307BB100F076DDD5F8B0103EF0EEDC49
:106F8000002800F04A820023C5F8A830C5F8AC30CC
:106F900085F8A4300F9820B1B8F1090F40F237827C
:106FA00009E0B8F1030F40F23282A8F104010AF1BE
:106FB000040B099104E0A8F10A020AF10A0B0992F4
:106FC00000276763A763304621463A4676F0B4D976
:106FD000099BCDF8F4B0012B3E93CDF8ECB040F313
:106FE00016829BF80130099802339842C0F20F8252
:106FF00039460C2283A8FCF3A5F1704B39468393E4
:107000006F4B282284936AAB184608938596FCF34D
:1070100099F156AA0DF5E87C6B9260AA6C926046D5
:1070200039462022CDF81CC06A94ADF8C871FCF333
:1070300089F1089B09997B933368DDF81CC093F8AC
:107040004F30029103F00303CDF800C0CDF804B037
:107050008DF8E8310E9AD6F89406294683AB52F0A3
:10706000DBDCBDF8C8210E9208B11746BFE1BDF8C0
:107070002C30D4F8E000A4F8F83038B1417802316F
:10708000FDF322F7D0F1010038BF00200B900B98E0
:10709000EB6D8DF8E60023B12A6D40F237131340F3
:1070A00013B92B6D5B060BD5D4F8E03043B9AB793F
:1070B000002B00F08F81D5F8EC30980440F18A81E4
:1070C000304656A960AA4CAB1AF0F6DE002840F014
:1070D000858196F81C259DF844319A4240F07E81C6
:1070E00094F8243099070BD594F8D73023B1304663
:1070F0002146012239F0C0D92046FE2176F03AD847
:1071000095F94430002BC0F2718194F82430DA07ED
:1071100040F16C81336893F8A9304BB1D6F8700117
:107120002AF04EDD022803D10A99CB0540F15481A3
:107130006D2215A80021FCF305F10023DDF830E1F4
:107140001A4612E086A8C11811F8E41C01F07F016C
:107150006C2909D81B48405C30B115AF40B2795456
:1071600032EA200228BF012201337345EAD1616867
:10717000336A21F007016160587D12F1000C18BFDD
:107180004FF0010C18B112B941F0010161605B7D53
:1071900033B10A99480503D4636843F0020363607E
:1071A0000A9A12F02002139203D0636843F004039A
:1071B0006360109B986B002314E000BFB111840042
:1071C000CD138400581689001099CA1892F83C20F3
:1071D000110606D502F07F0215A98A5C002A00F08C
:1071E000FD8001338342EFD1336893F84F309A0723
:1071F0002AD06D9941B34A7830460232CDF81CC08E
:1072000054F09CDA002207460092304621463A4666
:107210000023FBF701FCDDF81CC0AFB151A8102220
:107220000130F91CFCF30AF051AA0023F11891F87F
:10723000011312F8010F0840884240F0CF8001335B
:10724000102BF3D14FF0020C129B9C45C0F0C6806E
:10725000EA6D22B1296D40F237130B4013B92B6D43
:107260005B060BD5636B23B1A16B40F237130B4068
:1072700023B92B6D13F0410F00F0B8800A98C006B7
:1072800018D5296D40F237130B409BB9490601D53B
:107290000B9979B130460D9E002301220093019293
:1072A0000293039304932946172206F10A031AF066
:1072B0003FDA9BE0E2B12A6D40F237131340BBB1D5
:1072C000D30715D594F8D630012B11D1636B7BB160
:1072D00005F1DC03009305F1E20301930227304638
:1072E0002946224604F11403029726F097D87EE03F
:1072F000336893F830304BB9336A1B68022B05D1E1
:1073000095F92C3113B91398002869D0336A1B689A
:10731000022B05D199F8003013B10A99480561D5BF
:10732000304619F07BDDD9F8283098425CD23046DF
:1073300029461AF0E3D8D5F88430984254D2D5F8CB
:10734000EC30990408D5D6F84C0121465A46099BE1
:1073500060F016DA002849D10E9A4CA9ADF82C211C
:107360003FA82822FBF36AF70C99486B08B101F09B
:1073700011D80F9A1AB1AAF1060A08F106089DF869
:1073800047000C9B83F83C00404600F0F1DF0C996D
:10739000486308B9886306E042465146FBF34EF75E
:1073A0000C9AC2F8388001238DF8F03104F11401F1
:1073B000002306227DA8ADF8F231FBF33FF731AB95
:1073C0000093304629467CAA234635F051DD24E05F
:1073D0001E270CE00D270AE0162708E0122706E01A
:1073E000132704E0192702E0112700E00C2731AB36
:1073F0000393484629467CAA0D9BADF82C71CDF825
:1074000000A0CDF804800294FFF724FA05E0484676
:1074100029460D9A31AB34F0CFDC0DF5077DBDE880
:10742000F08F00BFD1F80C0130B5446B4CB1816BCB
:1074300039B190F83C50002D0CBF04250A25A94213
:1074400003D200211160196030BD251D156019603F
:1074500090F83C0018B106390A34196014601A68B3
:10746000043A1A6030BD0000024B00F00F0053F8E0
:1074700020007047746501002DE9F04FCB88D0F8EB
:1074800010218BB09B0605460E460468D0F80C719F
:107490000892D0F804A11DD5036D9A0712D558079C
:1074A0000BD501F16F0004217CF0BADC90B906F134
:1074B000830004217CF0B4DC60B994F8413513F00A
:1074C000020F05E0DA0705D594F8413513F0010FF6
:1074D00040F02B8320462946728E16233CF0D6D8E6
:1074E000002840F04083738E204613F4404F0CBFB9
:1074F000002201220A3254F822902A46494621F0FD
:1075000069DFFF28804600F02E8394F8903243F024
:10751000040384F89032236893F83B303BB1204653
:10752000294642465AF000D9002840F01C83236ABD
:10753000186961F0DFD840454DD0236A186961F0C1
:10754000D9D8FDF387F383464046FDF383F38345A3
:1075500009D1236A186961F0CDD808F4605300F4AA
:107560006050984237DC7B68022B0AD1BAF8BE30F3
:10757000DB0706D5BB68182B03D0089A536B042B86
:1075800029D1D4F8580141464CF062DB204628F05E
:107590001FDC7B68022B08D1B5F954302BB9D4F825
:1075A000D4062946324651F0B5DA2046414626F047
:1075B00041DF236893F83B304BB1D5F83C33596831
:1075C000D4F8C035994202D0204623F0ABD82046EB
:1075D0001FF0ACDE0FE0D4F8580141464CF042DF1A
:1075E00048B1D4F8580141464CF032DB0021204626
:1075F0000A4622F00BD8236893F83B3093B1D5F8B4
:107600003C335A68D4F8C0359A420BD0204628F053
:10761000DFDBD5F83C332046596823F083D8204679
:107620001FF084DE09F15003C82250463146099309
:10763000FBF304F6D9F80030AAF83280022B07D108
:1076400099F81580D8F1010838BF4FF0000801E023
:107650004FF00008F38813F020030DD0236893F84F
:107660004F3013F0030307D0D5F8EC3003F4805308
:10767000D3F1010338BF0023DBB20AF1380B0793C3
:10768000FF22B8F1000F18BF00238DE80C00584608
:107690005946002243466FF01FD9D4F88434584627
:1076A000099901229B786EF0EBDF00282ED1B9F802
:1076B0000820D9F80090B8F1000F05D120464146C6
:1076C000069220F03BD9069ABAF8323003F46053A0
:1076D000B3F5205F08D0B3F5C05F07D0B3F5805F86
:1076E00014BF0A23142302E0A02300E02823FF2173
:1076F00001910290CDF800800393D4F88434584669
:107700001B79099904934B466FF0AAD8D5F8EC3051
:1077100098040CD52946204620F010D9FF23009369
:10772000019059465846002202236FF0D5D82046D2
:10773000594623F0D9DA96F93420204600322946FA
:1077400018BF012246F0F2DC96F93430E3B9D5F8DF
:107750000831012283F86020D4F8440129465BF007
:1077600097D9284631463BF023DA28460E213DF0D2
:107770005BD82946204646F051DE204629467A68E5
:10778000BB6845F007D8CCE1D5F8EC30990405D5B5
:10779000D4F84C01294652465FF0BADC204629460F
:1077A000324676F0A3DA804638B9204629463A4672
:1077B0000BB0BDE8F04F3BF09D9F079AF2B1DAF8AD
:1077C0006830BAF86C900C33A9F10C0919464A4696
:1077D0002046069353F0CCDF069B844619464A4662
:1077E0002046CDF818C053F099DFDDF818C000220C
:1077F000034600922046414662460AE04368DA03A7
:1078000009D5F3889B0606D4079B20460093414682
:107810001A46FBF701F9D8F80430D5F8EC2043F408
:107820008053C8F8043012F400524FF07F0308F17F
:107830003C01009305D0079A58460192022300228A
:1078400003E0079B5846019313466FF045D8204646
:10785000414676F0ADDC204629463AF0C1DD23688A
:1078600093F862315BB1EB6D580308D5BAF8BE20CE
:10787000D4F860084146C2F3801206F095F898F8F3
:10788000243013F00C0F40F04681B5F954A0236862
:10789000C5F800A193F86231002B7DD0EB6D19067D
:1078A00005D5D4F86008294673F054DB10B9EB6DA8
:1078B0005A033CD500232946C5F80031D4F86008A6
:1078C00073F032DA29468246D4F8600873F040DA61
:1078D00088B14FF4802920462946324608238DE896
:1078E00000063DF019D830B10323C5F80031C5F8C2
:1078F0005C909A461BE0D4F86008294673F02ADBB6
:10790000A0B14FF0800B4FF00009204629463246C7
:107910000223CDF800B0CDF804903CF0FDDF28B193
:10792000C5F80091C5F85CB0CA4600E08246D5F8BB
:107930000031032B0BD1D4F8DC0629463246EB6D1F
:107940006CF002D818B10023C5F800319A46D5F87A
:107950000031032B20D1D4F8600805F065FA50B14E
:10796000D4F86008414605F063FA20B1D4F8600805
:10797000294605F01FF9D4F86008294642463346E7
:1079800073F092DA30B1284608210BB0BDE8F04F11
:107990003CF04A9FC5F800A1D7F80490B9F1020F56
:1079A0001DD1BAF1000F1AD1D4F8D40629463246B7
:1079B00051F0C8D898B1D5F80801FCF32FF370B98D
:1079C000D4F8D00629463246C5F800917BF00EDA8D
:1079D000D4F8D4062946324651F016DBCA460C21AB
:1079E000404675F04FDE7B68022B23D1089A536B1B
:1079F000093B012B1ED893464FF00009134616E0B1
:107A00000A2000FB0930D5F80811623006220693DF
:107A1000FBF300F4069B30B94FF49672ABF8682084
:107A2000012283F8502009F101090BF10A0BDA6CED
:107A30009145E5D37B68022B33D12B7A002B30D0D4
:107A4000BAF1020F2DD1B6F8BE30DB0729D5089A5E
:107A5000536B042B25D0BB68182B22D0284622F06C
:107A60004DDF18B12846002127F058D828461821A4
:107A70003CF0DADED8F80C30D4F8D406D5F808217A
:107A80001BB11969002908BF00230093B6F86230C2
:107A90002946C3F340130193434651F013DA0646D7
:107AA00029E0284608213CF0BFDE4FF00109002301
:107AB000CDF800A0CDF80490029303930493B6F898
:107AC00062303246C3F3401305932846434608F11B
:107AD0001401FCF733FE2368064693F869311BB1A5
:107AE0002046494648F0D2D8A06839684FF49672CB
:107AF00000230CF02FDF46B1D4F888041B49B5F8F9
:107B00002E21334660F0F8DA0BE0A06839684FF4B4
:107B10009B72334603E00022A068396813460CF0DC
:107B200019DFBB7F0133BB771DE0F388708E23F430
:107B30006663F380FDF38EF040F480501FFA80F806
:107B4000708EFDF387F0B6F8BE300E288CBF4FF470
:107B50004040002048EA000823F00A03A6F83280DB
:107B6000A6F8BE30B6E40BB0BDE8F08FA590840057
:107B70002DE9F04F9A461388D0F80C61A3B003F0BA
:107B8000FC030993B36894460B3BBAF80220012B1F
:107B900004468B46DDF8B0900568D0F80471ADF866
:107BA00028201FFA82F80BD80CF110003946062263
:107BB000CDF818C0FBF32EF3DDF818C0034660B112
:107BC000099A2046B2F1100318BF01230093002345
:107BD000019306210CF10A0248E0306C20B10693B3
:107BE00000F0D8DB069B7364484600F0C1DB3064CC
:107BF00028B1C6F8449051464A46FBF31FF32B6860
:107C000093F844303BB1D5F86001BAF802104AF05D
:107C100037DCAAF80200B8F10B0F10D17368012B02
:107C200013D0B3680C2B10D00023009321462846B4
:107C30005A463B463BF0C6D820460C2177E0B8F1C7
:107C4000000F16D0B8F11E0F13D07368204613F141
:107C5000FF3318BF0123009397F934303A46D3F12C
:107C6000010338BF002301930121434639F0AEDB05
:107C7000C1E02B684FF000089B6AA9F10602CBF81F
:107C80002C300AF1060307930892039304924346AB
:107C9000284621465822CDF80080CDF80480CDF842
:107CA000088019F045DD41460C221FA8FBF34AF37A
:107CB000524B41461F93524B282220930DAB18463E
:107CC00006932195FBF33EF3BDF828200DF15C09E6
:107CD0004146ADF8382048462022CDF834B0FBF3B9
:107CE00031F3069B089A1E93079B02920193CDF8ED
:107CF0000090D5F894062146099A1FAB51F08CDE0E
:107D00008046002877D1BDF83890B9F11E0F11D107
:107D1000129B2846F36421463AF062DBF26CA868B5
:107D200031681E3243460CF015DE204619213CF026
:107D30007BDD60E0D4F8EC309B0406D5D5F84C012F
:107D40005946079A089B5FF07BDDBAF80420A4F837
:107D5000F62095F87338A5F8582383B19204286962
:107D6000C421920C44F0C6DA05F5066009303946A4
:107D70000622FBF363F297F83230A5F87038736887
:107D8000204613F1FF3318BF0123009397F93430D5
:107D90003A46D3F1010338BF0023019300214B463B
:107DA00039F014DB204659463AF026DAD5F8683225
:107DB0009C4220D0E36DF3B9236DD8071BD5E36E49
:107DC000591C18D01C3354F82320A2B1117A012970
:107DD00001D003290FD15089D3798DE8030002F136
:107DE0001401029100210491059103972846214630
:107DF000126954F0C3DD23B0BDE8F08FD554840080
:107E0000616184002DE9F04FA5B092460C939DF876
:107E1000B820D0F80C310D920993BAF80220D0F8AE
:107E2000043101F10A07BAF8049004460B91056881
:107E30000892384619460622BAF800B01FFA89F8A7
:107E40000A93FBF3E7F100282ED1284621463A4653
:107E500075F04ADE0646002826D0099A9368082B5A
:107E600001D00A2B20D1726842F4805272602A68D5
:107E700092F8622172B1BBF1030F0BD10C9B0D9AEA
:107E800000930192D5F8600821460B9A534672F090
:107E900079DF92E0082B02D1089B022B03E00A2B2A
:107EA00007D1089A042A04D0002300932046062113
:107EB00080E0B8F1000F06D0CDF800B020460121D7
:107EC0003A46434677E041460C2221A8FBF33AF2BA
:107ED0003B4B414621933B4B282222930FAB184644
:107EE00007932395FBF32EF2089AADF84C900DF111
:107EF00064091092414620224846CDF83CB01196C4
:107F0000FBF320F2079B0C9A20930AF106030193DE
:107F1000931F0293CDF80090D5F894062146B02225
:107F200021AB51F079DD002847D1BDF84C30002B52
:107F30003AD1BBF1010F37D1089A022A34D10A2174
:107F400020463CF071DCF368129A06F114011BB173
:107F50001869002808BF002303930D9B01204FF0F0
:107F6000030C4FF0000E8DE801500492059320465B
:107F700033460A9AFCF7E2FB2146064628463AF0C9
:107F80002FDA46B1D5F888040F49B4F82E213346CC
:107F900060F0B2D811E0099AA868116833464FF42E
:107FA0009B720CF0D7DC08E0191CCDF800B020461D
:107FB00018BF01213A463DF025D825B0BDE8F08F25
:107FC0006D61840071618400A59084002DE9F04109
:107FD000876806467D68B86851F805800C46FAF354
:107FE000D1F2C8F80400002830D063590021586845
:107FF000E422FBF3A7F1F86854F80580FAF3C2F223
:10800000C8F8080010B3635900219868E822FBF310
:1080100099F163592949D3F8088033683246C8F882
:108020000030986800230CF03FDDC8F8680068B1A4
:1080300063592349D3F8088033682246986800239F
:108040000CF032DDC8F8C00000282FD163599B68BE
:10805000FBB1996E39B1336898680CF00DDD635946
:1080600000229B689A6663599B68D3F8C01041B19F
:10807000336898680CF000DD635900229B68C3F8F0
:10808000C0206359F8689968FAF3A2F26359002294
:108090009A606359596861B1B868FAF399F2635903
:1080A00000225A606FF01A00BDE8F0810020BDE8A0
:1080B000F0816FF01A00BDE8F08100BF55BE84006A
:1080C0009DBC84002DE9F04F9FB006468B461446B8
:1080D000D0F800900493002B00F0DE828368049AAD
:1080E0005B681146D35848465D689B681CAA059397
:1080F0001BAB36F043D860B15CB9059C202204F17B
:1081000048001B99FBF39AF02022E2804FF0870C85
:108110000DE0062C00F2C382DFE814F00700C10274
:108120006F00C1026C01C102E4014FF0710C049CAC
:1081300063464846716804F11402CDF80CC07DF026
:108140003DDBDDF80CC08046002800F0AC82BBF1BE
:10815000030F06D1D5F8D030B3F5802F08BF4FF00C
:10816000000BD8F80840ACF112039BB21B0204F1DB
:10817000120A238200215F225046CDF80CC0FBF387
:10818000E1F04BF088039BB21A0AE27423752B8B43
:1081900005F11C071A0AA375627548463946202264
:1081A0001FF048DD04F11F0039462022FBF346F0A2
:1081B000DDF80CC0ACF1710C1FFA8CF3BBB11A02E4
:1081C000A4F86F20023BDD2284F8712084F872301D
:1081D0008749032204F17300FBF330F0042384F891
:1081E000763004F177001C991022FBF327F00B2363
:1081F0005F462B604FF0000B5AE2BBF1030F07D133
:10820000D5F8D070B7F5802F14BF0327002700E002
:108210005F46D5F8D000802802D0B0F5802F04D179
:1082200047F49E5747F0080703E0042802D147F4BB
:10823000E477BFB2D9F8003093F8624154B1F6F751
:10824000A9FF40B1D9F8600804F0EEFD18B1B5F807
:10825000D40000E02046AC88D5F8D0300419A4B290
:10826000802BADF8764002D0B3F5802F25D117F4DE
:10827000805323D0B6F8108018F0010808D130469A
:108280003FF03EDD30463FF05FDD013000F00B8215
:1082900033687168D3F87C065BF062DDB6F87C3039
:1082A000BDF876202633C31812F007029BB205D022
:1082B000C2F108029B189BB200E0002371341B1925
:1082C000049C4846716804F114029BB27DF076DA92
:1082D0008046002800F0E781846800215F2204F1D5
:1082E000120A227461745046FBF32CF03B0AE374CB
:1082F00027752B8B05F11C011A0AA375627504F111
:108300001F002022FAF39AF7AA8804F17100A968E5
:10831000FAF394F7BDF876301A0A42EA0323A4F878
:108320006F30D9F8003093F86231B3B1D5F8D0008E
:10833000F6F730FF88B1D9F8600804F075FD60B138
:10834000AB68002B00F0B381A888D5F8D810504452
:108350005F30B5F8D420FAF371F7D5F8D030802B20
:1083600002D0B3F5802F33D1F80431D521460DF179
:10837000760230463FF074DCBDF876301A0A42EAE5
:108380000323A4F86F30049A936899050FD53368D6
:108390002246D3F87C0671680DF176035BF02CDD84
:1083A000BDF876301A0A42EA0323A4F86F30A37BA3
:1083B00030460093294652465B463FF0ABDA013027
:1083C00006D1D9F804004146002200F007D866E142
:1083D00094F86F2094F8703043EA0223228AD3186D
:1083E0009BB21A0A42EA032323820C2316E100BF40
:1083F0003738010096F87A704BF4607B3F0107F044
:1084000030074BEA0707B6F87CC0BFB20023BA07B3
:1084100054BF0CF1710C0CF1790C049C1FFA8CFC0C
:10842000ADF8763048466346716804F11402CDF821
:108430000CC07DF0C3D9DDF80CC08046002800F0E8
:10844000328184685F234FF0000B04F1120AACF113
:1084500012022374594684F811B05046FAF372F7A9
:108460003B0AE3742775B6F87C3006F1BE011A0AA0
:10847000A375627504F11F002022FAF3DFF61022C3
:1084800006F18E0104F13F00FAF3D8F6082206F156
:10849000FE0104F14F00FAF3D1F6B6F87C2006F1A4
:1084A0005A0104F17100ADF87620FAF3C7F6BDF871
:1084B000763030461A0A42EA0323A4F86F30A37BD1
:1084C00029460093524607F003033FF023DA0130B8
:1084D00040F096804146D9F804005A46FFF37EF7F3
:1084E000D846E0E0D5F8D030802B03D0B3F5802F0C
:1084F00040F0D5803368AC88D3F87C067168ADF85D
:1085000076405BF02DDCB6F87C30BDF87620263363
:108510007134C31812F00702A4B29BB203D0C2F1A7
:1085200008029B189BB2E318049C4846716804F14A
:1085300014029BB27DF042D98046002800F0B3803F
:1085400084684FF0000C5F224BF49C5704F1120A30
:1085500084F811C06146BFB222745046CDF80CC0F9
:10856000FAF3F0F63B0AE37427752B8B05F11C0137
:108570001A0AA375627504F11F002022FAF35EF651
:108580000DF1780BA968AA8804F17100FAF356F688
:108590003BF8023D21461A0A42EA0323A4F86F3051
:1085A0005A4630463FF05CDBBDF876301A0A42EAA4
:1085B0000323A4F86F3033687168D3F87C06224631
:1085C0005B465BF019DCBDF8763030461A0A42EAA9
:1085D0000323A4F86F30A37B2946009352463B4601
:1085E0003FF098D90130DDF80CC009D14146624610
:1085F000D9F80400FFF3F2F6DDF80CC0E04652E0D3
:1086000094F86F2094F8703043EA0223228AD3183A
:108610009BB21A0A42EA032323820D232B604FF0F8
:10862000010B45E0B3F5802F14BFFE23022300E0C9
:108630000223504605F15C01082200F8053BFAF3DD
:10864000FDF517F0030104D1D5F8D000FDF38EF14C
:108650000146BBF1000F0CD0204605F18C0207ABA0
:10866000FDF394F1F0B10AF14D0007A91022FAF3DD
:10867000E5F573684146DA68484624F093DF059CC7
:10868000D9F80800D4F8C0104FF47A7200230CF027
:1086900061D94FF0010806E0DDF8108003E04FF0EB
:1086A000000800E0804640461FB0BDE8F08F9B46C2
:1086B0000323E373D5F8D030802BB3D1B8E700BFE4
:1086C0002DE9F04F054689B00E46D0F800A01F46B0
:1086D000002B00F0878183685B68FB585C68D3F8E7
:1086E0000880D4F8D000F6F765FD002800F07C8102
:1086F000B8F1000F00F07A81BB68580507D4BB6B56
:1087000003F00203002B14BF0123022300E0032324
:10871000D4F8D0000793802805D0B0F5802F02D080
:10872000042840F06581337D96F8139043EA0929C7
:1087300019F00303069302D1FDF318F1069004F13A
:108740005C0B0120082306F117015A46FCF3F0F5F3
:10875000834500F04F8123680C2B00F0B7800D2B70
:1087600000F018810B2B40F0458109F4DC73B3F560
:10877000847F40F03F8104F13C032022184606F13B
:108780001F010493FAF35AF5BA68049B12F4806F40
:1087900009D12A68126892F86221C2B1D4F8D020B7
:1087A000B2F5802F13D108F148020092B8F80620E4
:1087B0006968019204F18C020292A28A07F1140006
:1087C0000392E23104F11C02FCF346F522E06968F1
:1087D00007F1140C6046E23106220493CDF814C070
:1087E000FAF318F5049BDDF814C0002800F00281AC
:1087F00008F148020092B8F806206968019204F175
:108800008C020292A28A60460392E23104F11C02B9
:10881000FCF322F719F4807F10D0338A1A0A42EA57
:1088200003239BB25C2B40F2BF803046069904F1D3
:108830008C02FCF377F7002800F0DC80338A1A0AF8
:1088400042EA03239BB25E2B40F2AE8096F86F1093
:1088500096F8702042EA012202F15F018B42C0F0DB
:10886000A380C2B1E188B4F8DC30CB189A4212D1AF
:1088700006F17100E16806F11209FAF3CBF488B150
:10888000E388D4F8E010994409F15F00B4F8DC20E3
:10889000FAF3C0F430B1686807F1140111227DF0D9
:1088A00025D9A7E0002384F8CD302B68D8F8C01074
:1088B00098680CF075D858460821FDF35DF02846FD
:1088C000079902223B46FFF7FDFB93E009F4D873BA
:1088D000B3F5807F40F08E8019F4807F08D0304659
:1088E000069904F18C02FCF31DF7002800F0828049
:1088F000002384F8CD302B68D8F8C01098680CF0AD
:108900004FD8228A07F11406238B50468DE8440085
:10891000696804F1AC027DF089D8D4F8D030802B9E
:1089200002D0B3F5802F02D11023236018E0042B6E
:1089300016D10D2323602B8AD90707D428463FF090
:10894000DFD928463FF000DA013053D058460821DD
:10895000FDF312F02846079904223B46FFF7B2FBCD
:10896000D4F8D030802B04D0B3F5802F01D0042B65
:1089700008D16B685046DB687921009332460623A4
:10898000FAF7D4FAD4F8D030802B27D0B3F5802F63
:1089900030D123E019F4807F15D0338A1A0A42EAD5
:1089A00003239BB25C2B07D8DAF80030D3F8883069
:1089B0005A6E01325A661DE03046069904F18C0267
:1089C000FCF3B0F6B0B1002384F8CD302B68D8F8B2
:1089D000C01098680BF0E4DF1023236028463EF0B7
:1089E000F3DF07E0184606E0E92004E0404602E035
:1089F000002000E0012009B0BDE8F08F2DE9FF471D
:108A00000D9C064617469A468946002952D0002CEE
:108A100052D0836800685B68E3585D68D3F80880CB
:108A2000294606F01DFF09232B60484639463022AF
:108A3000FBF382F0736848B1626BDB6DB2F5802F97
:108A40000CBF03F4802303F0800302E0DB6D03F02E
:108A50000403C5F8D0300C9B3068029321462A46A7
:108A60004B468DE8800406F018FF30B37369012B84
:108A700002D1B8F8060000B3002385F8CD30336882
:108A8000D8F8C01098680BF08BDF0A232B60A3681E
:108A90005B0507D4A16B01F00201002914BF01217D
:108AA000022100E00321304600222346FFF70AFBA3
:108AB000012002E0084600E0204604B0BDE8F0874F
:108AC0002DE9F04390E86000D6F808318E465B8EC1
:108AD000174603F440437246A3F5404EDEF100030F
:108AE00089B004463146284643EB0E0375F000D8A2
:108AF000804600287CD047B1E368002B78D120461F
:108B00004146FFF763FA002872D1A3685B6858F802
:108B100003309F68238AD90702D420463FF04CD8FF
:108B20002B68C4F80C8093F86231ABB198F8D6305A
:108B3000032B0BD1D8F83430B3F5802F0CD1284655
:108B4000414607F1480270F01BDC0FE023B9D8F86A
:108B50003430B3F5802F09D0238A9A0708D507F15E
:108B6000480004F11A012022FAF368F32023FB8065
:108B7000FB88202B35D12B684FF00009D3F8E80093
:108B8000CDF81890CDF81C900590FFF3F1F307464F
:108B900000282DD005AB8DE8080228465021D8F8D2
:108BA00010203B46F9F742FED5F81805314606AAD3
:108BB00007ABFEF737FC07F10C030093059B20463B
:108BC0000C3B0193E36801210293069A079B40F056
:108BD000D9D92B683846D3F8E8300593FFF3DAF398
:108BE00006E0706906F11901327E43463FF054DA1F
:108BF00009B0BDE8F0834FF0FF30704770B5044610
:108C0000D0F8880000220A21D4F8D8300D0A33F8B1
:108C10001230CEB2CB189BB2013B46EA032605F0D8
:108C2000030503F440731D436FEA42636FEA534345
:108C3000A0F84035A0F82065A0F82C55A0F84035E4
:108C4000D4F8D83033F8125001324919062A89B2C3
:108C5000DAD1204698215A8843F04CDBD4F8D8303A
:108C600020469A219A8843F045DBD4F8D830204634
:108C7000DA881B889C2143EA022292B243F03ADB55
:108C8000D4F8D83020465A891B899E2143EA022213
:108C900092B243F02FDB2046BDE8704040F0EE9CDE
:108CA000F8B503688E210446D3F8845442F0E0DC22
:108CB000236840001B6886B293F8643106F15001C6
:108CC00006F1940789B2BFB213B1002385F86D3164
:108CD000D5F82031012B1CD002D3022B30D122E059
:108CE00095F8E820012010FA02F295F8583192B276
:108CF000FF2B03D010FA03F31A4392B2204643F03D
:108D0000F9DA95F8E83001229A402046394692B2C5
:108D100014E02046B5F82A2143F0ECDA2046394623
:108D2000B5F82C210AE095F8E83001229A40204657
:108D300092B243F0DFDA20463946002243F0DADA15
:108D400095F81C2142B94C364FF6FE712046314051
:108D5000BDE8F84043F0CE9AF8BD0000D0F894107A
:108D600010B50831044641F0F3D803492046BDE868
:108D7000104041F0D59800BF6C4F010038B5437CDE
:108D800004468B420D4606D039B142F005DB38B9B6
:108D90004FF0FF3038BD002038BD4FF0FF3038BDF8
:108DA000002084F87600657438BD00002DE9F0439A
:108DB0008BB0129F98460023032F04460D46139E46
:108DC000DDF85090089309930CD9042208A8414675
:108DD000FAF334F2072F05D909A808F10401042297
:108DE000FAF32CF25A2D089900F0B38032D8212DD5
:108DF00000F0D08016D80E2D00F0A78008D8052DE1
:108E00005BD00C2D00F09D80042D40F09B817CE018
:108E1000142DC0F09781172D40F2A081202D40F035
:108E20009181C5E03F2D00F0F88009D8272D00F092
:108E3000CE803E2D00F0EC80262D40F08381D4E0E2
:108E4000522D00F02A81542D00F02A81442D40F04B
:108E50007981E7E06A2D00F0618116D8642D00F079
:108E6000408109D85D2D00F08680632D00F01B81C4
:108E70005C2D40F067817BE0682D00F0398100F2C5
:108E80003A81662D40F05E812FE1792D00F052810C
:108E900009D8712D00F04681782D00F04E81702D9B
:108EA00040F050815AE17C2DC0F04C817D2D40F284
:108EB00055818C2D40F0468163E0E06F98E8A0007A
:108EC000C66916F004060ED0002335FA03F2D60761
:108ED000D9B203D401330F2BF7D119462A463B46AA
:108EE00004F0DADC2CE129463246022304F0CADE23
:108EF00029462A460223E06F04F000DFE06F29468E
:108F00003A46022304F0E0DE2DE1B9F10B0F40F305
:108F10001C8100210A460223E06F04F0B3DE002129
:108F20000A4607460223E06F04F0CEDE0021054624
:108F30000A46E06F022304F0E1DE37607560B0603E
:108F4000FEE0E06F04F0B8DE3FE0D4F8800088492E
:108F500002E0D4F880008749FBF390F020B10021B3
:108F60000A46FAF327F630E04FF0FF333360E9E0CA
:108F700094F81C31E3E0003118BF012184F81C1182
:108F8000DEE0099A4A4500F3E0802046334640F08F
:108F900069D845E0072F40F2D8800029C0F2D88078
:108FA00002230093E06F0122099B04F01DDFC7E05C
:108FB000032F40F2CA800029C0F2CA800223009326
:108FC0000022E06F134604F00FDF3060B8E00B2F93
:108FD00040F2BB800029C0F2BB80099B002BACBFD4
:108FE0006FF016066FF00106BDE0072F40F2AD806E
:108FF0000029C0F2AD80099A002AC0F2A98000259C
:109000000095E06F2B4604F0FBDE30602E46AAE0B0
:10901000E06F314604F034DE02E0E06F05F006D880
:109020000646A0E0236898680BF046DD0746E06F2F
:1090300004F09ADE10B3E06F04F0B2DE054618B912
:10904000E06F012105F004D83368E06F0093736886
:10905000083601930023029603934168D4F88820D0
:10906000A368FAF3A1F0002814BF4FF0FF360026E2
:109070006DB9E06F294604F0EBDF08E0E06F04F023
:1090800067DE002814BF6FF01D066FF01606236818
:10909000394698680BF018DD65E0D4F860314EE091
:1090A000D4F864314BE03146102204A8FAF3C6F03C
:1090B000059D0C352846FFF35BF1044600284AD095
:1090C00031462A46FAF3BAF0238820461B0B012BBF
:1090D00004D0FFF35FF14FF0FF3644E0FFF35AF1A5
:1090E0003CE0236893F8183629E04FF4B06326E09B
:1090F000B4F81E3123E089B201292FD80323A4F844
:109100001E112046009319B120220221134602E0CD
:1091100002212022002342F083D811E0204640F0B3
:109120008BD952E74B1C022B1BD8204649B242F088
:10913000DDDB75E7C4F8381102E0D4F8383133606C
:10914000002610E06FF01D060DE06FF00D060AE03E
:109150006FF0010607E06FF01A0604E06FF01606E4
:1091600001E06FF01C0630460BB0BDE8F08300BF95
:10917000FA6C8900026D8900F0B587B00446066874
:10918000D0F8885000210C2202A8FAF3DBF000236B
:1091900020464FF0FF31704A059342F031D82368E2
:1091A0001B6893F8693113B1204640F08BD82046F4
:1091B00043F014D84FF40037204640F039DC0097D4
:1091C00004233069242105AA41F0AADA00210A46C5
:1091D000E06F04F081D96149204640F0A1DE2046CD
:1091E000FFF70CFD02A9204640F05EDB20468021FF
:1091F000082243F07FD80A2220465C2143F07AD827
:109200002046D4F8201140F0EDD9554A2046554962
:1092100041F0F6DF4FF00043C5F888314FF000739E
:10922000C5F88C314FF48043C5F828314FF48033B2
:109230006B620121204641F0D9DFE06F04F0F0D8E5
:10924000A4F81201A5F8A80616212046B4F8482073
:1092500043F050D82046C021B4F86C2043F04AD8DF
:109260002046C221B4F86E2043F044D8204618218D
:1092700004F1A4020223009741F09EDA0223204663
:109280001C2104F1A602009741F096DA96F85836B0
:109290001BB1002386F8583606E000973069242178
:1092A00005AA042341F088DA20464421B4F8A82016
:1092B00043F020D820464621B4F8AA2043F01AD81B
:1092C000B5F888361B051B0DA5F888360123A5F8CF
:1092D0009C360025B5636319586910B1224B5B6851
:1092E00098470435182DF6D11F4D6069AB6D98472E
:1092F0006B6F606998472046002142F0BDDC23680F
:109300001B6893F8693113B1204640F00DD8A36F64
:109310002046598B4FF48072CC3142F0EBDF637CF6
:10932000032200921022002B14BF13460023204674
:10933000042141F075DF2046AE2142F099D94FF467
:10934000D8634000C4F82401C4F82831304640F006
:1093500091DC07B0F0BD00BF04040004943E01009E
:10936000000002400000064010A7880070B50368A6
:1093700004461B6893F86931002B00F08180836FED
:10938000598B363142F074D9236D0646D80777D50C
:10939000636D190674D4E36F9A69920002D5DA6995
:1093A000D00704D5DB69D90701D45A0768D5E36E25
:1093B0009B0065D5D4F888304FF49675B3F8B42681
:1093C00092B242F00302A3F8B426D4F88820B2F88F
:1093D000B83623F0C0031B041B0CA2F8B836236D6B
:1093E000D80719D5636D190616D4E36FDB695A07E0
:1093F00012D5E36E9B000FD5D4F888300121A3F875
:10940000F016D4F88830B3F8F22692B2130A03F0BB
:109410000F0302F03F0213E0D4F888300022A3F8D3
:10942000F026D4F888300121B3F8F226A3F8F0161C
:10943000D4F88830C2F30512B3F8F236C3F303133D
:10944000042A02D10BB1042E02D04FF4FB750AE0BE
:109450006420FEF37BF4013DC1D1F6E7013D08D065
:109460000A20FEF373F4D4F88830B3F8B626D00798
:10947000F4D4B3F8B82692B242F0C002A3F8B826EA
:1094800070BD38B58B7905460C463BB190F88E22FD
:10949000002A21D190F88F22002A20D10122627166
:1094A00093B12B6893F8623173B1E36D58030BD518
:1094B000D5F8600803F0B8FC30B1637923B1D5F872
:1094C0006008214603F076FBA07950B1284621467A
:1094D000BDE8384044F0A29F4FF0FF3038BD4FF058
:1094E000FF3038BD43690BB90223436183690BB96F
:1094F00014238361C36913B94FF41673C36183687E
:1095000013B94FF47A73836003690BB9034B03619A
:10951000C3680BB9024BC360704700BF00350C0035
:10952000804F12002DE9FF4703680446D3F80090EE
:10953000D9F810309B6FB3F81AA099F81930002BA6
:109540005AD040F2A47600253146D9F8100042F0F6
:109550008FD8B11C0746D9F8100042F089D86B08A3
:10956000023504AAEDB202EB830347EA0040043659
:10957000062D43F80C0CE7D10AF1A40A5146D9F89C
:109580001000019F039E029D42F072D85146804612
:10959000D9F8100042F06CD84BF6FF7202405146E9
:1095A000D9F8100042F0A6DE236A9F4202D2DB43C4
:1095B000D81900E0F81A636A9E4202D2DB43991977
:1095C00000E0F11AA36A9D4202D2DB435A1900E07F
:1095D000EA1AA368276298426662A56203D303234E
:1095E00084F838300AE02369994207D2E3689A4246
:1095F00004D2C8F3803002E0F52000E0012004B07E
:10960000BDE8F087F7B5099D0023032D06461746F0
:10961000089C009301930BD9042268462146F9F374
:109620000DF6072D04D901A8211D0422F9F306F631
:109630001C2F07D1D6F88030002093F838200A9BE1
:109640001A6001E06FF01600FEBD2DE9F0410446FE
:1096500016461F460D46002900F09D8030F0C4D804
:10966000D4F8A031804693F8661093F86C20002956
:1096700040F08880002A40F08580998842F20E727E
:10968000013989B291422DD8206940F2EA3140F087
:10969000D3DD90B120694FF47B7140F0CDDDD4F87B
:1096A000A0319A8841F64B539A4204D9206940F27E
:1096B000ED3140F0C1DDC5B200E00546206940F261
:1096C000EB3140F0B9DD012330B13B70D4F8A0316B
:1096D000002283F86E2033E03870D4F8A02182F89D
:1096E0006E302DE05A8D910706D5206940F2EE319B
:1096F00040F0A2DDC5B223E012F0010214D0B3F8AD
:109700007B10002973D0B3F87920002A6FD00A208B
:10971000414391FBF2F2062A69DDB3F87130012B67
:1097200067D0022B0DD166E032703A70D4F8A021D8
:10973000012382F86C30D4F8A02182F86E3000E06A
:109740003DB900233370D4F8A031012283F86C2096
:109750001BE0D4F8A03193F86D20022A07D901222A
:1097600083F86620D4F8A03183F8675002E0002324
:1097700033703B70D4F8A03193F86D20013283F838
:109780006D2002E00AB100233370D4F8A031C3F891
:109790006880BDE8F081D0F8A03193F866202AB93E
:1097A000DB6E13F0FF1F13D1BDE8F08102221346D8
:1097B0002FF03EDC01232046294602222FF038DC20
:1097C000D4F8A03183F86650D4F8A03183F86750FC
:1097D000D4F8A021002382F86C30D4F8A02182F8BC
:1097E0006E30D4F8A02182F86D30BDE8F0810625F6
:1097F000AFE70225ADE70825ABE770B5036886B093
:109800000C460546002103A80A221E68F9F39AF5C2
:10981000BDF80C3043F01003ADF80C3094F8AC30C8
:10982000A3B1D4F88830D3F82031D8070ED520461C
:1098300042F0B8D9022200922046BDF80C30002137
:10984000102241F0EDDC204641F064D9012185F879
:109850003910336A186901F0C4FA06B070BDF0B56A
:10986000036887B00C460746002103A80A221D683A
:10987000F9F368F5BDF80C3023F01003ADF80C30A7
:109880002B699B6F5E8B94F8AC30002B3CD0D4F8E6
:109890008830D3F82031DB0736D5204642F082D914
:1098A0000222BDF80C30009220460021102241F027
:1098B000B7DC236DD80724D5636D190621D4E36F77
:1098C0009A69920002D5DA69D00704D5DB69D90715
:1098D00001D45A0715D5E36E9B0012D5D4F8883011
:1098E000B3F8B82692B242F04002A3F8B826D4F8F2
:1098F0008820B2F8B83623F080031B041B0CA2F8B2
:10990000B836204641F006D9002487F8394006F1E0
:1099100036012869224642F0EDDC06F1080128698B
:10992000224642F0E7DC06F1F80122462869A43617
:1099300042F0E0DC3146286941F09ADE4BF6FF72D6
:1099400002403146286942F0D5DC2B6A97F839107D
:10995000186901F046FA6B7E43B1286940F2A471A0
:1099600022460C2342F0DAD8204601E06FF00A00CC
:1099700007B0F0BD7FB551F8383B00221868D0F829
:1099800068320092019202920122039104921946D8
:109990009822DC3317F0CCDE07B000BD38B50446A2
:1099A000FFF7A0FD94F83830032B04D02046FFF7D2
:1099B000B9FD054600E0002594F83830013B032B43
:1099C00073D8DFE803F00213304C01202146FFF783
:1099D000D1FF012D08D1E36A626901339342E3624A
:1099E00063D3022384F83830002351E0022021465B
:1099F000FFF7C0FF012D4FF000030BD1226BA169CF
:109A000001328A422263E3624FD3032284F8382072
:109A1000236338BDE26A616901328A42E2622363EC
:109A200043D3012232E003202146FFF7A3FF94F83D
:109A30003930012B07D120466168FFF710FF002362
:109A400023626362A362636BE269013393426363DF
:109A50002BD300236363042384F8383038BD0420FB
:109A60002146FFF787FF94F839301BB9204661681B
:109A7000FFF7C3FE012D4FF000030BD1E26A6169CD
:109A800001328A422363E2620FD3032284F8382032
:109A9000E36238BD226BA16901328A42E36222632C
:109AA00003D3012284F83820236338BDF7B5036857
:109AB000044693F83C20002A40F0AC8093F86931CA
:109AC000002B00F0A78044F06BDF022840F3A28057
:109AD000204644F003DF002800F09C80206940F01D
:109AE00059DA23680646DA6ED4F86872002A40F024
:109AF00091801B7E002B00F08D8094F8D4312BB127
:109B000020461FF067DA002840F08480D4F8A031A6
:109B10005A6B5278D1070CD4DD795DB1D4F8683234
:109B2000D3F814311B695B42AB42CCBF082500253A
:109B300000E0002506F00403002B18BF0825BB79C0
:109B400016F0100618BF4FF4007623BBD7F8083183
:109B500093F93430FBB13B7AEBB13B7C23B107F195
:109B6000DC00FAF35BF2B0B994F88D32012B12D11C
:109B700094F88E3223B1D4F8180535F019D850B9BD
:109B8000FB6DA3B13A6D40F2371313407BB197F8E8
:109B90006030D3B10BE094F88D325BB1D4F88C22F5
:109BA0001D4B1340B3F5807F10D13B7C73B135431F
:109BB000ADB20BE094F88E323BB1D4F8180534F016
:109BC000F7DF002808BF002500E01D4602212046DF
:109BD0004FF402722B4600911FF060DC354219D021
:109BE0000023D4F86422D15889B18A797AB90A7AE3
:109BF0006AB10A7C5AB1D4F8440158F0E9DE014652
:109C0000D4F8440103B0BDE8F04059F0A9990433F9
:109C1000202BE6D103B0F0BD00FFFF002DE9F84393
:109C200005680446D5F8A031D0F83480D3F81090F8
:109C30002B699B6F5E8BFDF315F7A36CA064C31AB1
:109C4000B3F5617F01D2BDE8F883204645F0BAD96B
:109C500084F83000204644F033DF84F83100204699
:109C600045F088D894F8453084F85A005BB194F8F0
:109C7000403084F8303094F8413084F8313094F832
:109C8000423084F85A3098F801305B0721D5E76BF1
:109C9000284694F9311094F9302094F95A30B84795
:109CA0005FFA89F94845074613D02846394645F0FA
:109CB000A7D82869026D12F480020AD14EB1012F93
:109CC00006F1A40101D1602301E06022134642F0B5
:109CD00013DA28460122D5F86812FFF7E7FE98F854
:109CE0000130980715D5A66B94F95A30284694F997
:109CF000311094F93020B04794F832300646834250
:109D000007D02846044932461FF0F8D808B984F82D
:109D10003260BDE8F88300BF6FB0890073B5046896
:109D20000546204644F0DADDD4F8A031064693F823
:109D30005E20013283F85E20236893F86931002B9E
:109D40004AD0002848D0236A1B68022B44D101283E
:109D500003D12046294645F0B5DB6B6B5B78DB070A
:109D600003D52846FFF75AFF36E0204645F05CD879
:109D7000D4F8A031DA7A72B1D4F86812D1F814119B
:109D800009694942914206DD721E012A1ED95E739D
:109D9000204601210EE09A7A7AB1D4F86812D1F8FF
:109DA000141109694942914207DA042E0ED05E73FC
:109DB0002046042145F024D808E0597B31B12046E3
:109DC00045F01ED8D4F8A03100225A732046D4F8AA
:109DD00068120122FFF76AFE236893F86921002ABE
:109DE00051D0226A1268022A4DD101228DF8062034
:109DF0008DF807204EB3042E27D093F8412022B3CC
:109E000093F842200AB3D4F864210AB19279E2B9F6
:109E100093F83E30CBB1D4F8A03142F20E7299885B
:109E2000013989B2914203D9598D11F0030105D04E
:109E3000013E012E09D82046012100E020460DF107
:109E400007020DF10603FFF700FC9DF807109DF8CF
:109E50000630A1F101025142A3F1010041EB0201E0
:109E6000434243EB000302228DF80630204613469E
:109E70008DF807102FF0DCD820469DF8061002223E
:109E800001232FF0D5D8236893F8693123B1236AD1
:109E90002846196845F00CDFD5F88000FFF77EFDF5
:109EA00000207CBD2DE9F04705689A462B680446E2
:109EB00093F844008EB00F461646002838D00DF1B6
:109EC0000C094FF00008002124224846F9F33AF229
:109ED000414608220CA8CDF81080CDF80C80F9F38B
:109EE00031F242464346D5F8C0063946CDF83490A3
:109EF00051F0FADCD4F8444180460FE08DE840018F
:109F000001330493D5F8C00639464FF6FF720CAB07
:109F1000059451F0C9DC50B924684644049B002CD8
:109F2000ECD1039A01209B18CAF8003000E0002011
:109F30000EB0BDE8F08702680146D2F86C31D2F865
:109F4000D80603F5C67203F5CE7305F077B80000A6
:109F500000487047C4580100024B542202FB0030F5
:109F6000704700BFBC65010000487047646601008F
:109F700038B58B781C1DA24230D30A78012A30D123
:109F8000142B34BF1A4614224B78022B04D0032B17
:109F90001ED0012B28D101E0002315E0002307E0AB
:109FA000CC18257990F8234001332C4380F82340C6
:109FB00001309342F4DB0FE0CC18257990F8234070
:109FC00001332C4080F8234001309342F4DB03E05E
:109FD00024300431F9F332F1002038BD6FF00D0068
:109FE00038BD6FF0240038BD002038BD38B50446B8
:109FF00010468A78151DAB420FD30B78012B0FD179
:10A00000142A28BF142214238270C37004F124017F
:10A010000430F9F313F1002038BD6FF00D0038BDA6
:10A020006FF0240038BD982970B504460D461646D9
:10A0300011D8243012B1FAF35DF501E0F9F3D6F747
:10A040002C2D0BD10121321CA06818BF01221DF05C
:10A0500071D9002070BD4FF0FF3070BD002070BD81
:10A0600070B505460C464EF067D8064680B190F8AC
:10A0700061309BB9836923B9E420FEF37FF1B061BD
:10A0800030B1F36953B9E820FEF378F1F06128B9F3
:10A0900028462146BDE870404DF04E9E70BD000040
:10A0A0002DE9F04F9A469BB00D46D1F80C31D1F80E
:10A0B0000461002800F0318189794468002940F06A
:10A0C0002C81297C002900F028819AF801100229AE
:10A0D0001FD19B68182B1CD102F10A00D5F808117A
:10A0E0000622F9F397F0A0B90AF1080031460622DA
:10A0F000F9F390F068B920462946D5F8082173F0A5
:10A10000F3DC30B120462946324673F0EDDC0746D9
:10A1100020B9002300932846062138E0BAF80E3013
:10A120008BBB00210C2217A8F9F30CF17C4B0DF12D
:10A13000140917937B4B002128220DF13C08484657
:10A1400018931994F9F3FEF00023002120224046D1
:10A15000ADF82430F9F3F6F00AF110030193249BD3
:10A16000CDF80080103B0293D4F8BC062946D022DB
:10A1700017ABCDF8589051F0D3DB002840F0CD80DC
:10A18000BDF824302BB1022200922846012132462C
:10A19000C1E0D5F8103193F8F430F3B9D5F818319F
:10A1A0001B7AD3B994F890322846590744BF23F05C
:10A1B000040384F89032012124F0B0DCD5F810318A
:10A1C000012283F8F4204FF4FA70FDF3BFF594F800
:10A1D000903243F0040384F89032B6F83280236A58
:10A1E000D3F804B008F44043A3F54042D2F1000A8A
:10A1F0004AEB020A003318BF01230A3354F82390B4
:10A2000008F46053B3F5005F03D14046FAF3A2F5BA
:10A21000804608F46053B3F5C05F27D1236893F8F4
:10A220004F309B0714D0D4F85801D9F8041049F0E6
:10A230000FDB00070CD499F8E530990708D5D9F859
:10A240000030022B12D1D5F868339B789A070DD5D0
:10A250004046FAF3FFF440F480539BB20E288CBFC3
:10A260004FF440484FF0000848EA0308236A186991
:10A270005EF040DA40451CD04146D4F8580149F020
:10A28000E7DC204625F0A4DD2046414624F0D2D864
:10A29000236893F83B304BB1D5F83C335968D4F878
:10A2A000C035994202D0204620F03CDA20461DF00D
:10A2B0003DD8204606F1380120F016DDD34524D0E4
:10A2C000236A204639465A682B4673F03DDA2368E4
:10A2D000206A93F84F30503013F0030307F13C012C
:10A2E00008D03B69D3F8EC3003F48053D3F1010379
:10A2F00038BF00237F228DE80C00002213466CF04B
:10A30000EBDA2046394673F053DF02230021009335
:10A31000284632460B463AF075DE1BB0BDE8F08F9A
:10A32000A9B885000DBA85000B89F0B5C48F03F07C
:10A33000F0060419360934F81650428FB0F83CE0A4
:10A34000013634F81670CC688218864487B05219EA
:10A350000EEBC50E2CB14E69C4EB060C8E6966443B
:10A3600000E026467D1BADB2CDF800E00195C06847
:10A3700002900868049403900596486819460023E3
:10A380004FF084DF07B0F0BDF0B50C460989C58EEB
:10A3900001F0F006878E4519360935F81630C719D1
:10A3A0004FF00C0E0EFB037787B0428E01360097FC
:10A3B00035F816508218ED1AADB201958068D218A2
:10A3C0000290206800230390A0690490E069059042
:10A3D00060684FF041DE07B0F0BDF0B50C4609896A
:10A3E000C58E01F0F006878E4519360935F816300E
:10A3F000C7194FF00C0E0EFB037785B0428E013665
:10A40000009735F816508218ED1AADB201958068A4
:10A41000D218029020680023039060684FF0F6DEA7
:10A4200005B0F0BD2DE9F341B0F81280878AC68AE5
:10A4300084798044C7198619F4B9254605F00F03BD
:10A4400036F81310013336F813208A420ED00C4B25
:10A45000521A181980884FF00C0E009092B208EB37
:10A460000100E3580EFB01714FF0CEDF01350834D7
:10A470000D2DE3D1002001E06FF01600BDE8FC8156
:10A48000685901000378FF2B01D0184670474378C4
:10A4900013B18078FF3070474FF6FF70704791E836
:10A4A0000C0009895268B02902D11268032A08D029
:10A4B00090F8420630B1D3F86433587810B10230C6
:10A4C00070470020704706207047036873B5044644
:10A4D000D0F82454D4F81C1498680AF061DA26E005
:10A4E000EE690BBBD4F8243405F10E029D4208BF7F
:10A4F000C4F824642068214673F0F6DA024640B1BD
:10A50000012102238DE80A0020682146002372F011
:10A5100053DF23682946586851F088DC94F82034CA
:10A52000013B84F8203401E0013BAB6135461DB1AD
:10A53000AB695A1CD4D116E02368D4F82424986857
:10A54000D4F81C143AB90AF097DAC4F81C5484F809
:10A55000205402B070BD42F210722B4602B0BDE82A
:10A5600070400AF0F799FEE77FB5D0F824040E4654
:10A5700015461C4698B104AB43F8040D0020009327
:10A58000014632462B4651F09FDC40B94EF660231F
:10A590005C4342F21073B4FBF3F4039B9C6104B080
:10A5A00070BD00002DE9F0410546D0F80080D0F8DC
:10A5B0001441FDF357F2D8F82030064618695EF0D2
:10A5C00099D8D5F808315B8E834259D113F4404FA6
:10A5D00009D1D8F8003093F8693123B1404640F0F2
:10A5E0000FD800284CD0A36C002B53D0E16C721A0A
:10A5F0009A424FDB94F850301BB122695BB2934210
:10A6000048DB94F84430FBB12769EFB1FF1AD8F862
:10A61000C4366FF0C7029742B8BF174613B19F42C6
:10A62000B8BF1F46B4F90E30002B03DA1A48324681
:10A63000F8F3AEF6002213462846394654F026D8E1
:10A64000D5F80831228A5A8594F8453013B36769E2
:10A6500007B3FF1AB4F93A3027EAE777002B04DA98
:10A660000E48E16C3246F8F393F62846394600224C
:10A6700054F05AD8D5F80831A48A9C85BDE8F081F9
:10A68000D5F80831DA8DE36CD318E3649B1B002BFB
:10A69000C8BFE664BDE8F081AEC58900DFC58900AA
:10A6A00010B5002012F04004187002D012F0800F94
:10A6B00015D011F4007005D012F0800F02D00120E7
:10A6C000187010BD490501D5130605D530B9D4F170
:10A6D000010038BF002010BD002010BD012010BDBA
:10A6E0002DE9F04F836B0D46596C044640F239500A
:10A6F00087B09246002281428DF8172003D040F2A5
:10A700008B50814208D1B4F8522002F44042A2F5A5
:10A7100040414A4242EB01021869039268F072D844
:10A7200028B3D4F8E4235AB1D4F8F803012169F02E
:10A730007FDE28B9A36BD4F8E413986869F0A8DC2D
:10A7400094F8943083B9D4F8F803B4F85210012285
:10A7500069F038DEC4F8E40330B1BAF1000F03D178
:10A7600020465EF04FDD46E10023C4F8E433B4F840
:10A770005210A36B01F46051B1F5005F986805D0E9
:10A78000A1F5C052514241EB020100E0022169F003
:10A7900071DC0646002800F02E8135B1204629469E
:10A7A000B4F8522033465EF007DDB4F852904846C4
:10A7B000FAF350F209F46057A36BB7F5005F98689D
:10A7C00005D0A7F5C053594241EB030100E0022137
:10A7D00069F050DCA36B054610B99868314617E064
:10A7E000B7F5005F986806D0A7F5C058D8F100010A
:10A7F00041EB080100E0022169F03CDC804650B9E1
:10A80000A36B3146986869F043DCA36B29469868CE
:10A8100069F03EDCEFE0D4F8E403B8B169F044DC61
:10A82000B7F5005F06D0A7F5C05CDCF1000343EB91
:10A830000C0300E00223984208D0A36BD4F8E41381
:10A84000986869F025DC0023C4F8E433D4F8E433D5
:10A85000FBB9A36BB7F5005F986806D0A7F5C05E9B
:10A86000DEF1000141EB0E0100E0022169F002DCA3
:10A87000C4F8E40368B9A36B3146986869F008DC52
:10A88000A36B2946986869F003DCA36B414698687E
:10A89000BEE7D4F8E40369F02DDB20465EF04CD827
:10A8A000284694F97B1069F017DD00230DF117029B
:10A8B00000932046434649465FF09CDC40463146C3
:10A8C00069F054DB404694F9651369F0ADDC41460C
:10A8D000284669F04BDB94F85810632902D82846C3
:10A8E00069F0B6DC284669F0DDDB284669F014DC47
:10A8F00094F8673307469B0098426FF07F01284623
:10A90000B8BFDFB269F01EDCFFB25FFA80F9A36B5B
:10A9100084F87E7084F87F908346186967F072DF50
:10A92000B8B1D4F8F803B4F8521069F02DDE01285C
:10A930000FD1B4F8521000224B46D4F8F80369F056
:10A94000D5DDD4F8F803B4F8521000223B4669F084
:10A95000BDDD002384F891B084F8963084F880300F
:10A96000BAF1000F03D02846514669F019DB94F87C
:10A97000823028460BB1039B23B194F97E1069F015
:10A98000C7DA03E094F97F1069F04EDCD4F8E403F1
:10A99000294669F0D1DAA36B186967F033DF98B103
:10A9A000D4F8F803B4F8521069F0EEDD012803463C
:10A9B0000AD1D4F8E403A16B00908868B4F852205F
:10A9C000D4F8F81369F054DDA36B3146986869F048
:10A9D0005FDBA36B2946986869F05ADBA36B41469D
:10A9E000986869F055DBBAF1000F04D1D4F8543AF5
:10A9F0000BB12046984707B0BDE8F08F10B590F82E
:10AA00006330002B3CD0DB07C9B22CD5836E8B4260
:10AA100023D190F8253A3BB10023846BE41801332D
:10AA2000082B84F82021F8D1836BD3F828411B1917
:10AA300083F82021836BD3F82841072C01D00134FF
:10AA400000E00024C3F8284190F8253A2BB190F893
:10AA5000263A13B1002380F8253A90F8633023F0AA
:10AA6000010380F8633090F8633013F0020F07D0D1
:10AA700023F0020380F86330836B186967F0BADE55
:10AA8000002010BDF8B590F863300446002B3AD191
:10AA9000012902D0022939D100E08266A36B80F837
:10AAA00063101A6A94F8D900626618BB94F86C2097
:10AAB000002A2DD118698E2167F072DE400087B21E
:10AAC000062502E00A20FDF341F1A36B07F17406AD
:10AAD0001869314667F064DE08B1013DF2D1A36B1D
:10AAE00001221869314667F067DE204601F012F84E
:10AAF000024600E0A122B4F85210204652B2BDE84E
:10AB0000F840FFF77BBF6FF01800F8BD6FF0020050
:10AB1000F8BD10B504465DF0EDDD0221C2B220465D
:10AB2000BDE81040FFF7AEBF30B5026CCB8892F89D
:10AB300029463CB9846B64690A2C03D94C8A14F405
:10AB4000807F14D0846B6569272D03D10C8A14F49F
:10AB5000006F0CD18C88DBB214F0030F01D09D2B59
:10AB600005D0232D07D14D8A15F0200F03D00123E6
:10AB70008B7700230AE090F92C031B18E00444BFF4
:10AB800092F91E269B180022CB778A770B77002339
:10AB90004B7730BDC369043B082B06D8DFE803F0D0
:10ABA0001805090709050B050D000020704717203F
:10ABB0007047042070470720704790F83E03012833
:10ABC00008D0032814BF4FF483704FF48B70704784
:10ABD000012070474FF48B707047836B13B51A6A6E
:10ABE000044601321A6290F86020002A00F0AC801E
:10ABF000B0F8C8222AB1D0F8F013A1F83622A1F893
:10AC00003A22B4F8CC222AB1D4F8F013A1F82822C1
:10AC1000A1F82422B4F8CA222AB1D4F8F013A1F87A
:10AC20002222A1F82622216F40F606220A402AB9E4
:10AC300093F82C3113B120465DF0F8DDA36B1A6A4E
:10AC40001B6EB2FBF3F103FB1123A3B920465FF0A7
:10AC500085DC236F40F60202A16B1A4000320869BE
:10AC600018BF0122B4F85210C3F3800367F0D2DD9D
:10AC700020465FF081DC226F40F60E231340B3B90B
:10AC8000A36BD4F88C21196AD2F89020D3F818312C
:10AC90008A1A9A420BD394F8522020460121FFF7DA
:10ACA000F1FEA26BD4F88C31126AC3F8902094F8AC
:10ACB000633043B1A36B1A6A636ED31A052B02D9B2
:10ACC000002384F86330D4F8F4202AB1A36B196A06
:10ACD0001B6E8A1A9A420CD3226F40F6020313406D
:10ACE0003BB920465DF016DE18B1A36B1B6AC4F8B1
:10ACF000F430226F40F60F2313402BBB20465EF04A
:10AD0000B5DA20465EF054DAD4F88C31D3F88820D6
:10AD100012B1013AC3F88820D4F8B43A0BB12046F6
:10AD20009847A36B186967F023DD68B1A36B01A98D
:10AD300018690DF1070267F01FDD20469DF8071026
:10AD4000BDF804205DF0D4DD00201CBD03460021C9
:10AD5000986B40180131082980F82021F8D19A6BAE
:10AD60000021C2F82811D16E032907D1D3F8C410ED
:10AD7000C90703D5126A0832C3F8B820002299180F
:10AD800002324FF6A470202AA1F8040AF7D100205D
:10AD9000012283F8240A83F8EC2A7047836B10B5EC
:10ADA0009A69044692001BD590F8ED2A012A17D122
:10ADB000B0F8522012F4404F12D1186967F004DD48
:10ADC000636CB3F8B42692B242F00302A3F8B4263F
:10ADD000636CB3F8B82692B242F0C002A3F8B8266A
:10ADE00010BD80F8ED1A704730B5056C044687B089
:10ADF00028464FF4007141F21C1260F047DB002836
:10AE000000F09D8007230393202305938023029362
:10AE100000230190049340F8043B0133802BFAD1C6
:10AE2000204601A965F0E8DE4FF43073204601A901
:10AE3000049365F0E1DE206C41F22F1160F04CDBF1
:10AE40002046012164F086DC20463E4936225DF032
:10AE5000F7D9D5F8C434204640F6F4114FF48042B7
:10AE60006BB113465DF0B4D9B5F85824B5F8563433
:10AE70002046D31840F20C5140F2FF129BB25DF015
:10AE8000A7D91E22304920465DF0DAD9204661F06C
:10AE900011D8204663F014DA9921012200232046BC
:10AEA0005DF068D996210222002320465DF062D928
:10AEB000A2210122002320465DF05CD9A521402279
:10AEC000002320465DF056D9A6210122002320460A
:10AED0005DF050D9A1210122002320465DF04AD91E
:10AEE00030220023204602215DF044D96F21204604
:10AEF0004FF4005200235DF03DD94FF480521346C9
:10AF000020466F215DF036D904221346204640F2D8
:10AF1000D7415DF05DD940F2D7414FF470624FF4F4
:10AF2000807320465DF054D9204662F0DBDB20467A
:10AF300040F275514FF4007200235DF049D907B01B
:10AF400030BD00BFBE5A01002A5B0100F0B50723E7
:10AF500087B0066C029320230493012304460D4618
:10AF60000193304605AB4FF4007141F27332009308
:10AF700060F08CDA002849D0D6F8B865074601465B
:10AF80000023B3422CBF9E46B64605EBCE0292F894
:10AF900003C015F83EE001334EEA4C5E92F802C061
:10AFA00052784EEA4C3E4EEA4212802B059241F80E
:10AFB000042BE6D18DE809006946C023204603939F
:10AFC00065F01ADE0023B3422CBF1A46324605EB69
:10AFD000C20210795179400240EA4140D1790133EF
:10AFE00040EA0102802B059247F8042BEBD14FF485
:10AFF000107320466946039365F0FEDD236C41F231
:10B000009F31C3F8BC55206C60F066DA07B0F0BD24
:10B01000F0B5076C89B0002304460D4638464FF45E
:10B0200000714FF4965205930693079360F02EDA61
:10B030000646002834D04DB9204605A906AA07AB1C
:10B040005EF028DB03953746002510E097F833368D
:10B05000002BF8D0B4F9283A0693B4F92A3A0793AA
:10B06000B4F92C3A05934FF430730393EBE705A939
:10B0700028460EC964F0B0DE0135802D47F8040B78
:10B08000F5D10723029320462023694604930096B6
:10B09000019565F0B1DD206C41F2DF2160F01CDA32
:10B0A00009B0F0BD2DE9F047571A7E1C1FFA86F94A
:10B0B0004FEA89034FF6FC7186B004461940006CD4
:10B0C00041F6DE3260F0E2D90546002871D0102347
:10B0D0004FF0600ADFF8E0808DE8080404AA02233C
:10B0E00020460021CDF808805EF0CCD8BDF81020B5
:10B0F000BDF8123092059B059B0D920D43EA82220A
:10B10000C246002308E055F8231001F07F61114387
:10B1100045F8231001339BB2BB42F4DD20234FF4EA
:10B12000A0788DE80801DFF894802A46334620464F
:10B130000721CDF808805EF0B3D8206C41F6F231DB
:10B1400060F0CAD94FEA49094FF6FE71206C09EA4E
:10B15000010141F6F53260F099D9054648B3102354
:10B160004FF0620C8DE808102046012300210DF1FC
:10B170001602CDF808A05EF085D8002305E0BDF8E2
:10B18000162025F8132001339BB2BB42F7DD1023B4
:10B190004FF4E07E8DE80840204607212A463346DA
:10B1A000CDF808805EF07CD8206C41F6024160F05A
:10B1B00093D906B0BDE8F087CD21870061498700AB
:10B1C00010B5044660F098D92046012200234FF4C0
:10B1D00030615CF0FDDF2046042200234FF4306133
:10B1E0005CF0F6DF2046082200234FF430615CF06B
:10B1F000EFDFF022204613464FF430615CF0E8DFC9
:10B200004FF47062204613464FF430615CF0E0DF8B
:10B21000204600234FF430614FF480525CF0D8DFB9
:10B2200020460622042340F607315CF0D1DF204699
:10B230003822082340F607315CF0CADF204600239D
:10B2400040F607314FF4E0725CF0C2DF2046302256
:10B25000102340F60B315CF0BBDF40222046134642
:10B2600040F60B315CF0B4DF204640F60B314FF472
:10B27000F0624FF480635CF0ABDF204640F60B31A8
:10B280004FF4F0424FF400535CF0A2DF94F8FC3925
:10B290002046012B14BF4FF480534FF4105340F657
:10B2A0000C314FF6FF725CF093DF204640F60C3114
:10B2B0004FF6FF724FF480535CF08ADF204640F671
:10B2C0000D314FF6FF724FF450435CF081DF2046A2
:10B2D00040F60E314FF6FF724FF478435CF078DFA2
:10B2E0002046102340F60F314FF6FF725CF070DFFE
:10B2F00020464FF431614FF6FF724FF478435CF013
:10B3000067DF204640F611314FF6FF724FF47D4360
:10B310005CF05EDF20460F22002340F612315CF025
:10B3200057DF2046F022002340F612315CF050DF58
:10B330002046002340F612314FF470625CF048DF83
:10B3400020460F22002340F613315CF041DF2046F7
:10B35000F022002340F613315CF03ADF2046002350
:10B3600040F613314FF470625CF032DF20460F225A
:10B37000002340F614315CF02BDF2046F02200233E
:10B3800040F614315CF024DF204640F614314FF4CF
:10B39000706200235CF01CDF20460F2240F615315E
:10B3A00000235CF015DF2046F022002340F6153123
:10B3B0005CF00EDF2046002340F615314FF470623A
:10B3C0005CF006DF20460322012340F616315CF0D4
:10B3D000FFDE20460C22002340F616315CF0F8DE3A
:10B3E00020463022102340F616315CF0F1DE204674
:10B3F000C022402340F616315CF0EADE20460023EE
:10B4000040F616314FF440725CF0E2DE204640F622
:10B4100016314FF440624FF480635CF0D9DE204671
:10B420000322002340F617315CF0D2DE20460C22C6
:10B4300040F617314FF6FC735CF0CADE204630222E
:10B4400040F617314FF6F0735CF0C2DE2046C022A2
:10B45000002340F617315CF0BBDE204640F6173182
:10B460004FF440724FF47F435CF0B2DE204640F66A
:10B4700017314FF440624FF47C435CF0A9DE204664
:10B480000122002340F606315CF0A2DE1F22204696
:10B49000134640F605315CF09BDE4FF6FF72204606
:10B4A000134640F604315CF093DE4FF6FF722046FF
:10B4B000134640F608315CF08BDE204640F6093139
:10B4C0004FF6FF7247F6FF735CF082DE20460823DA
:10B4D00040F60A314FF6FF725CF07ADE20463F23D9
:10B4E00040F602314FF6FF725CF072DE2046FF2319
:10B4F00040F603314FF6FF725CF06ADE0F22204601
:10B50000134640F601315CF063DEF022204613461C
:10B5100040F601315CF05CDE0122204613464FF418
:10B5200030615CF055DEA36B2046D96EBDE810405B
:10B530005FF0029A2DE9F043044689B00F46904629
:10B54000006C4FF4806141F2366299465FF09EDFF5
:10B55000064600284ED001221346204640F29C4168
:10B56000C4F8D0705CF034DE20469DF840105FF0E7
:10B5700041DB28222046394661F09CDFB0F5807F10
:10B58000054603D9206C41F2526131E0204640F279
:10B59000D661032200235CF01BDE082213462046FE
:10B5A00040F2DA615CF014DE282342468DE8280080
:10B5B00020463346394665F061D915230396059335
:10B5C00000262023204603A907930495069665F0DC
:10B5D00013DB9DF844302046019329464FF6FF7255
:10B5E0003346CDF8009062F0F1DF206C41F26661E5
:10B5F0005FF072DF09B0BDE8F08300002DE9F04F85
:10B6000000218FB0076C90F85250ADF83210ADF8B1
:10B6100034100446002109A80C22F7F393F6002306
:10B62000ADF8363097F8153613B197F8161601E0D5
:10B6300097F81416D4F8DC002A465FF0BDDC80468B
:10B64000002800F06081204601215FF0D3DAB8F8CD
:10B65000005045B12DB24FF47A726A432046012161
:10B6600063F098DE0125B8F8023063B10135EDB220
:10B670001BB24FF47A725A432046294663F08ADEA1
:10B68000012D0AD100E0DDB1022300930121002346
:10B690000193029320460A4608E002230121009309
:10B6A00001930023029320460A460B4663F014DF01
:10B6B000204605214FF486720DF1320361F01CDE45
:10B6C00000252E46A94638F8051029B304200B237F
:10B6D0008DE8090009B20DAA4FF4FA73204661F013
:10B6E0007BDBBDF83420BDF832301C3AD21AB7F9F2
:10B6F000181613B299420FDC0EA9062303FB06139A
:10B7000038F80510013623F8141C23F8122C23F8FE
:10B71000100CB6B24FF001090235042DD3D102232B
:10B720000693102308930DF136030493002501239B
:10B73000204604A90593079562F094DE10238DE856
:10B740002800724B02210293204601230DF136029C
:10B7500001355DF0A5DD402DF0D1002520462946BC
:10B760002A462B4600950195029563F0B5DEB9F1A6
:10B77000000F40F0B180C2E00EAB4FF0060909FBAC
:10B78000053939F8148C0135EDB20FFA88FA4FF407
:10B790007A7202FB0AF22046294663F0FBDDB7F914
:10B7A0001A2639F9123C9A4201DD002006E0B7F969
:10B7B0001C269A4201DD012000E002205FF0F4DB4C
:10B7C00029460246204663F039DEBAF1000FB8BFC1
:10B7D000CAF1000A4FEA8A0A4FF0000940F27123C9
:10B7E0009A450ADD09F101095FFA89F9AAF59C6A0F
:10B7F000B9F1200FAAF1020AF0D10FFA88F3002B59
:10B80000D8BFC9F100095FFA89F94FFA89F34FEA05
:10B8100048086FF41C7202FB0388002BB8BF5B4220
:10B82000022B59DD4FF0000A002150465FF058DC32
:10B830000FFA88FB8BEAEB73A3EBEB73984244D1CE
:10B84000012150465FF04CDC0221804650465FF0FB
:10B8500047DCBBF1000F82464FFA89F30ADA002B6E
:10B86000DBBF5FFA89FB0BF1400909F1FF3B0BF1EC
:10B870003F0B09E0002BDBBF5FFA89FB0BF14009AE
:10B8800009F1010B0BF1410B4FFA89F3204604A992
:10B89000079362F0E7DDBDF836302046984404A9EE
:10B8A000ADF8368065F0A8D94FFA8BF3204604A98D
:10B8B000079362F0D7DDBDF8363020469A4404A9DC
:10B8C000ADF836A065F098D906E00AF1010A5FFAF2
:10B8D0008AFABAF1060FA7D1B542FFF44DAF4FF087
:10B8E0000003012E00930193029320464FF00501BF
:10B8F00001D1324601E00122134663F0EDDD20461E
:10B9000000215FF077D90FB0BDE8F08F6149870063
:10B910002DE9F743904608220F461E4640F60701E0
:10B9200013460446056CBDF828905CF051DC0122FA
:10B930001346204640F607015CF04ADC4FF4005203
:10B940001346204640F646015CF042DC204640F6B5
:10B9500039013A465CF06EDC94F86D33204640F6CF
:10B9600035010BB1802200E020225CF063DC204630
:10B970004FF4046100225CF05DDC204640F63401A7
:10B980007F2233465CF024DC20464FF401614FF403
:10B9900080434FF440425CF01BDC94F86D3320464A
:10B9A00040F6360113B14FF4807200E040225CF0A3
:10B9B00041DC204640F646010F2208235CF008DCFB
:10B9C00094F86D63204640F64601F02256B190236C
:10B9D0005CF0FEDB204640F646014FF470624FF407
:10B9E000106308E033465CF0F3DB204640F6460186
:10B9F0004FF4706233465CF0EBDB204640F63301D7
:10BA00007F2243465CF0E4DB4FEA0923204640F600
:10BA100033014FF4FE4203F47F435CF0D9DB01268F
:10BA200020463B496422002300960196FFF782FDE1
:10BA30004FF480521346204640F6A5115CF0C8DB57
:10BA40003246334640F6881120465CF0C1DB4FF4A5
:10BA50009670FCF37BF13246204640F637015CF0ED
:10BA6000E9DB44F6216602E00A20FCF36FF1204690
:10BA700040F637015CF0CCDB30B1013EF4D103E09D
:10BA80000A20FCF363F101E044F62166204640F60B
:10BA900037015CF0BDDB08B1013EF1D140F6370162
:10BAA00020465CF0B5DBC10705D594F8153343F0AB
:10BAB000010384F815330023204640F6A5114FF406
:10BAC00080525CF085DB20465FF09CD92046002345
:10BAD00040F2A66141F6FF725CF07ADBD4F88C315B
:10BAE0002046B3F98C20B5F9043C40F609019A428E
:10BAF000B4BFB5F8065CB5F848554FF68072ED0155
:10BB000005EA020303B0BDE8F0435CF0619B00BFAF
:10BB1000A0252600F0B54F4B91B0044602AA03F1D0
:10BB2000200618685968154603C50833B3422A46EB
:10BB3000F7D118689B882860AB80012384F8263AE7
:10BB4000A36B8E21186966F02BDE400086B2972524
:10BB500002E00A20FCF3FAF0A36B06F17401186905
:10BB600066F01EDE08B1013DF3D1A36B4FF44271C4
:10BB7000186966F015DEA36B074640F20A311869B2
:10BB800066F00EDEA36B05464FF44371186966F04C
:10BB900007DEA36B064640F20E31186966F000DE40
:10BBA000BE1936042D1876190AD194F8253A4FF6A5
:10BBB0007862ADF83820002B31D084F8266A2EE068
:10BBC0004FF48673ADF83C3006F580760023760A94
:10BBD00000930FAB360201930DAA0EAB20460CA9C1
:10BBE0000C965DF0BDDFBDF938201B4B9B1A002B76
:10BBF000B8BF5B42702B94F8EC2A02D85AB1282BBC
:10BC000009D94FF67863ADF8383094F8253A13B176
:10BC1000002384F8263A12B1002384F8EC3A236C0E
:10BC2000BDF9381093F83536891008467BB14AB211
:10BC300012F1560F0BDA12F1690F08DB6FF05603A1
:10BC40009B1A10AA02EB430313F8380C401840B2B9
:10BC500011B0F0BD1839010078FEFFFF436C2DE9EB
:10BC6000F041D3F82031044603F001030D4683F080
:10BC700001061BB9836B186966F0B4DD2046276C9A
:10BC80005EF0C2DF40F27F41A7F802042046276C35
:10BC90005CF0BEDAC005C00D4010A7F80404226FA6
:10BCA00041F6062313402BB944F62062102D08BF3D
:10BCB000FA2200E0FA22A36BB821186966F07CDD55
:10BCC000A36B41F60627186966F098DD2046FFF75A
:10BCD00065F8236F1F407FB9A36B20461B6A0121C3
:10BCE000C4F8D430D4F88C815FF00CD9D4F88C31FE
:10BCF000A8F88C00C3F88870082D01D0E80606D596
:10BD000003210A22204660F0B1D9082D01D0A906EE
:10BD100004D5204664F0D0DC082D01D06A0604D595
:10BD2000204662F071DE082D01D0EB0506D5236CAC
:10BD300093F8173613B12046FFF760FC204660F0F9
:10BD4000BBDD2046FFF72AF8082D01D028060BD5C9
:10BD5000256C95F8643523B1204666F0F1DBC5F813
:10BD60005405204665F074D820465CF053DB1EB9BC
:10BD7000A36B186966F036DD20460021FFF748F90D
:10BD8000236C93F8333673B120460121FFF740F955
:10BD9000204640F237614FF440424FF40043BDE883
:10BDA000F0415CF0159ABDE8F081816BD0F8D43099
:10BDB0000A6A10B59A42044601D3D31A01E0DB4364
:10BDC0009B18D4F82823934200D302BB8A6E934277
:10BDD0001FD3D4F88C31D3F88830D3B90121204651
:10BDE0005FF090D8D4F88C21B2F88C3019B2884228
:10BDF000CCBFC3EB0000C0EB030094F8661300B2A5
:10BE0000884208DAA36B9B6EC2F8883001E00120FB
:10BE100010BD002010BD012010BD012070470000A2
:10BE200001290BD1012B09D8013B064902EB830202
:10BE300051F822305A1C03D0C018704700207047B8
:10BE400000207047745B0100142303FB010070475E
:10BE50008369DA688A4218BFD960704738B50446EA
:10BE60002569006835B105F5077115F031DC284604
:10BE7000FCF390F2E06C0025256108B1FCF38AF236
:10BE8000E56438BDF8B5846905460668E06A08B11E
:10BE9000FCF380F2E969B068002708F081DD002139
:10BEA0002846FFF7D5FF284684F83D70FFF7D6FFF8
:10BEB000304623F0F9D827826762A762E7622783BA
:10BEC000F8BD10B550B1D0F8400238B1072905D8F7
:10BED0003C2404FB01018858C3188B5010BD2DE988
:10BEE000F0410C4616460546002831D0D0F84032C5
:10BEF000002B2DD03C2202FB013318221F6A33464F
:10BF0000FFF7DFFF284621461C220123FFF7D9FF58
:10BF1000BE422846214601D2242214E0B6EB470F48
:10BF200001D228220FE0B6EB870F01D22C220AE0C3
:10BF3000B6EBC70F01D2302205E0B6EB071F01D2E6
:10BF4000342200E038220123BDE8F041FFF7B9BFF9
:10BF5000BDE8F08173B504680325204601214FF444
:10BF60008062002300951DF099DA002120460A46E0
:10BF7000012300954DF084DB0026D4F864329D59EE
:10BF80009DB1AB798BB9D5F818315A6C22F001020A
:10BF90005A641A78012A01D15B7F33B12846002107
:10BFA00022F0BCDD284667F0B1DA0436202EE4D159
:10BFB000204602B0BDE8704023F07698F8B5D0F87E
:10BFC000B0550446AE69F368002B30D0012B30D059
:10BFD00028460121FFF73CFFA068E96908F0E0DC92
:10BFE00028B128460021FFF733FF012700E007466C
:10BFF000338A83B1236A18695CF07CDB338A83421D
:10C0000009D0204623F0E4DE2046318A22F012DAFD
:10C0100020461BF08BD9D4F8B005FFF79BFF2046D4
:10C0200024F0CED92846FFF72DFF3846F8BD012071
:10C03000F8BD0020F8BDFFF7C1BF002070472DE913
:10C04000F843DDF820800446D8F800700E46154607
:10C0500099460FB91FE01F463B68A3B1BCB120460B
:10C06000F9683246F7F3D6F028B9284679684A4687
:10C07000F7F3D0F018B17B69002BECD10BE0C8F8D6
:10C080000070BDE8F8836FF00100BDE8F8836FF041
:10C090000100BDE8F883C8F800706FF01D00BDE82E
:10C0A000F8831FB50C46416B81B104A840F8041D0C
:10C0B000009019461046BDF81C30069AFFF7BFFFE6
:10C0C00030B92CB1039B1B68236001E04FF0FF30B7
:10C0D00080B204B010BD10B50C4699B10B6863B1C5
:10C0E0000846F5F3CFF7E068FCF354F16068FCF321
:10C0F00051F100232360E36063602046BDE81040F7
:10C10000FCF348B110BD2DE9F84F476B04460D46CE
:10C1100016469B46DDF828A0BDF82C90002F33D0A2
:10C12000B1B9AAB930E07DB976B1BAF1000F0BD040
:10C130003046F9685A46F7F36DF028B950467968E9
:10C140004A46F7F367F050B17B691BB9BDE8F88F39
:10C15000B84601E0B8461F46AF42E4D1A7B1636BD1
:10C1600039469F427B6908BF6363C8F8143023686F
:10C170005868FFF7B0FF94F83030013B84F8303056
:10C18000636B0BB984F83030BDE8F88F10B5044606
:10C1900005E04B69636323685868FFF79CFF616B98
:10C1A0000029F6D184F8301010BD2DE9FF471E4656
:10C1B0000023039390F830300446102B884617462E
:10C1C000DDF83090BDF8345009D9416B39B14A6877
:10C1D0000B7C00920A890192CA68FFF794FF636B97
:10C1E0000393B8F1000F65D0002F63D0B9F1000FB1
:10C1F00060D003AB0093384631464A462B46FFF7E2
:10C200001EFF824628B9039B41461868F5F31EF7C6
:10C2100055E01E3053D11820FCF3B0F082460028C0
:10C220004BD02069F5F3C0F6CAF80000B0B1304633
:10C23000FCF3A4F0CAF80C0018B95046F5F322F745
:10C240000CE02846FCF39AF0CAF8040050B95046B6
:10C25000F5F318F7DAF80C00FCF39CF05046FCF309
:10C2600099F02AE0636B2BB9012384F83030C4F8CD
:10C2700034A007E094F83030013384F83030039B69
:10C28000C3F814A0DAF80C0039463246CDF80CA0F9
:10C29000F6F3D4F7039B49461E7458682A46F6F312
:10C2A000CDF7039B41461D811868F5F3C1F64FF0A9
:10C2B000000A04E06FF0010A01E06FF01A0A50462C
:10C2C00004B0BDE8F087F8B51E4614460D460CE0F4
:10C2D000FEF7D8F8B04215D07A78931C9C420ED95C
:10C2E000ED186FF001039B1AE41854B1284621465B
:10C2F000FF22F7F321F407460028E9D102E00027E6
:10C3000000E027463846F8BD08B511461A464FF4F6
:10C31000AE73FFF7D8FF58B14378A3F12102D2B230
:10C32000202A04D8029A013B1370033008BD002074
:10C3300008BD2DE9F0470468A0B0D0F80480064697
:10C3400002200F688946F4F761FA002501212A4688
:10C3500020238246606A1F95F1F3A2F501212A4647
:10C3600020231D90606AF1F39BF501212A462023CA
:10C370001E90606AF1F394F501212A4620231A9059
:10C38000606AF1F38DF5202301212A461B90606A33
:10C39000F1F386F5143729461C9052460FA808F190
:10C3A000E205F6F3CFF7062238462946F6F332F7D0
:10C3B000002817A807DD39460622F6F33FF70DF1EE
:10C3C0006200294606E029460622F6F337F70DF10A
:10C3D000620039460622F6F331F717AA01920C22C1
:10C3E000002307AD0FA90292202752460220009396
:10C3F00003950497F4F730FB1B98F2F3ABF22A464F
:10C4000001213B461A98F2F379F2A3691C986169FD
:10C410001B9AF1F7C8FF1A981C9A0146F1F7F6FF2C
:10C420001A981B9A0146A3690836F1F77AFF30463D
:10C4300098F81850F7F332F080B201901FA9204607
:10C4400008F119022B460096FFF72BFE08B91F9B37
:10C45000A3B11A99D9F8D4201F98F5F349F71DA96B
:10C460001EAAD9F8D400F5F32BF61AA8F1F356F664
:10C470001BA8F1F353F61CA8F1F350F620B0BDE869
:10C48000F08770B5456892B004460026286801A977
:10C49000202211961BF0CEDB2023012101AAD4F823
:10C4A000C000F2F32BF2286809A920221BF0C2DB9E
:10C4B000686A012132462023F1F3F2F4119000B3AF
:10C4C000012109AA2023F2F319F26B69D4F8B8000C
:10C4D000D4F8C010119AF1F724FFD4F8DC20119998
:10C4E000D4F8D400F5F304F7D4F8DC000146F5F3F2
:10C4F000B9F6D4F8DC0004F1C40104F1C802F5F384
:10C50000DFF511A8F1F30AF60021202209A8F6F3BD
:10C5100019F701A800212022F6F314F712B070BD1C
:10C52000F0B5C1B007AD0C461746114628460222A9
:10C53000F6F384F601210DF11E022023D4F8BC008D
:10C54000F1F302F601210DF13E022023D4F8CC00D4
:10C55000F1F3FAF501210DF15E022023D4F8D000A9
:10C56000F1F3F2F501210DF17E022023D4F8B80099
:10C57000F1F3EAF501210DF19E022023D4F8C40065
:10C58000F1F3E2F501210DF1BE022023D4F8C80039
:10C59000F1F3DAF500238DE82800C222202502926B
:10C5A00038AE04F118012A46022003960495F4F7E8
:10C5B00053FAB81C31462A46F6F32CF6D0F10100A6
:10C5C00038BF002041B0F0BD30B590F88C318DB04F
:10C5D00004460D68002B3FD0D0F8D40008A909AA62
:10C5E000F5F36EF5202301216A460998F1F3ACF5C5
:10C5F000D4F87031E31893F893219DF81F3053401D
:10C60000D80724D501210022EB69686AF1F348F4C8
:10C61000EB690A9001210022686AF1F341F40121DB
:10C620000B900A9A2869F5F3A9F600230B980A994A
:10C63000099AF1F7B8FE08990B9AD4F8D400F5F3EB
:10C64000D9F50AA8F1F36AF50BA8F1F367F52046CE
:10C65000FFF717FF002501E04FF0FF35E43404F148
:10C66000A000F1F35BF504F19C00F1F357F504F140
:10C67000A400F1F353F504F1AC00F5F303F504F174
:10C68000B00000212022F6F35DF628460DB030BD43
:10C690002DE9FF410546006832F8066F0C46D0F8D8
:10C6A0000080FFF73DFF002833D06968A4F864607C
:10C6B0008F7904F138068FB9D8F8D0063246202396
:10C6C00076F0ACDC2368696814338DE88800324664
:10C6D000D8F8D006202376F0B5DB17E010230093BE
:10C6E00023684FF4802714330193084620223146F3
:10C6F00004F10803029750F095DE48B92168686894
:10C7000014313A46D5F88C30FDF72EFF012000E0B9
:10C71000002004B0BDE8F0812DE9FF41D688B1F8D2
:10C72000643005460068B3420C46D0F800803BD820
:10C730004FF6FF739E4237D00632FFF7F1FE002816
:10C7400033D06968A4F864608F7904F138068FB932
:10C75000D8F8D0063246202376F060DC236869687A
:10C7600014338DE888003246D8F8D006202376F0BE
:10C7700069DB17E01023009323684FF480271433FC
:10C78000019308462022314604F10803029750F035
:10C7900049DE48B92168686814313A46D5F88C30CA
:10C7A000FDF7E2FE012000E0002004B0BDE8F081CA
:10C7B00073B5002304460B99006801931646089D43
:10C7C00041F01CDB079B032B04D901A80699042226
:10C7D000F6F334F50C3E032E1CD8DFE806F00A0F02
:10C7E0000204A36A08E0019B5A1E272A15D8A362F7
:10C7F0000EE0E36AC3F340032B6009E00198E36AAB
:10C8000018B923F00203E36209E043F00203E36294
:10C81000002004E06FF0160001E06FF001007CBD25
:10C82000F8B5876805464FF4E0700E46FBF3A6F5B1
:10C830000446002878D000214FF4E072F6F382F528
:10C84000266065600023F451686AA4F8AC300121C9
:10C8500000222023F1F324F3C4F8BC00002866D0A2
:10C86000686A012100222023F1F31AF3C4F8B8000A
:10C8700000285CD0686A012100222023F1F310F324
:10C88000C4F8CC00002852D0686A0121002220237D
:10C89000F1F306F3C4F8D000002848D0686A0121FB
:10C8A00000222023F1F3FCF2C4F8C00000283ED09F
:10C8B0002869F5F379F3C4F8D400002837D0286943
:10C8C000F5F372F3C4F8D800002830D02869F5F3E6
:10C8D0006BF3C4F8DC0050B31323A4F866302B6864
:10C8E000174998683246002308F0DED82B68A06606
:10C8F000144998683246002308F0D6D82B68C4F84B
:10C90000B000114998683246002308F0CDD82B6852
:10C91000C4F8B4000D4998683246002308F0C4D822
:10C92000C4F8E000002408E06FF01A0401E04FF0C2
:10C93000FF34284631466DF0D5DC2046F8BD00BFF7
:10C9400085D1870079D187000DD187005DDF870011
:10C95000F8B547680646CD590C46DDB1436B0BB1BF
:10C96000FFF714FCD5F89C1049B13368986808F0BB
:10C9700017D83368D5F89C10986808F07DD8D4F89B
:10C98000243413B120464FF02FDA2846FBF302F58A
:10C990000023E351F8BD00002DE9F041D0F89830B4
:10C9A000D0F89010013344688B4225688EB002465F
:10C9B000C0F8983009D1D0F894307BB1D2F89C10EF
:10C9C0004FF47A72A8685A4304E007D2D2F89C1058
:10C9D000A868214A002307F0BDDF39E0D5F8D0066A
:10C9E000214675F037DF237A002B31D0D4F80801C7
:10C9F000F7F314F3074658BB227E04F1DC080EAEB1
:10CA000004F1190106A846F8242DF6F317F421467F
:10CA10004246284671F068D804F1E20301930223EC
:10CA200002460293214643462846CDF8008020F076
:10CA3000F5DC3946204639F0C9D92146284640F070
:10CA400059DF28461A21324624230097F6F76EFA5A
:10CA50000EB0BDE8F08100BF80EE36002DE9F04F4A
:10CA60000D68ADB004460121A86922AA2023D5F89B
:10CA700000B0F1F369F34FF0080AD4F8683194F884
:10CA80006C11E21804F1E40682F8E31006F18C025E
:10CA90000C210DF16809019206F190003246CDF8A3
:10CAA0000090F9F343F2D4F8701140480591F6F381
:10CAB000F5F422AA03464FF02008009206AF05992C
:10CAC0003A4A4846CDF804800297CDF80C80F9F335
:10CAD00007F201213A464346D4F88801F1F30EF7F4
:10CAE00058466EF017DAD4F88801A969F1F39CF280
:10CAF000002836DAD4F88431CDF808B000932C4BF6
:10CB0000D4F8881101932869D4F89021D4F88031A1
:10CB1000F5F3E8F228BB94F88C3113BB2869D4F8FC
:10CB20009011F5F3C7F4E0B1012384F88C31494644
:10CB3000D4F8702106F1B000F6F380F3D4F8900138
:10CB40002AA92BAAF5F3BCF22A992B9AD4F8D4007F
:10CB5000F5F350F3D4F8682128683146013A1BF008
:10CB600069D894F86C310133DBB284F86C31AA6A6D
:10CB7000934207D80AF1FF3A5FFA8AFABAF1000F36
:10CB80007FF47BAF0021502206A8F6F3DBF30021EF
:10CB900020221AA8F6F3D6F394F86C01AB6A9842F7
:10CBA00034BF002001202DB0BDE8F08F62E689007F
:10CBB00075EA87002DE9F04F4368CFB0CB580446A3
:10CBC00003F1080948468846F6F368F40746022050
:10CBD000F3F71CFE00234EA941F8043DBBB208F157
:10CBE000190207930692079A8346019298F8183023
:10CBF0002046069ACDF80090FFF753FA18B94D9BDE
:10CC0000002B40F00A81012100222023606AF1F309
:10CC100047F10121002220234290606AF1F340F1A4
:10CC20000121002220234390606AF1F339F10121B0
:10CC3000002220234490606AF1F332F101210022A6
:10CC400020234590606AF1F32BF10121002220237B
:10CC50004690606AF1F324F101210022E3694790D4
:10CC6000606AF1F31DF10521024649902069F5F350
:10CC700085F3E36901210022606AF1F311F10421D7
:10CC8000024648902069F5F379F32069F5F38CF1B9
:10CC90004A902069F5F388F14B902069F5F384F10F
:10CCA00008AD002180224C902846F6F34BF33A461B
:10CCB00028464946F6F3C2F2012100223023606A79
:10CCC000F1F3EEF00121002230234090606AF1F38D
:10CCD000E7F0002633460DF1E00A419098F818205D
:10CCE0000195022028AD069902970096CDF80CA078
:10CCF000CDF810B0F3F7B0FE302231462846F6F3F7
:10CD000021F34748F6F3CAF3454B302700930190CF
:10CD1000514602205A46334602950397F3F7BCFE6C
:10CD200001213B462A464098F1F3E8F54098A26974
:10CD30000146F1F76BFB429B48990093439B499A4C
:10CD400001934098A369F1F779FF4299439A4B9870
:10CD5000F5F350F231463A462846F6F3F3F23148FD
:10CD6000F6F39CF32F4B0190009351465A463346FD
:10CD7000022002950397F3F78FFE3B4601212A46D6
:10CD80004198F1F3BBF54198A2690146F1F73EFBEA
:10CD9000449B48990093459B499A01934198A36904
:10CDA000F1F74CFF4499459A4C98F5F323F24C99CE
:10CDB0004A9A4B98F5F3A2F0079A98F81830019226
:10CDC0004A99069A2046CDF80090FFF7EEF946A959
:10CDD00047AA4A98F5F374F142A8F1F39FF143A8EA
:10CDE000F1F39CF144A8F1F399F145A8F1F396F120
:10CDF00048A8F1F393F149A8F1F390F140A8F1F3B9
:10CE00008DF141A8F1F38AF14BA8F5F33BF14CA861
:10CE1000F5F338F14AA8F5F335F14FB0BDE8F08FDE
:10CE2000B85B0100D25B0100C06A00F001007047EE
:10CE300021B18368CB5893F8BC017047084670470E
:10CE40002DE9FF41476804460023D0F800803846AA
:10CE50000E46A2F168050393FFF7E6FF90B138464E
:10CE60004146FFF7E5FF68B103AB009321462B462F
:10CE7000386806F16002FFF747FA039D014610B9D2
:10CE80009DB100E03146A5F12003202B0DD8B4F868
:10CE9000AC309D4209D104F16C002A46F6F3BAF198
:10CEA000002814BF0520002000E0052004B0BDE8E4
:10CEB000F08100002DE9F0419846B8B00023359389
:10CEC00036937F4B07460C4630AE03F1100E1868C0
:10CED0005968354603C5083373452E46F7D13D687A
:10CEE0000121202302F10806686A0022F0F3D8F736
:10CEF00035902869F5F358F0B8F1680F369015D9D8
:10CF00007B689B79002B00F0B9802846FFF78CFFE7
:10CF100020B128462168FFF78BFF48B9A8F16808BF
:10CF20001FFA88F8A4F8AC80464401E040F0A880DD
:10CF3000D4F8BC00012132462023F1F3DFF4D4F809
:10CF4000BC00F1F3F9F2002840F09C80D4F8BC005A
:10CF50006969F1F369F0002880F29480012106F1FB
:10CF600020022023D4F8CC00F1F3C8F40121D4F836
:10CF7000D00006F140022023F1F3C0F4D4F8BC0045
:10CF8000D4F8B810F1F350F070B9D4F8CC00D4F85C
:10CF9000C410F1F349F038B9D4F8D000D4F8C8106F
:10CFA000F1F342F000286FD0D4F8D800D4F8CC10B8
:10CFB000D4F8D020F5F31EF1002867D0D4F8BC10C7
:10CFC000D4F8D400369AF5F393F13698D4F8D81003
:10CFD0000246F4F393F73698D4F8C010024620AE18
:10CFE000F5F386F1369834A90022F5F369F032465C
:10CFF000202301213498F1F3A7F00021202228A852
:10D00000F6F3A0F1202137AB324618AF019328A8E0
:10D010000B460097F8F38AF7D4F8B810D4F8BC2080
:10D020006B693598F1F77DF9202332460121359857
:10D03000F1F38AF03146102204F10800F6F3FEF015
:10D0400030A8F6F32BF220254022034600960392E7
:10D0500004AE294630AA384601950296F8F340F707
:10D0600004F1180031462A46F6F3E8F004F13800DE
:10D070000CA92A46F6F3E2F0002408E0FF2406E0BB
:10D08000042404E0032402E0012400E0022435A883
:10D09000F1F344F036A8F4F3F5F70021202218A8A4
:10D0A000F6F350F10021502204A8F6F34BF120A82A
:10D0B00000212022F6F346F1204638B0BDE8F08189
:10D0C000FEE589002DE9F04F1D46836889B0EF58D1
:10D0D00043688046CB580E4607931846914639461A
:10D0E000129A139BFFF7E6FE0328044601D1009035
:10D0F00005E0022801D0042816D103230093012360
:10D1000001930293002303930493D6F80831304629
:10D11000B3F8623005F11401C3F3401305934A4696
:10D120002B46F7F70BFB65E0012862D0002861D1A0
:10D13000B7F8623040460133A7F86230FFF774FE5B
:10D1400040B140462946FFF773FE002814BF7E20F9
:10D15000002000E0204601234FF0000A4FF0030BAF
:10D160000193D6F80831CDF800B00290CDF80CA0AC
:10D17000CDF810A0B3F8623005F1140CC3F34013DE
:10D18000614605934A462B463046CDF818C0F7F75E
:10D19000D5FACDF800B0D6F808314FF0020BCDF833
:10D1A00004B0CDF808A0CDF80CA0CDF810A0B3F8CD
:10D1B0006230DDF818C0C3F34013614605934A4658
:10D1C0002B463046F7F7BAFAD9F80030B96EC7F8EF
:10D1D0005930B9F80430A7F85D30D8F800309868B5
:10D1E000079BD3F88820534607F0B4DB87F858B084
:10D1F00000E0FF24204609B0BDE8F08F2DE9F04F94
:10D20000D0F804A087B09AF8063005460C4693463D
:10D210000768D1F8009043B390F8A93013B1013BEF
:10D2200080F8A930D4F8B43138460093D4F8B83136
:10D23000514601935A464B46FFF744FF0646D4F841
:10D24000B40168B10021D4F8B821F6F37BF0D4F82A
:10D25000B401FBF39FF00023C4F8B431C4F8B83133
:10D26000002E14BF022000202DE03846FFF7DCFD21
:10D2700038B138464946FFF7DBFD002814BF7E2051
:10D28000002003234FF001088DE8080100260290DA
:10D2900003960496DAF8083109F11401B3F8623004
:10D2A0005A46C3F34013059350464B46F7F746FAE8
:10D2B0003B68A16E9868D5F88820334607F04ADBB2
:10D2C00084F85880304607B0BDE8F08F052B10B5C4
:10D2D00003D1BDE81040FFF791BF43689B792BB1A4
:10D2E00090F8A93013B1013B80F8A930022010BD9D
:10D2F0002DE9F0419846436805469B790C46164651
:10D30000069F8BB190F8A930013380F8A9303846D8
:10D31000FBF334F0C4F8B401002834D041463A4657
:10D32000F5F38CF7C4F8B8710023A4F86030A4F8C2
:10D330006230A4F864303368C4F85930B388A4F874
:10D340005D302868FFF770FD90B128682168FFF70D
:10D350006FFD68B121462846FEF7EBFF2046FFF738
:10D3600090F8284621463246BDE8F041FFF746BF17
:10D37000204629466CF04EDD20B9042384F858304D
:10D38000BDE8F0810220BDE8F0812DE9F04387B0CF
:10D3900015460F9A0646012A0C461F46DDF83880CE
:10D3A000D0F804C0D1F8009059D19B88072D8CBFCC
:10D3B000FA88FF220BB17E2B59D100217E2B84F8F5
:10D3C000BC1103D1012384F8BC3104E01BB96368AC
:10D3D000DB6A98074BD5132A16D0032101224D236F
:10D3E0008DE80E00002303930493DCF808316046B7
:10D3F000B3F8623009F11401C3F3401305934246B8
:10D400004B46F7F79BF932E096F8A80007F10801C0
:10D4100096F8A99040B9012386F8A830B9F1000F19
:10D4200028D1682D0AD904E0B9F1000F12D1682D76
:10D430000AD920462A466DF00FDAD8B90E95304643
:10D44000214642463B460DE0304621466DF042D82B
:10D4500048460FE0304621466DF03CD809E042B91D
:10D460000E95424607B0BDE8F043FFF741BF0220EA
:10D4700000E0002007B0BDE8F0832DE9FF4105681A
:10D480000C46A3F10807D1F80080A4F8AC70002185
:10D490002846039102F10806FFF7C6FCA0B1284612
:10D4A0004146FFF7C5FC78B103AB009332463B46DB
:10D4B00028682146FEF728FFBDF80C300646A4F880
:10D4C000AC3018B913B90FE0A4F8AC70B4F8AC20C4
:10D4D000A2F120039BB2202B06D804F16C00314648
:10D4E000F5F3ACF6002001E04FF0FF3004B0BDE8EA
:10D4F000F0812DE9F04F90E8C00089B00792139AAF
:10D500008046012A0C469A46DDF848B00D6840F086
:10D51000AC803368896E986807F042DA04F16C03D6
:10D520000021402218460693F5F30CF70021A4F8D9
:10D53000AC100799BAF8042007298CBFBAF8061076
:10D54000FF214C2A069B3CD14FF000091846494662
:10D550004022A4F86090F5F3F5F6A4F8AC904046AC
:10D5600021465246079BFFF788FF3046FFF75CFCD9
:10D5700078B130462946FFF75BFC50B10322012306
:10D580004FF07E0C8DE80C10CDF80C90CDF810907B
:10D5900008E003234FF0010E8DE8084000230293BA
:10D5A00003930493D7F808313846B3F8623005F195
:10D5B0001401C3F3401305935A462B46F7F7BEF800
:10D5C00049E04D2A04D1B4F866308B4218D042E0CD
:10D5D0000AB17E2A3FD113290ED1079A3046019213
:10D5E00039465A462B46CDF800A06CF0D5DF00280E
:10D5F00014BF0220002076E0B4F86030052B01D97A
:10D6000000233BE0032201234FF04D098DE80C027B
:10D610004FF00009CDF80C90CDF81090D7F80831F4
:10D6200005F11401B3F862305A46C3F34013059371
:10D6300038462B46F7F782F8B4F86030A16E013314
:10D64000A4F860303368D8F8882098684B4607F013
:10D6500081D9484647E03368A16E9868D8F8882099
:10D66000002307F077D900203DE0931E012B4FF0F7
:10D67000000337D8B1F86010052903D984F8583071
:10D68000022030E0032A09D132680131A4F8601089
:10D690009068A16ED8F8882007F05CD93046FFF773
:10D6A000C3FB38B130462946FFF7C2FB002814BF40
:10D6B0007E200020032301248DE81800002402901E
:10D6C00003940494D7F808313846B3F8623005F172
:10D6D0001401C3F3401305935A462B46F7F72EF86F
:10D6E000204600E0184609B0BDE8F08F2DE9F34769
:10D6F0000B6882685B680646D3F808A0D3F80490EC
:10D70000B3F810801B680D46032B5AF80240DAF874
:10D7100010701DD1FFF788FBD0B130465146FFF79E
:10D7200087FBA8B1B4F8AC3093B1B9F1010F0FD1B8
:10D73000B8F14C0F01D0BA7952B9AA69FF20009212
:10D740005D2104F16C02DBB2F1F70EFD002001E077
:10D750006FF01600BDE8FC872DE9F8430B6882687E
:10D760005B680446D3F808905F681E8A1B6859F806
:10D770000280032BD9F8105013D1FFF755FBA0B14D
:10D7800020464946FFF754FB78B1B8F8AC0060B1C9
:10D79000012F06D14C2E01D0AB792BB90330BDE857
:10D7A000F8830020BDE8F8830020BDE8F8832DE968
:10D7B000F04F0B6882685B68B9B0D3F808805E6888
:10D7C0001F8A1B688146032B58F80240D8F810A026
:10D7D0008D69D1F81CB040F09F80012E48D137B13F
:10D7E000A7F14C039BB2012B01D97E2F0FD1B4F8C6
:10D7F000663038A9284621F8043D0222F5F31EF5CB
:10D8000002350FB17E2F02D19AF806300BB14C2FA2
:10D8100013D14846FFF708FB20B148464146FFF7C1
:10D8200007FB50B9B4F8AC203AB1284604F16C01BA
:10D83000F5F304F5B4F8AC30ED180FB17E2F6ED1CE
:10D8400001212A462023D4F8B800F0F37DF4012109
:10D8500005F120022023D4F8C400F0F375F4D4F8C5
:10D86000C800012105F140022023F0F36DF456E0D9
:10D87000022E54D1B4F8623038A921F8023D28466E
:10D880003246F5F3DBF4BDF8DE3038AF27F8C83D9B
:10D8900001210DF11A022023D4F8B800F0F354F45A
:10D8A00001210DF13A022023D4F8C400F0F34CF426
:10D8B00001210DF15A022023D4F8C800F0F344F4FA
:10D8C00001210DF17A022023D4F8BC00F0F33CF4DE
:10D8D00001210DF19A022023D4F8CC00F0F334F4A6
:10D8E00001210DF1BA022023D4F8D000F0F32CF47A
:10D8F0004FF00008C22302930235304604F11801AC
:10D9000020224346CDF8008001970395CDF810B052
:10D91000F3F7A2F8404603E06FF0160000E00020A5
:10D9200039B0BDE8F08FF8B50B6804465A688368D3
:10D9300096685168F558138A12683769032A2DD101
:10D94000012926D10BB17E2B12D1BB796BB92046B0
:10D95000FFF76AFA20B120463146FFF769FA20B98D
:10D96000B5F8AC0008B1023000E002206030F8BD2C
:10D970004D2B15D04C2B11D1FFF756FA20B1204674
:10D980003146FFF755FA58B9B5F8AC0050B102303E
:10D99000F8BD02290CBF22200020F8BD0020F8BDF0
:10D9A0000220F8BD0220F8BD19B18368CB5883F876
:10D9B000BC21704770B50C680D460646102208461B
:10D9C0000021F5F3BFF42C6020460021F268F5F346
:10D9D000B9F404F52473C4F8EC3004F52C73256015
:10D9E000C4F8243170BD2DE9F0470D4698462B68E8
:10D9F000BDF82060099C0768896B95F82CC073B14D
:10DA000093F8009093F801A049EA0A29A5F81C9020
:10DA100093F81690DB7D49EA0323A5F87E303B6836
:10DA2000B5F81C9093F8D130002B5AD197F92735CF
:10DA3000B3F1FF3F03D190F8A43313B151E0012BB0
:10DA40004FD0C9F38027B5F87E9019F00F0901D1A6
:10DA500027B987E027B94FF0010904E0012702E068
:10DA60004FF000094F460123002204F5227004F50F
:10DA7000237176F017DAD4F88832984505D1D4F8B6
:10DA80008C32F31A18BF012300E001233FB933B1F0
:10DA9000C4F88872C4F88C72A4F886725CE0B9F19C
:10DAA000000F08D00020C4F88802C4F88C02A4F843
:10DAB0008602BDE8F087B5F87E50C4F88882C4F8C5
:10DAC0008C62A4F886524846BDE8F08706D18F885C
:10DAD000B74294BF0027012700E00127F8B2BDE854
:10DAE000F087BCF1000F13D04B6B03EBC20153F86E
:10DAF0003230984506D307D18888B04294BF0026BB
:10DB0000012602E0012600E00026F0B2BDE8F08721
:10DB1000D1F8E03052019A18136998451CD302D10C
:10DB2000938AB3421BD89369984506D307D1908B4B
:10DB3000B04234BF0020012002E0012000E00020BC
:10DB400070B106F07F06F308D05C06F0070630419E
:10DB500000F00100BDE8F0870120BDE8F08701205A
:10DB6000BDE8F0874B6B03EBC20153F832309845A8
:10DB7000ACD2B2E72DE9F04F1C4693F860B05F6875
:10DB8000D368ADF5117D064605919146156933B10F
:10DB90001B7A0B2B03D13B7803F0010301E0FB78E8
:10DBA0009B09E36394F82C304946009330462A469B
:10DBB000E36B4FF023DB0146A06320B12A6D40F2F6
:10DBC000371313402BB9304621464A4671F002DA2A
:10DBD000E2E090F90E2090F90F30D318A2689A4233
:10DBE000C0F0DA80A269138A13F0080F0DD0007A12
:10DBF0000B280AD196F8DC0538B18879032804D8B7
:10DC000023F008031B041B0C13820B7A042B59D03E
:10DC10000B2B00F0AE80022B40F0C080BB7897F851
:10DC200000A097F8068043EA0A2A7B794FEA084861
:10DC300048EA03283B7948EA0308FB79A76E48EADB
:10DC4000036817F0010740F0AC80284621465A4689
:10DC50004346CDF800A0CDF80490FFF7C4FE00289D
:10DC600000F09F80AB79002B40F067823368D3F8D7
:10DC70008830D3F8DC210132C3F8DC2194F82C2061
:10DC800022B1D3F8B4220132C3F8B422D3F8E82188
:10DC90000132C3F8E821D5F8183193F834301BB1BC
:10DCA0002846002165F0E0DB94F82C70002F00F08E
:10DCB00044823368D3F88830D3F8C0220132C3F8E5
:10DCC000C02269E03B7897F801A097F8068043EA04
:10DCD0000A2AFB794FEA084848EA03683B7948EA90
:10DCE00003087B7948EA03282B7C13B9EB6DDB072B
:10DCF00057D4A76E17F0010753D1284621465A463C
:10DD00004346CDF800A0CDF80490FFF76CFE002844
:10DD100047D0AB79002B40F010823368D3F88830BD
:10DD2000D3F8DC210132C3F8DC2194F82C2022B195
:10DD3000D3F8B4220132C3F8B422D3F8F02101326F
:10DD4000C3F8F021D5F8183193F834301BB12846C8
:10DD5000002165F089DB94F82C70002F00F0ED8134
:10DD60003368D3F88830D3F8C8220132C3F8C82208
:10DD700012E00237C83110223846F5F383F5002847
:10DD80000CDA8D4839461022F5F3ECF6A16B8B487E
:10DD9000C8311022F5F3E6F60027CEE14FF0000877
:10DDA000C24696F8B03293B92B6D1F070FD4A06B03
:10DDB000037A022B02D1F6F331F140B963699B6912
:10DDC000980004D4A3691B8A190700F1FB806369DA
:10DDD0009B695A06E0D4A3691A8A42F008021A82A3
:10DDE000A16B0B7A013B0A2B00F2CE80DFE813F027
:10DDF00035000B0035006C00CC00CC00CC00CC0012
:10DE0000CC00CC00AE000846F6F308F108B12B7C3C
:10DE10004BB1A36BD3F88820904504D80FD093F86A
:10DE20008C205A450BD0A16B226804F1400738467C
:10DE300014310A32434601F0C3D9E76501E0643387
:10DE4000E365A16B04F14A0738461431E26D53468D
:10DE500001F080DA3846102110E06168032284A8BE
:10DE6000F5F3ECF1A36B84A803F114011A690330F4
:10DE7000F5F3E4F1A36B84A81969033107AAFBF356
:10DE80008DF1A36B606893F90E30A168C018C91AB0
:10DE900007AAFBF3A5F1A36B606893F90E30A168A4
:10DEA000C018C91A4FF0FF32F6F3F4F0444BA269E0
:10DEB0009842138A04D123F010031B041B0C01E0C9
:10DEC00043F0100313827DE06368DF7817F02007CA
:10DED0001FD00A6948A81431D200FBF303F60023CF
:10DEE00021686269484670F0A5DC0027A36B0190A9
:10DEF0000097196948A82368E268EEF3C7F3831C0A
:10DF000005D1A3691A8A42F010021A825AE0013040
:10DF100058D13368D3F88830D3F8DC210132C3F804
:10DF2000DC21D3F8F4210132C3F8F42194F82C2039
:10DF3000002A00F0FF80D3F8B4220132C3F8B422E3
:10DF4000D3F8CC220132C3F8CC22F6E001F1140060
:10DF5000E2682431236800F0F9DF00287FF41CAF69
:10DF6000A26BD2F8D8300133C2F8D83033F07C43FA
:10DF700028D1F2220192D6F89401294609F114021F
:10DF8000009376F05DDE1DE0AF79002F7FF404AFE3
:10DF90003368D3F88830D3F8DC210132C3F8DC21B0
:10DFA00094F82C20002A00F0C580D3F8B422013266
:10DFB000C3F8B422C1E000BFA2ED8900A8ED89003A
:10DFC000E320BBDEA36B616893F90E208A186260C0
:10DFD00093F90E1093F90F208A18A1688A1AA2608B
:10DFE00093F90E1093F90F208A1821698A1A226179
:10DFF000A269128A02F01802182A64D1AB79002BA8
:10E000007FF4CAAE95F94420009301930293304601
:10E010003123D5F8081170F0A7DA3368D3F88830C7
:10E02000D3F8DC210132C3F8DC21D3F8EC21013232
:10E03000C3F8EC21D3F8F4210132C3F8F42194F8A9
:10E040002C2072B1D3F8B4220132C3F8B422D3F831
:10E05000C4220132C3F8C422D3F8CC220132C3F85F
:10E06000CC22A26B127A022A05D0032A12D0012AEE
:10E070007FF492AE0EE0D3F808220132C3F80822F2
:10E0800094F82C70002F58D0D3F8E0220132C3F856
:10E09000E02281E6D3F800220132C3F80022D3F84F
:10E0A000FC210132C3F8FC2194F82C70002F44D0DD
:10E0B000D3F8D8220132C3F8D822D3F8D4220132BF
:10E0C000C3F8D42268E661698A89E26094F82D2059
:10E0D0009AB993F90F20059892B2FAF329F163697E
:10E0E000DA89900402D5B3F850308BB9A36BE2689B
:10E0F00093F90F30D31AE3600AE00598F6F3F4F0D1
:10E10000A36B014693F90F20059892B2FAF310F130
:10E11000A36BC4F86480A4F862A01B7A042B01D01E
:10E12000022B09D1A36ED90706D43046214670F0E0
:10E130009DDF01E0174600E0012738460DF5117D0F
:10E14000BDE8F08F2DE9F341099F00230D990446A6
:10E150009046089E0A9D009301933FF04FDE032FE7
:10E160000BD9042268463146F5F368F0072F04D92D
:10E1700001A8311D0422F5F361F0A8F14C08B8F1B3
:10E18000050F2AD8DFE808F00A03160F231BD4F87E
:10E190008434BDF80020A3F8922016E0D4F884342B
:10E1A000B3F8923017E0D4F88434BDF80020A3F817
:10E1B00096200AE0D4F88434B3F896300BE0D4F813
:10E1C0008434BDF80020A3F89E20002007E0D4F896
:10E1D0008434B3F89E302B60F7E76FF01600BDE88B
:10E1E000FC81D0F884242DE9F843B2F892800446EB
:10E1F0004145D4BF00200120B2F84A50B2F89690B1
:10E20000B2F89460B2F898C010B1C8EB010701E011
:10E21000C1EB0807B2F89030BFB2002B75D0BCF14B
:10E22000010FADB2334607D1002851D02BB203FB0A
:10E2300008F393FBF1F346E0BCF1020F2BD131B2AE
:10E24000B8B10FFA89F3994203D10423A2F89830A8
:10E2500062E0132F02D9A6F1140339E0092F02D985
:10E26000A6F10A0334E0042F01D9731F30E0B31E76
:10E270002EE00FFA85F841451DD0132F02D906F183
:10E28000140325E0092F02D906F10A0320E0052F27
:10E290001CD9731D1CE0BCF1040F39D133B238B165
:10E2A0000FFA89F18B4237D0052F38D9731F0AE056
:10E2B00029B28B4204D10123A2F89830BDE8F8833B
:10E2C000052F2DD9731D4FF0020C01E04FF0040C07
:10E2D0001BB229B28B4204DC0FFA89F5AB42A8BF0E
:10E2E0001D462368A2F89450A2F898C02DB2294682
:10E2F000012220461B7E72F0B1DC236820462946AD
:10E3000000221B7E72F0AADC06E01846BDE8F88306
:10E310004FF0FF30BDE8F8830020BDE8F88300200F
:10E32000BDE8F883D0F8843413B5B3F890200446E0
:10E330006AB1036A0DF1060118695BF0BFD980B1BB
:10E340002046BDF906100122FFF74BFF09E06421CA
:10E35000012372F083DC012220466421134672F00F
:10E360007DDC1CBD08B5036AD3F8D80079B14378C9
:10E370004A789A4208D102300231F4F34BF7D0F1D7
:10E38000010038BF002000E00020C0B208BD0846F0
:10E3900008BD2DE9FF4799464369D0F820808246A1
:10E3A0001B680446174602695AF8180B0E46414688
:10E3B000D55801F055FA2169206852466FF096DC75
:10E3C0000123C8F800302B680146023B012B03D81B
:10E3D0002369DB6DC8F8D0300C9B2068029342465D
:10E3E00033468DE8800201F058FA48B12B68022BC1
:10E3F00005D1636AD888003018BF012000E00120F1
:10E4000004B0BDE8F0872DE9F04FC368044600F181
:10E41000180799B01646056A8A46006821693A4687
:10E4200003936FF063DC013E0290062E00F2388108
:10E43000DFE816F007003601BC003601DB003601CC
:10E44000FF00EE68002E00F02C81D5F8D03013F4D8
:10E45000804B0CD023682169D3F8D4060368CB58CD
:10E460001B781BB14AF04ADB834600E09B46636899
:10E4700093F86231A3B1D5F8D000F0F78BFE88B1E4
:10E480002368D3F86008FEF7CFFC58B123680299DF
:10E49000D3F86008FEF7CCFC20B1B5F8DC8002E0D0
:10E4A000984600E08046B5F806C02068DC44C444C5
:10E4B0001FFA8CFC0CF1710321693A469BB2CDF82E
:10E4C00004C077F07BD9DDF804C00646002800F0D0
:10E4D000E8800CF15F0CD0F808901FFA8CFC4FEA32
:10E4E0001C2343EA0C2C09F11207A9F810C00021E3
:10E4F0005F223846F4F326F74AF484731A0A89F83F
:10E50000132089F814302B8B05F13C011A0A89F885
:10E51000152089F81630202209F11F00F4F38EF639
:10E52000EA8809F171009344D8441FFA88F84FEA49
:10E53000182343EA0828A9F86F80E968F4F37EF607
:10E54000636893F86231F3B1D5F8D000F0F722FE9A
:10E55000C8B12368D3F86008FEF766FC98B1236859
:10E560000299D3F86008FEF763FC60B1EB68002BFA
:10E5700000F09B80E888D5F8E01038185F30B5F8D7
:10E58000DC20F4F35BF6D5F8D030580440F18D80F0
:10E5900023682169D3F8D4060368CB581B78002B75
:10E5A00000F083803A464AF0FFD97EE02068216976
:10E5B0003A46712377F002D90646002871D0D0F888
:10E5C00008905F22002109F1120789F8112089F8CB
:10E5D00010103846F4F3B6F64AF480731A0A89F834
:10E5E000132089F814302B8B1DE0206821693A46EE
:10E5F000712377F0E3D80646002852D0D0F808906F
:10E600005F22002109F1120789F8112089F8101002
:10E610003846F4F397F64AF440731A0A89F813203F
:10E6200089F81430EB8A1A0A89F8152089F816300F
:10E630003BE0206821693A46712377F0BFD806464F
:10E6400078B3D0F8089000215F2209F1120789F809
:10E65000101089F811203846F4F374F64FEA1A23A3
:10E6600089F8133089F814A01FE0D5F8D000F7F32B
:10E670007DF10146484605F18C0204ABF7F386F1C3
:10E68000044630B9314603982246F9F3A7F62646E8
:10E6900007E007F14D0004A91022F4F3CFF500E0E4
:10E6A0000026304619B0BDE8F08F032389F80F30FB
:10E6B000D5F8D000F6F354F505F15C0400280CBF42
:10E6C000FE2302233846082200F8053B2146F4F3D6
:10E6D000B5F508212046F7F34FF11AF00301C9D12F
:10E6E000C3E72DE9F04F91F813800B7D8BB043EA1F
:10E6F000082818F0030904460E4606924769056A81
:10E70000CDF8208005D1D5F8D000F7F32FF184465D
:10E7100000E0CC4605F15C0A06F1170B0120082346
:10E7200059465246CDF810C0F6F302F68245DDF8A0
:10E7300010C000F0F78318F48071079110D0338A6D
:10E740001A0A42EA03239BB25C2B40F2EB83304669
:10E75000614605F18C02F6F3E5F7002800F0E2834C
:10E76000338A1A0A42EA03239BB25E2B40F2DA8311
:10E7700096F86F1096F8702042EA01225F329342B9
:10E78000C0F0D08306F11202099259460822504681
:10E79000F4F354F505F1640059460822F4F34EF5FC
:10E7A000D5F8D000F6F3DCF4002868D018F4805FC8
:10E7B00065D096F86F2096F8703043EA0223B3F5DF
:10E7C000807F0BDD38462169012274F065DC206909
:10E7D00004F11801012277F089D9E7E24FF4807043
:10E7E000F9F3C6F5824630B938462169012274F042
:10E7F00053DCD14698E32020F9F3BAF5834630B9CB
:10E800005046F9F3C7F538462169012208E34FF471
:10E810008170F9F3ADF5059068B95046F9F3BAF592
:10E820005846F9F3B7F538462169012274F034DC13
:10E83000DDF8149078E3B9F1000F04D1D5F8D000D9
:10E84000F7F394F08146059B494605F19C0202933B
:10E85000099800238DE8000CF6F394F781465046A2
:10E86000F9F398F55846F9F395F50598F9F392F50B
:10E87000B9F1000F03D138462169012220E396F84F
:10E8800015A0B37DD5F8D00043EA0A2AF6F38AF43E
:10E8900010B918F0080326D0BAF10D0F0BD003D829
:10E8A000BAF1050F15D10DE0BAF1100F17D0BAF17A
:10E8B000200F0ED111E018F0080F13D0384621694F
:10E8C000022271E218F0080F0FD0384621690322A6
:10E8D0006AE238462169042266E2022106E0042247
:10E8E000059204E00323059301E00121059118F04E
:10E8F000080900F026822B8A059A934203D03846F5
:10E900002169052250E2079B002B40F0C7800323BA
:10E910002B60D5F8D0305A0606D4626892F862218E
:10E92000002A37D0580335D513F4804932D196F8F0
:10E930006F1096F87030042206F1710043EA01214D
:10E94000F6F3F8F70246002833D04378132B03D8A8
:10E95000384621690422B3E2636A2169483300938F
:10E960004FF020092046063201F1DC03CDF8049077
:10E9700073F054D88246E0B9636AA3F8069094F81D
:10E980000834B3B1A068D4F8041406F009D884F8A8
:10E9900008A40EE019060CD5616AB1F8E42042B172
:10E9A00001F14800C431F4F349F4636AB3F8E410A8
:10E9B000D980636ADB882BB920463146069A72F00B
:10E9C000DFDFAFE205F11C0906F11F0120224846F6
:10E9D00005F13C06F4F332F420222068314619F0A8
:10E9E00029D9D5F8D0305A040AD522682169D2F83D
:10E9F000D40602688A58127812B149F0FFDF3BE072
:10EA000021690A6D100508D413F4922F05D1D1F8AD
:10EA1000083193F883309A0612D5636A04F118001E
:10EA200003F148020092DB88E231019305F18C0387
:10EA30000293AB8A4A4603933346F6F30DF41BE088
:10EA400004F1180A5046E2310622F4F3E3F30028F9
:10EA500000F06882636A216903F148020092DB8852
:10EA60005046019305F18C030293AB8AE231039384
:10EA70004A463346F6F3F0F540F63B6238462169E4
:10EA800008EA0202012374F04BDB08B1042356E1CB
:10EA9000384621690D2274F0FFDA43E2069A4AB93A
:10EAA00097F81690B9F1000F0CBF4FF400794FF0B2
:10EAB000000901E04FF00009D5F8D000F6F350F35B
:10EAC00041F2C833002808BF4FF4E47303EA080298
:10EAD00018BF4FF000099A4240F0248219EA080F4B
:10EAE00040F020822B68033B042B00F21B82294656
:10EAF000052341F81C3B06F11F002022F4F38AF3A2
:10EB0000002840F00F8296F86FA096F87030D5F884
:10EB1000D00043EA0A2AF6F323F300283FD006F197
:10EB2000710B584651463022F5F306F08146C8B1C4
:10EB3000D5F8D03042785B0440F1FA81236821692E
:10EB4000D3F8D4361B68CB581B78002B00F0F0812B
:10EB5000123A92B2ECE1A86809F102010230F4F332
:10EB600059F318B138462169072215E00AEB0B0169
:10EB700099F80120C9EB010189B2901C81421CDD8A
:10EB80006FF001039B1A4844C9183022F4F3D4F7FC
:10EB900098B121693846062274F07EDA09E0AB8824
:10EBA000534506D1A86806F171015246F4F332F3D9
:10EBB00018B1206904F1180142E0D5F8D000F6F34D
:10EBC000CFF278B106F171005146F6F3A7F648B9D5
:10EBD00038462169092274F05FDA206904F11801CE
:10EBE00001222EE02068036893F8623163B304F1D8
:10EBF000180921694A466FF079D88346D5F8D000C4
:10EC0000F0F7C8FA00B32368D3F86008FEF70CF9F0
:10EC1000D0B1BBF1000F17D023685946D3F8600874
:10EC2000FEF706F980B1514606F17100F422F4F3C3
:10EC300083F701462046FFF795FB28B9206949462E
:10EC4000112276F053DF6DE140F20B223846216944
:10EC500008EA0202032374F063DA814628B106232E
:10EC600018F040092B6004D116E0384621690D22C6
:10EC700026E12A8A04F1180B2B8B20688DE8040802
:10EC8000216905F1AC0276F0D1DED5F8D000F6F3BB
:10EC900067F2002834D003E03846216908220FE1EA
:10ECA000514606F17100F6F339F642788046063A8D
:10ECB00092B2EA82837905F16C0903F0030385F8C7
:10ECC000CC3008F108014846F4F3B8F295F8CC20AE
:10ECD0000599EB8A009206F14F020191029298F891
:10ECE0000620216902F00402039220684A4676F069
:10ECF00021DE23682169D3F87C06324654F0ECDE2D
:10ED0000D5F8D000F6F32CF2C0B108232B603846BA
:10ED10002169002274F0C0D923695A46DB68206853
:10ED2000009379210623F4F701F923682269D3F8C7
:10ED3000D4361B68D35800221A70F3E006232B60E8
:10ED4000F0E02B68052B40F2ED80236A05995A8A82
:10ED50008A4208D0D3F8D000F6F324F218B138462E
:10ED600021690A22ACE008F46073B3F5607F40F0DB
:10ED7000D98007232B60D5F8D000F6F3F1F1814656
:10ED8000002841D018F4805F0BD096F86F1096F8E9
:10ED9000703006F1710043EA0121F6F3BFF58146B8
:10EDA00038B9216938460B2274F076D94FF0000942
:10EDB000BAE0427805F16C0A063A92B2EA828379A7
:10EDC00009F1080103F0030385F8CC305046F4F351
:10EDD00035F295F8CC20EB8A00926A8A216901927B
:10EDE00006F14F02029299F80620206802F0040210
:10EDF0000392524676F09EDD23682169D3F87C06A3
:10EE0000324654F069DE70E0BAF1200F55D84FF465
:10EE10008070F9F3ADF2834630B9216938460C228F
:10EE200074F03AD9D9467FE02020F9F3A1F2069098
:10EE300050B95846F9F3AEF2384621690C2274F005
:10EE40002BD9DDF818906FE04FF48170F9F390F250
:10EE5000844680B95846CDF810C0F9F39BF2069865
:10EE6000F9F398F2384621690C2274F015D9DDF8CF
:10EE700010C0E14658E0069B05F16C02079241463E
:10EE800005F19C0201930290079B0998CDF810C0F0
:10EE9000CDF800B0F6F370F481465846F9F37AF2F3
:10EEA0000698F9F377F2DDF810C06046F9F372F2D4
:10EEB000A5F816A0B9F1000F05D1216938460C223A
:10EEC00074F0EAD830E0089A08F030031B11059975
:10EED000009302F0400301914F36039320682169AB
:10EEE000079A5346029676F025DD3846216908F0E8
:10EEF0000B02052374F014D928B108232B6038467F
:10EF00002169002202E0216938460D2274F0C4D83C
:10EF100023692068DB687921009304F11802062335
:10EF2000F4F704F84FF0010948460BB0BDE8F08F44
:10EF3000A988931C99427FF415AE0CE62DE9FF4792
:10EF400090E810028E7905460F46002E63D140F2FC
:10EF50001440F9F30DF2804600285FD03851314655
:10EF600040F21442F4F3EEF1AB8AD9F8D02608EB64
:10EF7000030448F803902B694FF0010AE360EB6843
:10EF80006261A360AB6827616360E420C8F8006039
:10EF900088F804A0C4F8FC63F9F3EAF120620028C1
:10EFA00041D03146E422F4F3CDF1E820F9F3E0F169
:10EFB0006062002837D03146E822F4F3C3F1D4F878
:10EFC0002480E868C8F8009019492246334605F0C5
:10EFD0006BDDC8F86800002825D0E868154922468E
:10EFE000334605F061DD6063E8B1E8681249224606
:10EFF000334605F059DDC4F80404A0B1236A286A39
:10F000000193636A6946009702938DF80CA0F3F3AD
:10F0100013F4304604E06FF0060001E04FF0FF30DB
:10F0200004B0BDE8F0872846394672F099DBF5E771
:10F03000E1578800E9588800C958880038B51D464E
:10F0400090B10368848ACB5873B11C19114604F13E
:10F0500030001022F4F3F2F004F14000294620229F
:10F06000BDE83840F4F3EAB038BDD0F88404F0B518
:10F0700003F15605A83300EB430300EB8505B3F914
:10F080000A60AF6890F8E940BE1B7618AE60264172
:10F090005E81B0F95E31D0F86811CB1A9B18C0F8C8
:10F0A00068312341A0F85E31F0BD10B50A7AD0F87E
:10F0B00084342AB390F82922D1F808012AB190F8B3
:10F0C0006000904228BF024601E090F86020D1F82D
:10F0D0001801047864B1007AD1F8081118B1C98D0B
:10F0E0004A43002101E0CA8D012183F8291105E07E
:10F0F000012283F82921D1F80821D28D0A3203E0B8
:10F1000083F829214FF49B72C3F8242110BD2DE907
:10F11000F04F8BB0D0F884449A469DF85C3090460E
:10F1200008939DF85420B4F8C63007920393189AB8
:10F1300094F8E9300F4609920593B4F8F020D4F81A
:10F14000D81094F81C3106469DF950B09DF85850DF
:10F1500004920691002B00F0AB81036893F86931AB
:10F1600023B13BF04DDA002800F0A281336893F818
:10F1700064312BB194F86D3113B1002384F86D31F3
:10F1800094F828313BB1B068D4F8301105F008DCB0
:10F19000002384F828318E2130693CF069DA43007D
:10F1A0004E334FF6FE71194030693CF061DA94F845
:10F1B00058318146FF2B08D094F8E830012212FA2A
:10F1C00003F300EA03091FFA89F994F8AF30AB4260
:10F1D00013D0002305F1320204EB8202E91A936096
:10F1E0004A4242EB0102323204EB820284F8AF5011
:10F1F000C4F8CC30C4F8C8309360BAF1000F00F006
:10F200005781079AC2B9022F40F35281C7EB0A0116
:10F21000B4F9F22009B204EB45039142A8BF0A46B3
:10F22000A3F8EA20D6F884345B79012B2AD9C8EBFD
:10F230000B03A4F8EE3025E0049F04EB45023BB23B
:10F24000B2F9EA70C7EB0A07FF1A022F03DD1C2F81
:10F25000A8BF1C2700E00327D6F884245279012A8E
:10F2600010D9B4F9EE80C8EB0B08C3EB0808B8F16D
:10F27000020F05DDB8F11C0FA8BF4FF01C0801E01C
:10F280004FF00308D6F868329B792BB9089A1AB167
:10F2900030460999FFF709FF05F1320204EB8202BB
:10F2A0009368304601339360C4F8CC30D4F83831D9
:10F2B00051460133C4F8383105F14E0304EB8303A2
:10F2C0005A6801325A605A462B46FFF7CEFED4F8F0
:10F2D000E030D4F8E420934203D9039B1BB204939B
:10F2E00007E0D4F8DC00013301210690C4F8E030D7
:10F2F00004910598012212FA00F3D4F8CC10994237
:10F300002DD3D5F1010B38BF4FF0000B0BF1A80C3A
:10F3100004EB4C0C04EB4500B0F85A01BCF80AC0F1
:10F32000C0EB0C0C0FFA8CFC94F86C018CEAEC7AB4
:10F33000AAEBEC7A8245ACBF002101218445039100
:10F340000EDB94F8E8000BFA00F1894509D005F1CD
:10F350003C0104EB810148688018486001E0039299
:10F36000002205F1540B05F12C0004EB800004EBA6
:10F370004B01B1F90AC0D0F808A0CCEB0A0C6744E5
:10F380008760059807414F81D4F8C000B4F9B610E2
:10F39000059F411A4144C4F8C0103941A4F8B61081
:10F3A00004EB8501D1F8D010B4F9C400994204EB04
:10F3B0004B01B1F90A1028BF84F8B150884244DBF0
:10F3C000D4F8CC00069FB8420CD9D5F1010194F8CD
:10F3D000E82038BF002111FA02F291452FD005F143
:10F3E0003C0225E0039F4FB394F844713DB1B4F95A
:10F3F000B2C07FB2C1EB0C0107EBC10106E0B4F96A
:10F40000B4C07FB2C1EB0C01C900C91B049FB1EBB2
:10F41000C70F13DB984211D3D5F1010194F8E8200E
:10F4200038BF002111FA02F2914508D005F13E02E1
:10F4300004EB820251680131516000E02AB10120E1
:10F44000002D14BF0321022106E0002D0CBF284629
:10F45000002014BF0221032194F8AF2084F8492131
:10F4600094F81D215AB1D6F8682292793AB938B188
:10F4700030690B46009201923DF0C6D804E018B9FD
:10F48000D4F8CC209A4213D294F81D3183B1D6F827
:10F4900068329B7963B9012284F82821B068D4F8D6
:10F4A0003011D4F824210BB0BDE8F04F05F0529A8A
:10F4B0000BB0BDE8F08F2DE9FF41D0F8845406462B
:10F4C00095F81C310C4695F8E970002B00F081800E
:10F4D000036993F80A31002B7BD0036893F86931F4
:10F4E00053B13BF08DD8034630B9B068D5F834112C
:10F4F000142205F02FDA6CE0336893F8643133B1ED
:10F5000095F86D311BB1002385F86D3161E0D6F8B7
:10F510003C33022B0AD0D5F8E020D5F8E4309A42EB
:10F5200094BF4FF000084FF0010801E04FF00008D1
:10F5300095F81D31002B4CD0D6F868329B79002B02
:10F5400047D1336A0DF10F0118695AF00BDD9DF8B0
:10F550000F3085F8AF30002B14BF03210221B8F122
:10F56000000F25D003F1020E05EB8E0E05EB4302D2
:10F57000DEF8B0C0B2F9B200C0EB0C00CEF8B000BB
:10F58000384103F12C0EA2F8B20003F1540205EB4E
:10F590008E0E05EB4202B2F9B200DEF8B0C0C0EB4D
:10F5A0000C00783850FA07F7CEF8B000A2F8B27025
:10F5B00085F84931002201238DE80C0030690B46A3
:10F5C0003DF022D89DF80F3054F82320013244F842
:10F5D0002320BDE8FF8110B5D0F8844494F81C3195
:10F5E00023B104F58671FFF766FF002384F8283104
:10F5F00010BD70B5D0F88444054694F81C3103B3AF
:10F60000D4F8CC20D4F8C8309A4203D104F58A71DA
:10F61000FFF751FFD4F8CC30C4F8C83094F81D314E
:10F620007BB1D5F868329B795BB994F8292142B156
:10F63000A868D4F834114FF4FA72BDE8704005F0B0
:10F64000899970BD38B5D0F884440546D4F8341192
:10F65000806805F0A5D9D4F8CC20D4F8C8309A42F7
:10F6600004D1284604F58A71FFF725FFD4F8CC3081
:10F67000C4F8C83038BDD0F8843400224FF6A271E7
:10F68000C3F8B820C3F8BC20C3F8C020A3F8B22048
:10F69000A3F8B420A3F8B620C3F86021C3F864210E
:10F6A000C3F86821A3F85A21A3F85C21A3F85E21CE
:10F6B000A3F8EA10A3F8EC10A3F8EE10C3F8CC20DE
:10F6C000C3F8D020C3F8D420C3F83821C3F83C21B4
:10F6D000C3F84021C3F8E020C3F8F420C3F8F820B1
:10F6E000C3F8FC20C3F80021C3F80421C3F80821A3
:10F6F000C3F80C21C3F81021C3F81421C3F8182152
:10F7000083F829217047D0F88434D3F8CC208A605C
:10F71000D3F838218A6493F81D2112B193F8AF20F1
:10F7200001E093F8AC204A6093F81D210A6093F839
:10F7300048214A654A688A65D3F8D0200A64D3F81C
:10F74000D4204A64D3F83C21CA64D3F840210A6526
:10F75000B3F9B220CA60B3F9B4200A61B3F9B62094
:10F760004A61D3F8F4208A61D3F8F820CA61D3F84B
:10F77000FC200A62D3F800214A62D3F804218A628D
:10F78000D3F80821CA62D3F80C210A63D3F81021F8
:10F790004A63D3F814218A63D3F81821CA63D3F8D3
:10F7A0004C21CA65D3F85021D3F854310A664B6610
:10F7B0007047F7B5D0F88444D4F84C518D4207D146
:10F7C000D4F85051954203D1D4F854219A423CD0F8
:10F7D00001F00F05042D3AD8022D38D003F00302B2
:10F7E000022A34D01F0907F00307022F2FD00A097D
:10F7F00002F00F02042A2AD8022A28D09E0806F016
:10F800000306022E23D09E0906F00306022E1ED008
:10F81000C4F85431036AC4F84C111B68C4F8501181
:10F82000022B04BF3E462A46042A14BF1146314625
:10F8300084F8AD10D0F88434012283F84611009288
:10F84000019200690B463CF0DFDE002001E06FF022
:10F850001C00FEBD70470000004870479466010020
:10F8600010B50C46C1B1886808B1F8F393F5E068AB
:10F8700008B1F8F38FF5D4F8D80008B1F8F38AF599
:10F88000D4F8E00008B1F8F385F520460021E42221
:10F89000BDE81040F3F356B510BD2DE9F74F05460E
:10F8A000D2F8D000019114469846DDF830B0DDF86A
:10F8B0003490DDF838A0F5F353F428B140465946AA
:10F8C0003022F4F339F103E040465946F5F3E0F213
:10F8D0000646002800F0D880D4F8D000F5F340F4B4
:10F8E00028B1484651463022F4F326F103E0484659
:10F8F0005146F5F3CDF20746002800F0C6802B688C
:10F9000093F86231002B4FD0D4F8D000EFF742FCCF
:10F91000002849D0D5F86008FDF786FA10B3D5F86D
:10F9200068329B792BB9D5F860080199FDF780FA08
:10F93000C0B148465146F422F4F3FEF08146002857
:10F9400000F0A28040780230A4F8D400F8F310F55B
:10F95000C4F8D800002800F097804946B4F8D420B5
:10F96000F3F36CF4D5F86008FDF75EFAE0B1D5F872
:10F9700060080199FDF75CFAB0B140465946F4229F
:10F98000F4F3DAF0054600287ED040780230A4F87F
:10F99000DC00F8F3EDF4C4F8E000002874D0294648
:10F9A000B4F8DC20F3F34AF4022323826382D4F810
:10F9B000D000F5F3D5F310B1042323826382D4F889
:10F9C000D000F5F3CDF350B106F10A0004F11001B7
:10F9D0000022F5F3A7F4002856D0002513E0737831
:10F9E0000A2B0FDDD4F8D05006F10E00A5F1080265
:10F9F000554245EB020504F110012A46F5F3B6F62F
:10FA000008B941E005462046218A2A4676F088D882
:10FA1000002839D0D4F8D000F5F3A2F330B1301D6E
:10FA200004F112010122F5F37DF413E07378092B40
:10FA300011DD06F1080045B9F27A012A06D0A2F1DB
:10FA400005035A4242EB030200E0012204F11201D5
:10FA5000F5F38CF6C0B178780230A080F8F388F422
:10FA6000A06088B13946A288F3F3E8F370780230D9
:10FA7000E080F8F37DF40746E06030B13146E2887B
:10FA8000F3F3DCF3012700E007463846BDE8FE8FBC
:10FA900001320103323D00904C3300AAAA0300005A
:10FAA0000088B4000100000001010000010050F2D4
:10FAB00001000050F20000409600000FAC00000F63
:10FAC000AC0600AAAA03000000AAAA030000F800DE
:10FAD0000FAC00050400C9BF05F000CEBF00000058
:10FAE0000101000001011C7040002D02F0000A011C
:10FAF00028002801380148015801550150015003E0
:10FB00006666E2016666E3016666E4016666E50133
:10FB10006666E6016666E7016666E8016666E90113
:10FB20006666EA016666EB016666EC016666ED01F3
:10FB30006666EE01CDCCF0010A0005000800400623
:10FB40000800050008000800770008008A00080087
:10FB50000100050001000A0001000500400610092F
:10FB60001E091F0924092509260920092109270939
:10FB70002809290922092309300931093209120902
:10FB80000F09000901090609070908090209030903
:10FB900009090A090B09040905090C090D090E09CF
:10FBA00011096502340284007400560065023402B3
:10FBB000040004000400030003000300030002002B
:10FBC0000100010000000000FFFFFFFFFFFFFFFF3B
:10FBD000FFFFFFFFFFFF0000372E39352E3439209D
:10FBE0002832323731626236204359290072656308
:10FBF0006C61696D2073656374696F6E2025733A5B
:10FC00002052657475726E65642025642062797473
:10FC1000657320746F2074686520686561700A00E0
:10FC20004D656D6F72792075736167653A0A0009D9
:10FC3000546578743A20256C6428256C644B292C13
:10FC400020446174613A20256C6428256C644B293A
:10FC50002C204273733A20256C6428256C644B2950
:10FC60002C20537461636B3A2025644B0A000941D0
:10FC700072656E6120746F74616C3A20256428256A
:10FC8000644B292C20467265653A2025642825643A
:10FC90004B292C20496E207573653A202564282550
:10FCA000644B292C2048574D3A2025642825644B65
:10FCB000290A0009496E20757365202B206F76652F
:10FCC00072686561643A2025642825644B292C20DC
:10FCD0004D6178206D656D6F727920696E20757346
:10FCE000653A20256C6428256C644B290A00094D6F
:10FCF000616C6C6F63206661696C75726520636FFF
:10FD0000756E743A2025640A0009537461636B2090
:10FD1000626F74746F6D20686173206265656E2018
:10FD20006F7665727772697474656E0A0009537430
:10FD300061636B20626F74746F6D3A203078257048
:10FD40002C206C776D3A20307825702C20637572EA
:10FD5000723A20307825702C20746F703A203078F9
:10FD600025700A00094672656520737461636B3AF9
:10FD7000203078257828256429206C776D3A20304A
:10FD8000782578282564290A0009496E757365204D
:10FD9000737461636B3A20307825782825642920B4
:10FDA00068776D3A2030782578282564290A00097B
:10FDB000496E2075736520706F6F6C20256428254F
:10FDC00064293A2025642825644B292C20772F6F3D
:10FDD000683A2025642825644B290A0009496E20C9
:10FDE000757365202D20706F6F6C3A20256428256F
:10FDF000644B292C20772F6F683A202564282564CE
:10FE00004B290A0009506B74496420546F74616C6B
:10FE10003A2025642C20467265653A2025642C2002
:10FE20004661696C65643A2025640A006D77006D4F
:10FE30006400554E494D504C3A2072613D25700A80
:10FE4000005443414D3A20256420757365643A207F
:10FE50002564206578636565643A25640A000A466E
:10FE60005749442030312D25780A666C616773202C
:10FE700025780A000A5452415020257828257829EF
:10FE80003A2070632025782C206C722025782C2055
:10FE900073702025782C20637073722025782C20B5
:10FEA000737073722025780A002020723020257824
:10FEB0002C2072312025782C2072322025782C209D
:10FEC00072332025782C2072342025782C2072352E
:10FED0002025782C2072362025780A0020207237C1
:10FEE0002025782C2072382025782C207239202566
:10FEF000782C207231302025782C20723131202549
:10FF0000782C207231322025780A000A20202073B4
:10FF1000702B302025303878202530387820253057
:10FF2000387820253038780A00202073702B313043
:10FF30002025303878202530387820253038782032
:10FF4000253038780A0A0073702B25782025303840
:10FF5000780A00686E6461726D5F61726D72206113
:10FF60006464723A20307825782C206372345F699B
:10FF700064783A2025640A0062757373746174733F
:10FF800000535357553A207072696D6520646F6550
:10FF900073206E6F7420686176652070203D203379
:10FFA000206D6F642034000001000000000100009B
:10FFB00020010000A1418000B9538000212C800065
:10FFC000795780006D3D8000609D8800A09E88006C
:10FFD000549F88008C9B8800409C8800FDFFFFFF99
:10FFE000D89A880002000000800100003001000063
:10FFF000DD418000E5538000492C8000AD57800032
:020000041002E8
:10000000993D8000749D8800C09E8800749F880080
:10001000AC9B8800609C8800FDFFFFFFF89A880079
:1000200004000000FF00000020080000253E8000C2
:10003000B1518000ED2B800035578000253D8000B8
:10004000549D8800809E8800349F88006C9B8800A7
:10005000209C8800066D0700B89A88000300000005
:100060000902000044010000F941800001548000B1
:10007000892C8000F5578000ED3D8000889D880028
:10008000F09E8800A49F8800DC9B8800909C8800DC
:10009000FDFFFFFF289B8800706125643D307825B7
:1000A000257800706425643D3078252578007064DB
:1000B0006825643D30782525780070646C25643DA2
:1000C00030782525780067637225643D30782525D2
:1000D00078002530325825303258253032582530B6
:1000E00032582D25303258253032582D253032588F
:1000F000253032582D25303258253032582D2530B4
:100100003258253032582530325825303258253073
:1001100032582530325800556E646566696E6564E4
:10012000206572726F722025640000006001040077
:1001300005000103640104000000270024010400FD
:100140000400000028010400000000002C0104004D
:100150000000000030010400000000003401040031
:100160000A04700034010400EFBED400340104001E
:10017000050000FF3401040001FF02FF300104000C
:1001800018000000340104000A04E00034010400F7
:10019000EFBE480034010400050000FF34010400F4
:1001A00001FF02FF340104000010180134010400B3
:1001B000020300103401040018F1F2F334010400CA
:1001C000BBCC000030010400380000003401040002
:1001D0000000000030010400580000003401040059
:1001E0000000000030010400380000003401040069
:1001F0000F200007340104000000940034010400C3
:100200000000009034010400747576773401040016
:100210000000000034010400000005003401040067
:10022000FFFFFFFF300104006803000034010400F9
:100230006E84330034010400DCBA50003401040041
:10024000D40000AB34010400BADABADA3401040095
:10025000001018F134010400F2F30010340104001E
:1002600018F1F2F33401040010000000340104001E
:10027000000000003401040000000A003401040002
:100280000100000E340104004252434D34010400C9
:100290005F54455334010400545F53533401040048
:1002A000494401043401040082848B963401040023
:1002B00003010106340104000200000030010400C3
:1002C00068000000340104000A042802340104001C
:1002D000DCBA8000340104000000FFFF3401040098
:1002E000FFFFFFFF34010400001018F13401040087
:1002F000F2F300103401040018F1F2F334010400A9
:10030000D0AF0000340104000000000034010400FC
:1003100000000001340104000200000E340104005A
:100320004252434D340104005F54455334010400EC
:10033000545F535334010400494401043401040060
:1003400082848B9634010400030101063401040009
:1003500002010000300104006806000034010400BE
:100360000A04280234010400DCBA800034010400CD
:100370000000FFFF34010400FFFFFFFF3401040011
:10038000001018F134010400F2F3001034010400ED
:1003900018F1F2F334010400D0AF0000340104007E
:1003A00000000000340104000000000134010400DA
:1003B0000200000E340104004252434D3401040097
:1003C0005F54455334010400545F53533401040017
:1003D000494401043401040082848B9634010400F2
:1003E00003010106340104000201000000010400C1
:1003F000000000019004020000000000A0040200C0
:10040000F1F30000B0040200EFFD0000A8040200B8
:10041000FFFF0000A804020000000000A204020088
:1004200001000000B2040200FBFF0000AA04020069
:10043000FFFF0000AA04020000000000A404020064
:10044000CF1A0000AC04020000000000BC0402004F
:1004500000000000A6040200D7020000B60402005B
:10046000FFFD0000AE040200FFFF000006040200D2
:100470000100000006040200000000000C0402005D
:1004800018000000060402000000000048040200FA
:10049000000C000002040200200600000205020019
:1004A00000000000000502000040000002050200FC
:1004B00004000000000502000040000002050200E8
:1004C00008000000000502000040000002050200D4
:1004D0000C000000000502000040000002050200C0
:1004E000C000000080050200FFFF0000820502003E
:1004F000FFFF000084050200FFFF000086050200E8
:10050000FFFF000088050200FFFF00008A050200CF
:10051000FFFF00008C050200FFFF00008E050200B7
:10052000FFFF000090050200FFFF0000920502009F
:10053000FFFF000094050200FFFF00009605020087
:10054000FFFF000098050200FFFF00009A0502006F
:10055000FFFF00009E050200FFFF0000A005020053
:10056000FFFF00009C050200F0FF000040050200B4
:100570000080000020050200060F00004005020078
:1005800000800000400502000081000020050200FC
:1005900000FF00002C0502000101000040050200E0
:1005A00000810000400502000082000020050200DA
:1005B0001E2800002C05020000000000400502007B
:1005C00000820000400502000083000020050200B8
:1005D00029310000400502000083000040050200B0
:1005E0000084000020050200323F000040050200A8
:1005F0000084000040050200008500002005020084
:100600004041000040050200008500001206020083
:10061000010000002E060200CDCC000030060200D2
:100620000C00000000060200048000009606020094
:10063000080000009A060200E4000000880602009C
:10064000000000009C060200020000008806020074
:10065000001000009C060200020000008806020054
:10066000002000009C060200020000008806020034
:10067000003000009C060200020000008806020014
:100680000B0F00009E06020007000000100502008C
:100690000B00000050040200014E00005204020052
:1006A0005B010000E404020090000000040402006A
:1006B000B400000054050200FFAF0000FE04020079
:1006C000000000005E050200001000006001040050
:1006D0000400010364010400000000006401040040
:1006E000B4000000640104004700470064010400F6
:1006F000000064006401040030094000600104004F
:100700000D00010364010400020002006401040002
:100710000100C00064010400050000006401040041
:100720000000C0006401040064006400640104006F
:100730000E00470064010400000500006001040091
:10074000150001036401040040003C08640104003A
:1007500000000700640104000A00000060010400BA
:100760001A0001036401040000C0000060010400DD
:100770001D00010364010400102700006001040053
:100780001F0001036401040000001C0C640104004C
:100790000600102760010400250001036401040025
:1007A000000032006001040028000103640104001D
:1007B00000004C0A6401040000003F0164010400D1
:1007C000FFFF00046401040046041E0764010400E6
:1007D0000200EC09600104002E0001036401040022
:1007E0000000008060010400920101036401040024
:1007F000640400006401040000004000640104007F
:1008000096070000600104009701010364010400E1
:100810001A08000060010400BF0101036401040024
:1008200000000500600104000804010364010400E5
:1008300007020000600104001004010364010400C9
:1008400000000100600104001C0C010064010200B2
:10085000FFFF0000600104001D0C010064010200A4
:10086000FFFF0000600104001A000103640104009E
:100870000000200C60010400230001036401040057
:100880000000A607640104000000A20A6001040041
:1008900026000103640104000A0E0B096401040030
:1008A0000E02000060010400320001036401040034
:1008B0000000900B640104000000A0046401040027
:1008C00000007C066001040058000103640104007C
:1008D0004252434D640104005F54455364010400D7
:1008E000545F535364010400494400006001040054
:1008F0006000010364010400390000006401040089
:100900005000000064010400C00000006001040009
:100910007000010364010400BE03BE03640104000F
:10092000BE03BE0364010400BE03BE0364010400F1
:10093000BE03BE03640104000004EA036401040072
:10094000D403BE03640104000B04F5036401040036
:10095000DF03C90364010400BE03BE036401040095
:10096000BE03BE0364010400BE03BE0364010400B1
:10097000BE03BE03640104000004EA036401040032
:10098000D403BE03640104000B04F50364010400F6
:10099000DF03C903640104001604160464010400A3
:1009A0001604160464010400220416046401040001
:1009B00016042E04640104001604160464010400E5
:1009C00016041604640104001604160464010400ED
:1009D0003A041604640104001604160464010400B9
:1009E00016041604640104002204160464010400C1
:1009F00016042E04640104001604160464010400A5
:100A000016041604640104001604160464010400AC
:100A10003A0416046401040000001F00640104008D
:100A2000FF031F00640104000200000064010400D1
:100A3000020000006001040098000103640104004A
:100A400000001F0064010400FF031F006401040094
:100A500001000000640104000100000060010400C6
:100A6000A00001036401040000001F0064010400F1
:100A7000FF031F0064010400010000006401040082
:100A80000100000060010400A800010364010400EB
:100A900000001F0064010400FF031F006401040044
:100AA0000100000064010400010000006001040076
:100AB000C0000103640104003724372464010400EA
:100AC0003724372460010400BA01010364010400E3
:100AD0000100070264010400070207036401040027
:100AE0000700000060010400DF010103640104004D
:100AF0002000CB01640104000000540064010400E4
:100B00000000AB086401040000001004640104004C
:100B10008400020064010400000014006401040069
:100B2000CF010200640104004400000064010400DD
:100B3000AF080200640104001004640064010400B2
:100B400002020000640104001000CA0164010400F4
:100B500002003C00640104000000AA0864010400D3
:100B6000020010046401040054000208640104003F
:100B70000000080064010400CE01000064010400CC
:100B80003400000064010400AE08000064010400A9
:100B90001004440064010400020A0000640104001F
:100BA0000800C9016401040002003000640104006F
:100BB0000000A9086401040002001004640104009C
:100BC0003C00021064010400000004006401040001
:100BD000CD010000640104002C0000006401040049
:100BE000AD08000064010400100434006401040036
:100BF00002120000640104000400C8016401040042
:100C000000002C00640104000000A8086401040036
:100C100000001004640104003000021964010400A3
:100C20000000000064010400CC0102006401040023
:100C30002C00000064010400AC0802006401040000
:100C40001004300064010400021A00006401040072
:100C5000C0000A0464010400700000006401040084
:100C60003A010A046401040028022CC06401040053
:100C7000F2020A046401040000000001640104009F
:100C800060001404640104003800000064010400E2
:100C9000020114046401040014012CC06401040066
:100CA000DE011404640104000000800064010400FB
:100CB00022003704640104001500000064010400F0
:100CC000DF0037046401040065002CC064010400E7
:100CD0002E0137046401040000002F0064010400A9
:100CE00011006E84640104000B0000006401040024
:100CF000D4006E846401040033002CC0640104003D
:100D0000FC006E846401040000001800640104000B
:100D100002008A9D64010400FB00020864010400D3
:100D2000C54EFA0064010400020A83346401040021
:100D3000FE000210640104006227F900640104004F
:100D40000212421A64010400FD0002196401040049
:100D5000B113F80064010400021A81116401040057
:100D6000FC00021C64010400C10FFC0064010400CB
:100D70000000C10F64010400FC00000064010400D5
:100D8000C10FFC0060010400500201036401040073
:100D900000000000640104000100711464010400FB
:100DA0000402000060010400540201036401040015
:100DB00001000000640104000100711464010400DA
:100DC00004020000600104005802010364010400F1
:100DD00002000000640104000100711464010400B9
:100DE00004020000600104005C02010364010400CD
:100DF0000300000064010400010071146401040098
:100E000004020000600104006002010364010400A8
:100E100000000100600104006C0201036401040091
:100E200020000000600104001204010364010400BA
:100E300000000C006001040050050103640104007F
:100E40001800000064010400983A983A6401040014
:100E5000A60E6400640104000000F40164010400B3
:100E60000400000064010400C8AFA861640104002C
:100E7000204E1E0064010400000003006401040011
:100E8000030000006401040050C30000600104007E
:100E90005B05010364010400000014056401040003
:100EA000E2040000600104005F0501036401040026
:100EB000204E00006401040000000F0064010400E3
:100EC000F4010300600104006505010364010400EE
:100ED000000013006401040000000300640104002A
:100EE0000100070064010400C8AF000064010400B1
:100EF00088130000640104002C17DF406001040027
:100F00006C0501036401040000002C01640104006D
:100F10000000A00F600104006F05010364010400DC
:100F2000000002006401040000002C0164010400C0
:100F3000C000000064010400C0440000640104001B
:100F40006400000064010400DC05401F640104002B
:100F500000004600640104005000500064010400D9
:100F60000200000064010400F50A000060010400B2
:100F70007A050103640104002010409C6401040010
:100F8000204E000064010400B80B00006001040062
:100F90007E050103640104000000204E640104008A
:100FA0000000050064010400DC053F00640104004A
:100FB000710200006401040030750000600104004B
:100FC0008605010364010400C409A00F6001040048
:100FD00089050103640104000000D00760010400DA
:100FE0008B05010364010400204E204E60010400C3
:100FF0008E050103640104002000804064010400A8
:1010000000000A0064010400E803E81C6401040015
:10101000384A0000600104009305010364010400E4
:1010200000006400600104009F05010364010400E6
:101030000200940260010400A105010364010400A0
:10104000E100000060010400A40501036401040044
:101050003075000060010400A7050103640104006D
:10106000DC05000064010400581B0000600104005E
:10107000AF0501036401040000000F0064010400D7
:10108000C800000060010400B2050103640104000F
:10109000000002006401040000006400600104001C
:1010A000BB05010364010400A8617017600104001E
:1010B000C405010364010400BE00000060010400D7
:1010C000380C01006401020000000000600104000F
:1010D00003000200640104001F000000600104001E
:1010E0000400020064010400FF030000600104002A
:1010F00005000200640104001F00000060010400FC
:101100000600020064010400070000006001040002
:1011100007000200640104000400000060010400F4
:101120000800020064010400FFFF000060010400E9
:1011300009000200640104000000000060010400D6
:101140000A000200640104000000000060010400C5
:101150000B000200640104000000000060010400B4
:101160000C000200640104000000000060010400A3
:101170000D00020064010400000000006001040092
:101180000E00020064010400000000006001040081
:101190000F00020064010400000000006001040070
:1011A00010000200640104001F0000006001040040
:1011B000110002006401040000000000600104004E
:1011C000120002006401040000000000600104003D
:1011D000130002006401040000000000600104002C
:1011E000150002006401040000000000600104001A
:1011F000160002006401040000000000FFFF000070
:101200000000000086060200D009000080060200EF
:101210003E3E0000820602003E020000000702007F
:101220003C0000008406020012020000600104007D
:101230000300010064010200C0000000600104001E
:1012400003000100660102000A00000060010400C2
:1012500004000100640102001400000060010400A9
:101260000700010064010200830100006001040026
:101270002500010064010200F40100006001040087
:10128000C5050100660102002B0400006001040096
:10129000C6050100640102000001000060010400B5
:1012A000E1010100640102003C0000006001040053
:1012B000E601010066010200340000006001040044
:1012C000EC01010064010200300000006001040034
:1012D000F1010100660102002C0000006001040021
:1012E000F7010100640102002C000000600104000D
:1012F000FC010100660102002800000060010400FA
:1013000002020100640102002800000060010400E4
:10131000070201006601020028000000FFFF000034
:1013200000000000ED9F8000C1AD8000DDAE8000B8
:10133000F9AB8000B5B0800065AF8000C9B0800017
:10134000DDB0800071AD800085AD800009AC80000B
:1013500005B18000FDAA8000A1B0800065AE8000CC
:1013600035AA800081A18000C5A1800031A880003D
:101370008DA8800019A8800079AF8000B1A68000F8
:10138000ADAB80008DAB8000E5AB80008DA380000D
:101390007DAB800079A28000F5A3800045A7800086
:1013A00045A0800039A1800065A3800039A080009D
:1013B00055A080002D9F8000399F80000000000014
:1013C000000000000000000075A3800061A88000FC
:1013D00039A8800071A2800095A78000219F80001D
:1013E000199F8000B9A0800085A08000E59E800044
:1013F000280000000F0000000401000008070000A2
:1014000000070700000704000000040400000400B7
:1014100000000001010000000000000003030000C4
:10142000000000000000000000000000B108000003
:10143000000000000404040404010400E2040008A5
:101440000A0000006A100000000000000000000018
:1014500031060000DDC88D0004040404040104000A
:10146000E20400080A0000006A100000000000000A
:1014700000000000310400008C2EBA0004040404B3
:1014800004010400E20400080A0000006A100000E1
:101490000000000018180000000000000006060010
:1014A00000000000000000000000000031190000F2
:1014B0000000A0000C0C0C0C0A030400E20400085D
:1014C0000A0000006A100000000000000000000098
:1014D000B1120000277662000C0C0C0C0A03040009
:1014E000E20400080A0000006A100000000000008A
:1014F00000000000B10C00001443FD000C0C0C0CAB
:101500000A030400E20400080A0000006A10000058
:10151000E02E01010150000000000000C83202016D
:1015200001490000899DD8004038030101420000B4
:10153000AAAAAA00003C0401013E000000008000AD
:10154000483F0501013B0000D05E4200A04106017A
:101550000139000049922400004B070101320000CC
:1015600000000000584D080101300000071F7C00FA
:10157000204E09010130000000000000C05D0A019A
:101580000128000000000000A8610B0101260000F6
:101590006666660090650C0101240000C44EEC00F4
:1015A00030750D01012000000000000040830E0195
:1015B000011C00002449920018920F020133000020
:1015C000F93E5600009610020132000000000000B3
:1015D000409C1102013000000000000080BB12029C
:1015E000012800000000000020CB130201240000AD
:1015F000C44EEC00000000000000000000000000ED
:10160000626F617264666C616773330073707572C8
:10161000636F6E6669670000000000000000000054
:10162000B1190000ABAA0A000B0C0C0C0A03040051
:10163000E20400080A0000006A1000000000000038
:1016400000000000B1120000143BB1000B0C0C0CA8
:101650000A030400E20400080A0000006A10000007
:101660000000000000000000310D00007A05340089
:101670000B0C0C0C0A030400E20400080A00000032
:101680006A100000000000001210000000000000BE
:101690000000000000000000B11900000000400040
:1016A0000C0C0C0C0A030400E20400080A00000001
:1016B0006A1000000000000000000000B1120000ED
:1016C000FF88D8000C0C0C0C0A030400E20400088C
:1016D0000A0000006A100000000000000000000086
:1016E000B10D0000F0FF4E000C0C0C0C0A030400BE
:1016F000E20400080A0000006A1000000600000072
:10170000BC010000C54200003142000089450000D4
:101710007800000001000000394000003F40000058
:10172000414000008000000068000000FB44000011
:10173000F7440000D144000067E6096A85AE67BB44
:1017400072F36E3C3AF54FA57F520E518C68059BA3
:10175000ABD9831F19CDE05B982F8A429144377132
:10176000CFFBC0B5A5DBB5E95BC25639F111F15924
:10177000A4823F92D55E1CAB98AA07D8015B831266
:10178000BE853124C37D0C55745DBE72FEB1DE8012
:10179000A706DC9B74F19BC1C1699BE48647BEEF41
:1017A000C69DC10FCCA10C246F2CE92DAA84744ACC
:1017B000DCA9B05CDA88F97652513E986DC631A842
:1017C000C82703B0C77F59BFF30BE0C64791A7D521
:1017D0005163CA0667292914850AB72738211B2EA9
:1017E000FC6D2C4D130D385354730A65BB0A6A7691
:1017F0002EC9C281852C7292A1E8BFA24B661AA89D
:10180000708B4BC2A3516CC719E892D1240699D6AC
:1018100085350EF470A06A1016C1A419086C371E25
:101820004C774827B5BCB034B30C1C394AAAD84E03
:101830004FCA9C5BF36F2E68EE828F746F63A5783E
:101840001478C8840802C78CFAFFBE90EB6C50A4D1
:10185000F7A3F9BEF27871C60123456789ABCDEFD6
:10186000FEDCBA9876543210F0E1D2C31420304036
:101870001C2010776C2564002530347800776C25A7
:10188000643A2025732025732076657273696F6E24
:1018900020257320465749442030312D25780A00F1
:1018A0004E6F7620323920323032310032323A34C3
:1018B000393A303900617020007374612000776D0F
:1018C0006520003830322E31316420003830322E1D
:1018D0003131682000726D20006361632000616D0A
:1018E0007064752000616D7064755F7478200061AC
:1018F0006D7064755F72782000616D7364757278C5
:101900002000616D73647574782000726164696F82
:101910005F70777273617665200070327020006DA1
:101920006368616E2000646672747320007478705E
:10193000777263616368652000737462632D7478E5
:101940002000737462632D72782D317373200077D9
:101950006E6D20006273737472616E7320006D6629
:1019600070200073616520006964617574682000EF
:10197000746B6F2000776C63006770696F6F7574AC
:1019800000000000E1560100020000800800000095
:101990003D6F8900E200000001000000000000002F
:1019A00000000000000000000200000000003131D3
:1019B000640031316800313175005458204D435373
:1019C00020203A0020202564282564252529000AA6
:1019D00020202020202020203A000000A18789001C
:1019E000070080000100000000000000000000006F
:1019F000000000005258204D435320203A006170EF
:101A0000707300615F77706100615F77706169007A
:101A100025733A20686F73745F656E616220256478
:101A20000A006273736366670062746300627463C2
:101A30005F646F735F737461747573009557010011
:101A40000E00000007000000000000000000000081
:101A500000000000636D005F5F004B52000000005B
:101A6000BC580100E0ED880000000000000000000C
:101A7000B058010000000000AA580100A45801005D
:101A80000000000000000000805801002C590100F7
:101A9000885801007FB20000000000000000000034
:101AA0000000000000000000000000000000000036
:101AB0000000000000000000000000000000000026
:101AC000905801000000000000000000000000002D
:101AD0000000000000000000000000000000000006
:101AE00000000000000000000000000000000000F6
:101AF00000000000000000000000000000000000E6
:101B000000000000000000000000000000000000D5
:101B1000000000000000000001000000B1580100BA
:101B20000000000000000000323032312D31312D34
:101B300032392032323A34323A3434000000FF0075
:101B400000000000FF00000000236E000000FFFF07
:101B5000F00000000000000000000000434C4D2099
:101B60004441544100000C000200392E31302E3324
:101B70003900000000000000000000000000312ECD
:101B800032392E3400000000C4580100C85701004B
:101B9000436C6D496D706F72743A20312E33362E5E
:101BA000330000000000000000000000000042724E
:101BB0006F6164636F6D2D302E30000000000000F7
:101BC000000000000000000000000000636E74725E
:101BD000790064756D705F696E666F0013858900AA
:101BE00000000040080000000000000000000000AD
:101BF000000000006576656E747100666274000016
:101C0000115A010016000000775A01001800000068
:101C10008F5A01001B000000275A01001C00000021
:101C20009CEF88000E000000DA590100330000002C
:101C3000DA59010033000000435A0100340000006B
:101C4000435A010034000000435A010034000000F0
:101C50009BEF880001000000D05901000A0000003D
:101C60009AEF88000100000003103036373839F44D
:101C7000FFDD0001020304060708092025282923A7
:101C80002A32300B0C424746333F4043363A3C3B06
:101C90002D3D484A7F596145626B6C6F70BFC0C370
:101CA000C4C744F4DD69656D000001322124302E83
:101CB00046363B2D487F595E6BBFC74485F4DD0136
:101CC000320C354146303637393A382D3D484A7F57
:101CD0005A5F58646EBFC0C744F4DD0001020304BC
:101CE000060507080920252829232A32300B0C2E47
:101CF000333F4043424746363A3C3B2D3D484A7FBE
:101D00005659456B6C6F70BFC0C3C4C744F4DD0146
:101D1000320C35414636373A382D3D484A7F5A5FB6
:101D20006EBFC0C744F4DD0001322124302E463698
:101D300037393B2D487F595E57636BBFC744859C3D
:101D4000F4DD696572006C71004449524543542DBD
:101D5000007068790000A40400400000A404008022
:101D60000080D00420000000A404FF010000A404AF
:101D700000040004A504FF032C01A50400E000A05A
:101D8000A504001C00000D04FF0340000D040070BA
:101D90000040A204FF034000A20400700040A80419
:101DA000FF000100D004C07F00000C05FF0100000F
:101DB000A60400800080A604FF01FF009A04FF0132
:101DC000FF00F40900800080F40900380020F409C5
:101DD000FF0337009904FF0378009F0400C0004010
:101DE0009F04FF039001D70408000800D704007087
:101DF0000020AC093C001400F80904000400706BDA
:101E0000745F66696C746572000000000C0000006D
:101E1000FFFFFFFFFFFFFFFFFFFFFFFF70726F7409
:101E20005F670070726F745F6E000000EC5B010012
:101E30000700000007000000FD5B01000600000035
:101E40000100000000000000000000000000000091
:101E5000534145204861736820746F20456C656D5F
:101E6000656E742075312050310053414520486122
:101E7000736820746F20456C656D656E74207532D3
:101E8000205032007361655F6D61785F7077655FC8
:101E90006C6F6F70007361655F7077655F686E70FF
:101EA0005F656E61626C6500405C010027000000A8
:101EB00007000000585C0100280000000700000037
:101EC0006E5C01002600000007000000000000001A
:101ED00000000000000000007374665F74656D70A0
:101EE0005F6D696E5F647574795F6379636C6500BB
:101EF0007374665F74656D705F6D6F6E69746F7219
:101F00005F74696D65007374665F74656D705F748E
:101F1000687265736800696473757000747063003B
:101F200074786300776170690000000000000000B1
:101F30000000000000000000600A0000803801007E
:101F4000736470636D64657600000000000000003B
:101F5000005D010000000000000000000000000023
:101F6000000000000000000000000000C5DF80004D
:101F700045F6800059F68000C9DF8000BDDF800093
:101F800089DF800051DD80000000000055F68000F0
:101F90000000000000000000C57C0100A17C0100E1
:101FA0008B7C0100E1F6800000000000A5F68000B7
:101FB000F9F68000C1F68000EDF680000000000018
:101FC0000000000000000000158801006988010081
:101FD0000000000011880100258C0100F589010036
:101FE000598901000000000000000000000000000E
:101FF0000000000000000000C58901000000000092
:102000001D1E1C0B80BA8C0100C20100F2000000F2
:102010008100000010000000C0AD3A0200C20100C3
:10202000EC0000008100000022000000776C00003E
:10203000000000000000000000000000C05D010082
:102040000000000000000000000000000000000090
:10205000000000000000000035E201001D8E81003C
:10206000E9898100298F810000000000B58C810082
:1020700000000000FD8D8100000000000000000055
:102080000000000000000000010003000300060043
:1020900000000300030003000E000D000E000E0000
:1020A0000E00020009000C000A0008000D000100EB
:1020B00009000C000A0008000D00010009000C00D6
:1020C0000A0008000D00010009000C000A000800C9
:1020D0000D0001000A000D000B0009000E000200B7
:1020E0000A000D000B0009000E0002000900390073
:1020F00016000E000E0005000900390016000E0043
:102100000E0005000A000D000B0009000E0004007F
:102110000A000D000B0009000E0002000A000D006D
:102120000B0009000E0002001400BF00C0001500E3
:10213000110005001400BF00C000150011000500CB
:102140001400BF00C0001500110005001400BF00FE
:10215000C0001500110005001400BF00C0001500EC
:10216000110005000900390016000E000E000500E0
:102170000900390016000E000E0005001400BF0013
:10218000C0001500110005000900390016000E00FE
:102190000E0005000900390016000E000E000500B3
:1021A0009600DE00DF001500110005001400BF00DE
:1021B000C0001500110005000900390016000E00CE
:1021C0000E0005000900390016000E000E00050083
:1021D0000900610016000E000E000500090039001C
:1021E00016000E000E0005000C00B60019001100CC
:1021F000110008000900390016000E000E0005004D
:102200000900B60019001100110008000900B6000D
:1022100019001100110008000900B6001900110092
:10222000110008000900390016000E000E0005001C
:102230000900B6001900110011000800080037005D
:1022400016000E000E0005000900B600190011006E
:102250001100080000000000000000000000000065
:10226000000000000000000000000000000000006E
:10227000000000000000000000000000000000005E
:10228000000000000000000000000000000000004E
:10229000000000000000000000000000000000003E
:1022A000000000000000000000000000000000002E
:1022B000000000000000000000000000000000001E
:1022C000000000000000000000000000000000000E
:1022D00000000000000000000000000000000000FE
:1022E00000000000000000000000000000000000EE
:1022F00000000000000000000000000000000000DE
:1023000000000000000000000000000000000000CD
:1023100000000000000000000000000000000000BD
:1023200000000000000000000000000000000000AD
:10233000000000000000000000000000000000009D
:10234000000000000000000000000000000000008D
:10235000000000000000000000000000000000007D
:10236000000000000000000000000000000000006D
:10237000000000000000000000000000000000005D
:10238000000000000000000000000000000000004D
:10239000000000000000000000000000000000003D
:1023A000000000000000000000000000000000002D
:1023B000000000000000000000000000000000001D
:1023C000000000000000000000000000000000000D
:1023D00000000000000000000000000000000000FD
:1023E00000000000000000000000000000000000ED
:1023F00000000000000000000000000000000000DD
:1024000000000000000000000000000000000000CC
:1024100000000000000000000000000000000000BC
:1024200000000000000000000000000000000000AC
:10243000000000000000000000000000000000009C
:10244000000000000000000000000000000000008C
:10245000000000000000000000000000000000007C
:10246000000000000000000000000000000000006C
:10247000000000000000000000000000000000005C
:10248000000000000000000000000000000000004C
:10249000000000000000000000000000000000003C
:1024A000000000000000000000000000000000002C
:1024B000000000000000000000000000000000001C
:1024C000000000000000000000000000000000000C
:1024D00000000000000000000000000000000000FC
:1024E00000000000000000000000000000000000EC
:1024F00000000000000000000000000000000000DC
:1025000000000000000000000000000000000000CB
:1025100000000000000000000000000000000000BB
:1025200000000000000000000000000000000000AB
:10253000000000000000000000000000000000009B
:10254000000000000000000000000000000000008B
:10255000000000000000000000000000000000007B
:10256000000000000000000000000000000000006B
:10257000000000000000000000000000000000005B
:10258000000000000000000000000000000000004B
:10259000000000000000000000000000000000003B
:1025A000000000000000000000000000000000002B
:1025B000000000000000000000000000000000001B
:1025C000000000000000000000000000000000000B
:1025D00000000000000000000000000000000000FB
:1025E00000000000000000000000000000000000EB
:1025F00000000000000000000000000000000000DB
:1026000000000000000000000000000000000000CA
:1026100000000000000000000000000000000000BA
:1026200000000000000000000000000000000000AA
:10263000000000000000000000000000000000009A
:10264000000000000000000000000000000000008A
:10265000000000000000000000000000000000007A
:10266000000000000000000000000000000000006A
:10267000000000000000000000000000000000005A
:10268000000000000000000000000000000000004A
:10269000000000000000000000000000000000003A
:1026A000000000000000000000000000000000002A
:1026B000000000000000000000000000000000001A
:1026C000000000000000000000000000000000000A
:1026D00000000000000000000000000000000000FA
:1026E00000000000000000000000000000000000EA
:1026F00000000000000000000000000000000000DA
:1027000000000000000000000000000000000000C9
:1027100000000000000000000000000000000000B9
:1027200000000000000000000000000000000000A9
:102730000000000000000000000000000000000099
:102740000000000000000000000000000000000089
:102750000000000000000000000000000000000079
:102760000000000000000000000000000000000069
:102770000000000000000000000000000000000059
:102780000000000000000000000000000000000049
:102790000000000000000000000000000000000039
:1027A0000000000000000000000000000000000029
:1027B0000000000000000000000000000000000019
:1027C0000000000000000000000000000000000009
:1027D00000000000000000000000000000000000F9
:1027E00000000000000000000000000000000000E9
:1027F00000000000000000000000000000000000D9
:1028000000000000000000000000000000000000C8
:1028100000000000000000000000000000000000B8
:1028200000000000000000000000000000000000A8
:102830000000000000000000000000000000000098
:102840000000000000000000000000000000000088
:102850000000000000000000000000000000000078
:102860000000000000000000000000000000000068
:102870000000000000000000000000000000000058
:102880000000000000000000000000000000000048
:102890000000000000000000000000000000000038
:1028A0000000000000000000000000000000000028
:1028B0000000000000000000000000000000000018
:1028C0000000000000000000000000000000000008
:1028D00000000000000000000000000000000000F8
:1028E00000000000000000000000000000000000E8
:1028F00000000000000000000000000000000000D8
:1029000000000000000000000000000000000000C7
:1029100000000000000000000000000000000000B7
:1029200000000000000000000000000000000000A7
:10293000000000002DE9F84305468846FBF33EF20F
:1029400000212846FBF382F3044628466E69AF69EE
:10295000F3F3F0F30A2E814616D90F2E16D028462F
:10296000FAF31EF5142E054603D9A36823F00803D5
:10297000A360A368142E43F00103A36014D9A368D5
:1029800043F00803A3600FE0022E0FD92846FAF3A4
:1029900075F5D4F8A430054623F0FF0343F0020395
:1029A000C4F8A430022303E0012301E0104D3023DA
:1029B000A268D20707D407F01802082A0CBFB5FB9B
:1029C000F3F54FF4E11507F0030700260BE004F5DB
:1029D0004073B8F1000F05D03002181849462A4656
:1029E0000023C0470136BE42F1DBBDE8F88300BFDB
:1029F00000C63E052DE9F8431646984604460D46A6
:102A0000FAF374F5002107462046FBF31FF300227A
:102A100081461346134988184068B0B90C225343C5
:102A2000CA18CE505560C2F808802046FBF3C6F1A4
:102A3000D9F824300C4D1E432E602046FBF3BEF126
:102A40002B680125C9F8243004E001330C32052B32
:102A5000E0D1002520463946FBF3F8F22846BDE8D0
:102A6000F88300BFBC5F0100E403000038B5124CDE
:102A7000002148222046F0F365F4104A012384E83F
:102A80000C0000250E491F2204F10C00F0F332F572
:102A900084F82B50F5F31CF34FF40023A3634FF499
:102AA0000003E363074B20632364074B6563DB6923
:102AB0006564A36038BD00BF18600100444542470B
:102AC000403901001C2B0900706001004369142B80
:102AD00001DDFAF317B57047436910B50A2B0446B8
:102AE0000ADD064901220346FFF784FF2046012143
:102AF000BDE8104007F096BA10BD00BF891600006F
:102B0000C36910B5590704460CD5074B0022196854
:102B1000FBF3B4F00549204610222346BDE81040DF
:102B2000FFF768BF10BD00BF2C040000FDB180009E
:102B3000134B13B51360134601E0114C1C600433B2
:102B4000ADF17C04A342F8D3C41C24F003040D4B64
:102B5000091B0D481960002303600C480839036005
:102B60000B4884E80A0003600A4802600A4802F53C
:102B700000520260094A1360EAF7C6FE44601CBDB9
:102B80004B415453F40300001404000048040000B7
:102B9000046001006860010010600100F0030000A3
:102BA00008B500211420EAF7BDFE054B002118608E
:102BB0001422F0F3C7F3BDE80840F5F301B100BFFC
:102BC000300400002DE9F0474D1C2946824605F0EF
:102BD000A1FB134C206000B34FEA85094846002151
:102BE000EAF7A0FE0F4F804638600F4E68B14A46A4
:102BF0000021F0F3A7F320680021F0F33FF73B68D2
:102C000000221A603560BDE8F0875046216805F063
:102C1000D5FBC6F80080C4F80080BDE8F08700BF8F
:102C2000F8030000E803000004040000F0B5184FAA
:102C300085B00F21386805F0C3FA0F2803903E468F
:102C400024D184200021EAF76DFE124C2060D0B11F
:102C500000218422F0F376F30025012304AA42F830
:102C6000043D00950195386821684FF4F06305F044
:102C7000D5FA0130206803D03221ECF751FA05E093
:102C8000EAF7D8FE2560306805F0B8FA05B0F0BD67
:102C90002C04000044040000B1F5E06F73B5044655
:102CA0000E46154606D103690091002101911E6868
:102CB0000A460CE00D4B00221868FBF3B9F10146FF
:102CC00080B123690022009601921E6820462B469F
:102CD000B04738B1064BA0611A68656122621C607A
:102CE000002001E04FF0FF307CBD00BF0004000079
:102CF000F85F01002DE9F84310200C4600219146B1
:102D00009846EAF70FFE054620B3144E3068FAF3F2
:102D1000EDF3099B074623B9306821464A46FBF389
:102D200087F13068FAF35CF501238340089AEB6081
:102D3000AA600B4AC5F8048011681560094A296029
:102D4000116830680B4313603946FBF37FF10020B4
:102D5000BDE8F8836FF01A00BDE8F88300040000B6
:102D60003C0400001004000013B500210446FBF3EE
:102D70006DF1174B1860174B00F5706018606369B0
:102D8000222B12DDE36958060FD540F627010022F9
:102D90002046FAF311F501462046FBF357F10E4B9E
:102DA000002118602046FBF351F100204FF4006130
:102DB00002460A4B00900190FFF79CFF28B10120CA
:102DC00002B0BDE81040F4F377B602B010BD00BF0A
:102DD000240400009460010034040000E9B1800084
:102DE00073B5374B374C0193374B002120222046D7
:102DF0001D682669F0F3A6F201232360334B266198
:102E00001B68E36145F8044C00F048FCADF5FE5149
:102E10003C390A462E48FFF78BFEF4F33DF3F4F3FA
:102E2000A5F700F073F8FFF721FE002006F0D4FDAF
:102E3000284D294C286007F00FFA2060FFF794FF17
:102E4000FFF7AEFE206800F029FB206806F0E8FDE1
:102E5000224B20681A6802F580321A60204B1A68EB
:102E600002F580321A601F4B1A6802F580321A6030
:102E700000F0C0F800221C481C49F5F3E7F00222DC
:102E80001B481C49F5F3E2F000221B481B49F5F3EF
:102E9000DDF000221A491B48F5F3D8F02068FFF74F
:102EA00015FE2068FFF718FE2068FFF729FE286846
:102EB00040F28F11FFF786FEFFF7B8FE20687CBD59
:102EC000ADDEADDE70600100945C01009060010039
:102ED0008C6A03002C04000000040000F4030000CE
:102EE00014040000046001008DDA890089190000D3
:102EF0001385890041B48000943B010091B68000A5
:102F00001DB28000973B01007047000070B5174D5F
:102F10002C682CBBB0202146EAF704FD286010B3D2
:102F20002146B022F0F30EF24FF4806021462E6865
:102F3000EAF7F8FCB060286886681EB9EAF77AFDFF
:102F40002E600DE04FF48062C26021463046F0F3FF
:102F5000F9F12B68064A20461360064A536170BD9A
:102F60004FF0FF3070BD4FF0FF3070BDA860010022
:102F7000500400007060010070B5184C05462368CD
:102F800033B9174E33680BB9FFF7C0FF33682360BE
:102F9000206808B300230360C0F89C30436001231D
:102FA00080F8A4306B6C0E3B012B03D928460D49E9
:102FB000FFF7C0FC0C4B9A6812B12268C2F89C3033
:102FC00020680123C0F89C30F5F31EF0074808493B
:102FD0002268F5F33BF0206870BD00BF500400008C
:102FE000A8600100716C010098600100242B87002B
:102FF00011BE800010B50023044610220A49FFF7D5
:10300000F9FC00212046FAF365F7002220464FF430
:10301000A051EDF76DFF054B002220469A60BDE8F8
:103020001040FFF7A9BF00BFE5BC80009860010019
:1030300038B504460D4651B11020F5F39FF1044B0D
:10304000186020B180E830004FF4F063836038BD31
:10305000AC600100134B02461B68006810B500F419
:103060007041DC1E090B042C08D800F47060000AC3
:103070000E30012313FA00F0484310BD072B0CD883
:10308000002010BD43F480741461146C013304F00B
:103090007F0401346403001901E0002318468B42C9
:1030A000F0D110BD5014000003684068181823F0D8
:1030B0000703083398428CBF0020012070470000AE
:1030C000044B054A186890421ABF00F108021A60C2
:1030D00000207047A05C0100001000002DE9F341C2
:1030E00090E8480023F00704083413F0070202D1E7
:1030F0009D19AC424AD035468068002203E0875CC7
:103100000DF802700132B242F9D19E18A64204D9DC
:1031100000293DD0361B951B00E0002623F0070751
:10312000C7EB030C002204E012F8078000F80280CD
:1031300001326245F8D18218002003E01DF80070CA
:1031400017540130A842F9D15B195219E71A00202F
:1031500004E013F800C002F800C00130B842F8D112
:10316000002E18DD00AB5D190023EA5CCA54013360
:10317000B342FAD1C918E4180022C3F1080302E0EF
:10318000A05C885401329A42FAD104E0104603E070
:103190004FF0FF3000E00020BDE8FC812DE9F04752
:1031A0001C4B1D4C0026C4EB03081C4B4FEAA8081F
:1031B00003FB08F8474629E02368D4F808A023F069
:1031C000070900251AF8052015F809309A4202D09F
:1031D0000120F4F371F40135082DF3D12046FFF7F7
:1031E00063FF88B90E4B054603EBC70A013705EBB1
:1031F00009031AF805201B7A9A4202D00120F4F341
:103200005BF40135082DF2D101360C344645D3DB91
:10321000BDE8F0879013000000100000ABAAAAAA36
:1032200000080000144B2DE9F0471B68134D9B6804
:10323000134F03F00F097F1B0123124A03FA09F908
:10324000BB1002FB03F80026444606E02846FFF7C1
:103250002BFF00B9013401360C354645F6DB22461A
:10326000BB104FF0553404FB032307484946BDE823
:10327000F047F0F38DB000BF4C14000000100000C8
:1032800090130000ABAAAAAAA93B010041F40031A7
:1032900038B5426304460163652502E00A20F4F371
:1032A00055F5236B002B01DB013DF7D138BD836A57
:1032B00043F0004383627047836A23F000438362D4
:1032C0007047F8B58668054601240F4606F00F06DC
:1032D000FFF7F2FF14FA06F6AC62EF62002405E095
:1032E000A1B228460022FFF7D1FF0134B442F7DB38
:1032F000F8BD00002DE9F041FFF7E2FE194E1A4B30
:10330000DFF87080194FF61A194BC8EB0707002831
:1033100014BF05461D4604465D1BFFF783FF47B1FA
:10332000002140463A46F0F30DF040463946F4F3AA
:1033300083F146B100210C483246F0F303F00A480D
:103340003146F4F379F155B1002120462A46EFF3D6
:10335000F9F720462946BDE8F041F4F36DB1BDE828
:10336000F08100BF90130000001000000008000072
:1033700000100000C5040000424B2DE9F74F1D6806
:1033800041492846FFF79DFF404A414BA968D31A9F
:10339000404A9B105A43019271D0012001F00F0165
:1033A00010FA01F18A4201DDF4F386F32846FFF7B3
:1033B00051FE394BA0F1040B1A6899460E2A01D828
:1033C000861000E001264FF00008314C4CE06368A5
:1033D000013B072B01D8A36813B90120F4F36CF368
:1033E0002046FFF761FE38B9FFF76AFE074620B9AD
:1033F0000120F4F361F300E0002720463946FFF78F
:103400006DFE10B10120F4F357F3DFF87CA0A16842
:103410002268D9F80030CAEB010122F00702C91076
:103420000E2B96BF02EA0B02324346EA920289B2A1
:103430002846FFF72BFFA7B12268D9F8003022F009
:103440000702CAEB07010832C9100E2B98BF02EA27
:103450000B0289B28CBF324346EA92022846FFF73C
:1034600015FF08F101080C34019B9845AFDB284695
:10347000FFF71DFF03B0BDE8F04FFFF78FBE03B0AD
:10348000BDE8F08F4C14000000080000901300000D
:1034900000100000ABAAAAAA501400002DE9F743BF
:1034A0000446FAF38BF4204600F008FA6B48EAF77A
:1034B0001DF92046F2F334F600F578704FF47A7374
:1034C0000730674FB0FBF3F038602046F2F328F680
:1034D000644B654AC3186169B3FBF2F3634A22295E
:1034E0001360634E634D04DDE369580601D533680C
:1034F00000E02B6803F5C2630433D3F800E03068C2
:103500002B68222905DDE269520602D500F5C26268
:1035100001E003F5C262043212689645F1D0222917
:1035200005DDE269520602D500F5C26301E003F54C
:10353000C2630433D3F80080EAF7B8F831688146F3
:1035400060692A681025222805DDE3695B0602D53B
:1035500001F5C26301E002F5C26304331B689845BC
:10356000F1D0222805DDE3695E0602D501F5C263CC
:1035700001E002F5C2630433013DD3F80080E2D1DB
:10358000EAF794F83A68C9EB0006B2FA82F39A4077
:10359000191FB2FBF6F2384B01321A604FF47A73FE
:1035A000A2FB03233548CA400160C1F1200113FA90
:1035B00001F08018ECF742FB396804230FE0B5FAFC
:1035C00085F2B6FA86F0013A8242A8BF02469640DA
:1035D00095409B18B6FBF1F201FB1266551915F0E8
:1035E000404FECD0264A1360264B40F2FF321D605C
:1035F000236A002B244BC8BF6FF07F421A606369B7
:10360000222B0CDDE369580609D5002040F627017E
:1036100002461E4B00900190FFF76CFB05E0204630
:103620001A4920220023FFF7E5F900201849F0F39A
:1036300001F5184D286078B10120F4F36DF22046B1
:103640002D68F2F36DF5B5FBF0F04FF47A75454354
:10365000114BA5F5FA651D60BDE8FE83E91E00006B
:10366000A45C01003F420F0040420F00B403000081
:103670003404000024040000A8030000AC03000090
:10368000A4030000A0030000B003000019B98000EB
:103690008C85020084040000800400000D4B002192
:1036A0001A6842F010021A601A6822F400721A6056
:1036B000094A136843F0807343F480331360074B67
:1036C00007221A6043F8041C59685A60044B2022F0
:1036D0001A60704714ED00E0FCED00E0241000E0FB
:1036E00000E400E070B504460E46FAF367F32046A6
:1036F000F9F3FCF60546EAF75BFD40F62A010246BF
:103700002046FAF395F48269436926B142F00042FB
:1037100043F0004303E022F0004223F000438261C3
:10372000294643612046BDE87040FAF38FB42DE985
:10373000F84304461E4690460D46FAF33FF32046F2
:10374000F9F3D4F64146324607462046FAF370F4C0
:103750002046FAF345F00646EAF72AFD40F62A012C
:1037600002462046FAF364F44FF00108814685B121
:1037700008FA06F5836933EA050502D14046E9F700
:1037800087FF01360120B040E9F774FFC9F81850EF
:103790000EE0701C08FA06F608FA00F0E9F778FF68
:1037A0004046E9F767FFD9F818301E43C9F818609A
:1037B00020463946BDE8F843FAF348B4034630B131
:1037C000002000E01046421C5B08FBD170477047A8
:1037D0000346032B10B510460C461DD8FAB1022B38
:1037E0000BD0032B14D0012B03D0FFF7E7FF0D4BB9
:1037F00006E0FFF7E3FF0C4B02E0FFF7DFFF0B4BA8
:10380000186043F8044C5A6804225A60002010BD26
:10381000FFF7D4FF064BF3E76FF0010010BD6FF028
:10382000010010BD241000E0341000E0441000E05E
:10383000541000E050B1431E034207D0002300E0C3
:1038400013465A1C4008FBD10120984070470000E5
:1038500070B5EAF7E3F90446EAF7DAF9164E2418E8
:1038600026F4FE4626F0FF0606F50046A41B1ED0F1
:103870000125B4F5004F0FD3284631464FF40042DE
:10388000FFF7A6FFB0B90135EDB2042DA4F5004451
:1038900006F50046EDD170BD20465CB1FFF7CAFFCA
:1038A000314602462846BDE87040FFF791BF4FF011
:1038B000FF3070BD70BD00BF8C6A03002DE9F84376
:1038C0000446FAF37BF2204640F60E010022FAF39A
:1038D000AFF30546002838D02046FAF36BF20146D4
:1038E00018B920460A46F9F3F5F520462F68D5F8B1
:1038F0000080F9F303F60428064605D825D108F41C
:10390000E028B8F5403F20D100205049F0F392F371
:10391000D8B907F0F0073F090FE0013F072E2F61EC
:1039200008D90C2E06D02B6C03F44063B3F5406F1E
:1039300000D010B1464B01206B61002FEDD1D5F8BE
:10394000E83123F01003C5F8E831EAF731FC40F61E
:103950002A0102462046FAF36BF33E4D06462860E4
:10396000EAF726FC314602463B48EFF311F52046C4
:10397000F9F3C4F5394B18602B681A6842F080726D
:103980001A601A6842F002021A600022C3F8E021AD
:103990006269272A05DDD3F8E02142F04002C3F82E
:1039A000E02140F2DD5602E00A20F4F3CFF12B686B
:1039B000D3F8E0319B0301D4013EF5D100210B4641
:1039C00020464FF40062FFF7B2FE00210B4620466E
:1039D00040F61202FFF7ABFE00210B46204640F6F0
:1039E0002902FFF7A4FE20460121FFF77BFE0020FD
:1039F0001B49F0F31FF300B32046F9F377F50646B1
:103A0000EAF7D6FB40F62A0102462046FAF310F305
:103A1000D0F814900746D0F898802046F9F366F560
:103A20000123834043EA09037B6148F00103C7F89F
:103A3000983020463146FAF309F32B681A6A42F0AF
:103A400003021A62BDE8F843FFF702BF9785020040
:103A5000FF7F0121B0600100BB3C0100B8600100A4
:103A6000A28502000721C0F8A4114021C0F8A811C6
:103A70004FF4F061C0F8C8111821C0F8CC1108212A
:103A80000122C0F8D01106210A23C0F89C21C0F8F9
:103A9000B021C0F8DC11C8221C21C0F89831C0F850
:103AA000B42120231022C0F8E0110C21C0F8A0316D
:103AB000C0F8BC31C0F8C031C0F8C421C0F8D4315E
:103AC000C0F8E4110323C0F8E8210421C0F8F02174
:103AD0000022C0F8D831C0F8EC11C0F8F421C0F8C9
:103AE000FC21C0F80032704741F2E443984206D10D
:103AF00044F2F4300B1A584240EB030070470020A8
:103B00007047D0F81C1238B5044659B1806804F0EB
:103B1000D0FB0546D4F81C02F4F33CF40023C4F8AF
:103B20001C3200E00D46284638BD7FB5044606230A
:103B300084200393F4F31CF4C4F81C02B8B10021F0
:103B40008422EFF3FFF300251C23A068D4F81C1295
:103B500003AA0095019504F061FB0646013008D1E7
:103B6000D4F81C02F4F316F4C4F81C5201E04FF030
:103B7000FF36304604B070BD2DE9F04104460D46D5
:103B80001646984640F2E93702E00A20F4F3DEF0E8
:103B900063691A6D002A04DA013FF6D13846BDE8A0
:103BA000F081069A46443602B2F1807F46F0004624
:103BB00003D12A7842F08072B6181E6540F2E936C9
:103BC00002E00A20F4F3C2F063691B6D002B03DBF3
:103BD0002B700120BDE8F081013EF2D13046BDE8F6
:103BE000F08100002DE9F0438BB01D46DDF84890D0
:103BF0009F4B0846C3F8009011461746FFF774FF25
:103C0000002800F030814FF40B70F4F3B1F3044658
:103C1000002800F0298100214FF40B72EFF392F39A
:103C2000A560C4F814902046FFF71CFF914B1E6856
:103C3000C4F818621EB13678003618BF012604F1A8
:103C40002808404602214122F0F382F40023009329
:103C500001930293384629464A46139B06F024FBFB
:103C6000E060002800F0FA80F9F338F42060E068A2
:103C7000F9F344F46769804A7B68804903F00103E3
:103C800083F00103D4F800C0002B18BF114684F85C
:103C90007A3140F629039C456060D4F808E0E26878
:103CA00007F5007303D110B107F5087701E007F5B8
:103CB00004770097D4F8BC010190D4F8C0010290B9
:103CC000D4F8C80103904FF0FF300490D4F8C40139
:103CD00005900820069000200790704604F04EFCE6
:103CE0006062002800F0BA80D4F81812644FB9B1AD
:103CF0000B78ABB1D7F8B030984762492246D4F878
:103D00001802F0F32DF3D4F818025F49224604F0AC
:103D1000F1FA2EB12046FFF708FF002840F09E8000
:103D200002210A46D7F8B830606A98472046002139
:103D3000E2682B4600F06EF92061002800F08E80CA
:103D400000210B462046514AF3F336F50023C4F810
:103D5000940184F87D314E48F5F304F010B3EFF38D
:103D600047F5012383404B48C4F88431F4F3FAF754
:103D700010B1EFF33DF508B1D4F88401C4F888011F
:103D800045490020F0F356F1030CA4F88C31A4F857
:103D90008E013BB100212046404A0B46F3F30CF55F
:103DA000C4F8900100203E49F0F344F1012808BF17
:103DB00084F822022046F6F391F4002835D0002042
:103DC0000125C4F8A40184F82A523649F0F332F1EF
:103DD00020B184F805523448EFF3DAF20020334979
:103DE000F0F328F1C0B28DF8260068B100F00F00A2
:103DF0004FF080730AA901F8020D4FF4407200934E
:103E000020460F23FFF7B8FE0AA9082301F8013D59
:103E1000636900221D6F1A674FF08073009320467C
:103E2000F023FFF7A9FE63691D6721492246214857
:103E3000F4F30CF12048F3F3ABF7204B04F5847254
:103E4000511C1A600332DA60D4F8F020596004F58E
:103E500085719960C3F810805A6105E02046F4F33B
:103E600099F2002400E0044620460BB0BDE8F08340
:103E70008804000044040000B9850200CB850200DC
:103E800010A7880051E78000CDE7800091F0800006
:103E9000E08502000A86020002860200EDE680004C
:103EA000D5850200C1850200E9850200AD850200CA
:103EB00095E68000E03C0100F9E28000BC60010072
:103EC00038B50025044680F87951006900F0DEF825
:103ED0002046F6F3F5F5E0682946F9F3F9F2D4F84F
:103EE000940128B1F3F3ECF3D4F89401F3F312F452
:103EF000D4F8900128B1F3F3E3F3D4F89001F3F38D
:103F000009F4E06805F078FFD4F81C3223B11B787F
:103F100013B12046FFF7F5FD2046BDE83840F4F325
:103F200039B210B58469A068FFF7CAFFE06805F0F0
:103F300061FD002010BD000010B58469002134220D
:103F400004F11C00EFF3FEF1034BA06863622462EE
:103F5000F6F32AF3002010BD91F680002DE9F34717
:103F6000274D99462B680646072B0F46924640DCA4
:103F700005F032FD80465020F4F3FAF104460028A3
:103F80003AD000215022EFF3DDF12B68A4F8149011
:103F900084E848002761C4F80C80204641F2E441DF
:103FA0004A4643468DE88004FFF71CFEA06010B32C
:103FB00000200A990B9A134B8DE84004FEF79AFEF5
:103FC000074618B1A068FFF77BFF12E0A068F6F380
:103FD00067F12B68A0610F210B4A3046EFF318F20E
:103FE000F7730A483146EFF3D3F12B6801332B60A6
:103FF00002E0002400E004462046BDE8FC8700BF44
:10400000D4600100C1F680003386020013860200EE
:10401000F4F3C0B12DE9F0411B4F98463B780546BB
:10402000072B144626D85420F4F3A2F1064610B309
:1040300000215422EFF386F13B78002286F84430C9
:1040400001333B700123B46086E82001A6F84C20C0
:10405000A6F85020A6F84E20A6F85220B3640420FB
:10406000F4F386F10446306440B100210422EFF3FA
:1040700069F100E000263046BDE8F0813046F4F3F7
:1040800089F12646F7E700BFD8600100C26B1AB17C
:1040900000235362826B5362C068FFF7B9BF000010
:1040A000054A064BD17E1970117F5970517F997066
:1040B000927FDA70704700BF8C6A03009060010045
:1040C0002DE9F04F8FB0E9F7A9FD474E474D336812
:1040D000049005932B68B3F5805F00F28180444F14
:1040E00044493868EFF3A6F701287AD02B68DFF847
:1040F0001C910393D9F8003000240693DFF8108157
:104100002368DFF810A10793D8F80030DFF808B172
:104110000893DAF80030384A0993DBF80030D7F812
:1041200000C00A93354B126819680C920B91344900
:10413000301D0968039A0D916146CDF808C00193BE
:10414000EFF37CF021462A683868EFF3FBF02D4A44
:10415000019BCAF800202849294A04981C60146071
:104160000C604FF0FF32311A3C60C9F800402C60FF
:10417000C8F80040CBF80040EFF38CF70599019B9D
:10418000CA439042DDF808C029D1039A06992A60F3
:10419000C9F8001021681C4AC7F800C01160079ACE
:1041A00008992260099AC8F80010CAF800200A99F4
:1041B0000B9ACBF800101A600F490C9B039A0B6006
:1041C0000D9B0F4960460B60311DEFF337F02A68F5
:1041D000301D21460FB0BDE8F04FEFF3B3B0FEE75E
:1041E000FEE70FB0BDE8F08F8C6A03009C5C010015
:1041F000985C0100828602004C1400004814000004
:1042000050140000DDBAADBB38140000945C01000E
:1042100044140000341400004014000070470000F3
:10422000774B2DE9F04F1B6891B0043B012B03D86D
:10423000744B1868FFF7F2FFFEF7D2FD0021044629
:10424000F9F334F720460021F9F300F7054658B199
:104250002046F9F3B3F52B6A002B05DA2046F9F373
:10426000ADF54FF000432B62E9F7CBFF2046F9F3A1
:10427000CBF00EA90822EFF3F1F202462046D4F863
:1042800040B00B92F9F38CF082462046F9F388F0A7
:1042900081462046F9F384F080462046F9F3EEF09B
:1042A00007462046F9F3EAF006462046F9F3E6F021
:1042B00005462046F1F334F7014620460C91F1F310
:1042C0002FF784462046CDF834C0F1F329F70B9A36
:1042D0000C99DDF834C0029208F542484A4A05F5C7
:1042E000424500F542400AF5424A09F5424908F5BF
:1042F000A87807F5424706F5424605F5A87501F589
:1043000042410CF5424C00F5A870B8FBF2F8B5FB41
:10431000F2F50CF5A87CB0FBF2F00AF5A87A09F5E5
:10432000A87907F5A87706F5A87601F5A871B1FB7D
:10433000F2F1DFF8F8E0BAFBF2FA02FB1899B7FBEA
:10434000F2F702FB156602FB10C2CDF804E0DFF8BD
:10435000E0E02E4BB2FBFEF2B9FBFEF9B6FBFEF637
:10436000089109922A492B4A2B480093CDF80CB0AA
:10437000CDF810A0CDF8149006970796EFF308F04B
:10438000264840F60D0144F2F432FEF785FC38B1C0
:10439000224840F6290144F2F432FEF77DFC20B9B0
:1043A0001F4A204B1D4D1A6000E00025204605F0F5
:1043B0001BFE44F218334FF6FF72904214BF0246C0
:1043C0001A4640F612011848FEF766FC1649002806
:1043D00018BF00214DB141B1124B28461B685B68E4
:1043E00098472B6928465B6898472046F9F3E6F41E
:1043F0002946FEF71DFE204611B0BDE8F08F00BF34
:10440000501400004C14000040420F007D86020052
:104410003F8602007E86020044860200A85C0100FE
:10442000D45C01008C040000945D0100403901005F
:10443000A0860100084670472DE9F04FD1F8FC3006
:1044400091B00B9303F560630446099371E10E226A
:10445000002320460BA9E8F3DBF50F28074620468A
:1044600002D1E8F373F56CE100220BA91346E8F3DF
:10447000CFF510F00E0F40F061818B4E3A0D3E40AB
:1044800040F23B43360A00F4F8789A4208924FEA29
:10449000181804D140F6FF739E4200F04A8100F4E0
:1044A00078534FEA532B002B00F0438100F4F82A95
:1044B00000F47803DB0C4FEA9A3A13EB0A020793F5
:1044C00025D140F267339E4214D10CAB01930DAB62
:1044D00002930EAB03930FAB049320460BA9134634
:1044E0000092E8F335F5002800F023810C9BC4F816
:1044F00058331EE140F2DC539E4208D040F20B5389
:104500009E4204D040F627039E4240F01281D4F828
:10451000D050314605F1B60344F8237005F1C603C7
:1045200044F823002046FFF785FF04EB8503C3F81A
:10453000D40000270BE0012220460BA91346E8F324
:1045400067F500F00E00022840F0F880013747457B
:10455000F1D10CAB01930DAB02930EAB002703938B
:104560000FAB049320460BA93A463B460097E8F36D
:10457000EFF420B1B94627E04FF0010900E0814691
:10458000402300930CAB01930DAB02930EAB03934E
:1045900000220FAB049320460BA91346E8F3D8F48E
:1045A0000028E9D1B9F1010F0ED00D9B002B40F08E
:1045B000C5800F9B002B40F0C1800E9AB2F5805F42
:1045C00040F0BC809946DBE70C9A04EB8503C3F806
:1045D00014210E9A0127C3F8D4210CAB01930DAB23
:1045E00002930EAB03930FAB0022049320460BA95A
:1045F0003B460092E8F3ACF460B1012F0AD10E9B68
:10460000B3F5805F06D10C9904EB8502C2F89411D2
:10461000C2F8143201370028DFD137464FF00108C5
:104620002E4617E00025002300930CAB01930DAB41
:1046300002930EAB03930FAB049320460BA94246A3
:104640002B46E8F385F408B10135ECE7002D75D071
:1046500008F10108D845E5D135463E4600271FE060
:10466000C02300930CAB01930DAB02930EAB0393ED
:104670000FAB049320460BA93A460023E8F368F4F5
:1046800000285BD00F9B002B58D10E9BB3F5805FA9
:1046900054D127B90C9A05F1A60344F82320013719
:1046A0005745DDD1002739E000FF0F00802300933C
:1046B0000CAB01930DAB02930EAB03930FABBBF1AD
:1046C000010F0CBF3A467A1C0493204600230BA925
:1046D000E8F33EF4089A40F23B439A420DD140F28F
:1046E00035139E4209D1D4F870330C9904EB830240
:1046F0000133C2F87413C4F87033F8B10F9BEBB9EF
:104700000E9BB3F5805F19D1BAF1000F05D127B91F
:104710000C9A05F1A60344F823200137079B9F421A
:10472000C4D1B9F1000F04D1D4F8D0300133C4F8AA
:10473000D0300B9B099A9342FFF489AE0023C4F852
:10474000D03011B0BDE8F08F10B5D0F87023002341
:1047500006E0D0F870134FF44C74C1F800490133EF
:1047600004309342F5D110BD2DE9F84300270446EB
:10477000154699460E46B84609E030460021042207
:10478000EEF3E0F50137C6F80080B04676194F45E4
:10479000F3DBC4F80080BDE8F88370B50D4604462D
:1047A000D8B1D1B10E68C6B1B389CBB9738A03F061
:1047B0000303012B03D1F06908B1F3F3EBF5738A1E
:1047C000201D23F0040373823146EDF361F7238942
:1047D0000020013B2381286070BD6FF0010070BD97
:1047E0006FF00F0070BD2DE9F74F0C9F0191164639
:1047F0009A46DDF834B0BDF838900546002857D009
:104800000F9B002B54D0002952D0002A50D0BBF16E
:10481000000F4DD09BF80030002B49D000F1040868
:104820004046EDF341F70446002844D0B9F1010FAA
:104830000BD157B906FB0AF0F3F39AF5074638B9DE
:1048400040462146EDF324F735E04FF0000800E044
:104850008046002124222046EEF374F5019B0822B5
:10486000A360638A204623F0030349EA030343F06D
:10487000040363825946EEF33DF60023B9F1010FBC
:10488000E3710CD1A4F814A0C4F81C80A66104F153
:104890002000394632465346FFF766FF01E0EB68D9
:1048A00063612B89002001332B810F9B1C6004E086
:1048B0006FF0010001E06FF01A00BDE8FE8F2DE9F6
:1048C000F84307460E461546002A2DD000282BD067
:1048D000002929DD1020F3F34BF5044640B30021F5
:1048E0001022EEF32FF5E760242707FB06F9668117
:1048F0004846F3F33DF5804630B92046F3F34AF5D8
:104900006FF01A00BDE8F88300214A46EEF31AF56D
:10491000204640F8048B41463A463346FFF724FFD1
:104920002C600020BDE8F8836FF00100BDE8F8833B
:104930006FF01A00BDE8F88370B5064660B10468F0
:1049400054B125895DB92068F3F324F52046F3F3CB
:1049500021F53560284670BD6FF0010070BD6FF025
:104960000F0070BDFFF719BF1FB50024019203931C
:104970000A46234600940294FFF735FF04B010BDA9
:10498000FFF70BBF51B1032902D80423136003E0E2
:10499000033121F003011160002070476FF0010026
:1049A00070472DE9F04186B005460C461E46DDF8FD
:1049B0003080174612B31BB1B8F1000F03D11DE0D0
:1049C000B8F1000F1AD12846214605AAFFF7DAFFF1
:1049D000B0B92EB1059B7B4398450FD3B3070DD1DA
:1049E0000D9B28460193012302930E9B21460393BE
:1049F000059A3B460096FFF7F6FE01E06FF00100D6
:104A000006B0BDE8F08110B5044690B1C36823B18B
:104A1000406804F10C01FFF7A5FFA36823B16068AB
:104A200004F10801FFF79EFF2046BDE81040F3F3B4
:104A3000B1B410BD2DE9FF41074610200D461646C2
:104A40009846F3F395F40446F8B100211022EEF3F2
:104A500079F4124A27606560019204F1080200238C
:104A6000029228460C2132460093FFF79AFF034634
:104A700058B90B4A0090019204F10C0202922846A8
:104A80000C214246FFF78DFF18B12046FFF7BBFF10
:104A90000024204604B0BDE8F08100BF90860200EB
:104AA00088860200FFF7AFBF80697047008A400028
:104AB00070470000808ACB69B2FBF0F300FB132241
:104AC000D2B242F000421B0642EA13438B6100233C
:104AD00000E001338869094A002802DA9342F8D1DC
:104AE00006E0934204D0C30005D4C0F34070704781
:104AF0004FF6FF7070474FF6FF7070478096980032
:104B000010B58468002364694B61302CC4BFD1F8B0
:104B1000F43003F47E03C1F8F430BDE81040FFF731
:104B2000C9BF2DE9F041002480460F4616012546F5
:104B300040463946AA19FFF7E3FF4FF6FF73984244
:104B400006D0A84001350443102DA4B2F0D100E0F6
:104B500004462046BDE8F081BF230B80FF2313806D
:104B60007047013906291DD8DFE801F0040A1C1C32
:104B7000101C17002023438240238382802310E0EF
:104B80004023438283824FF480730AE06023438290
:104B9000402383824FF4C07303E0102343824023F9
:104BA000838203820020704701390A2919D8DFE87F
:104BB00001F006080A0C0E181018181813004023EC
:104BC0000CE060230AE0802308E0A02306E0C02375
:104BD00004E04FF4807301E04FF4C073438220235C
:104BE0008382838A428A53431B11038200207047C9
:104BF0006FF01600704770B50446058A8068F8F3B8
:104C000075F400210646A068F9F320F2A268536902
:104C1000222B05DDC36C9B059B0D0733DB08A385A9
:104C200010463146F9F312F2A38D6D00E81A0238EE
:104C300070BD70B5044680680D461646F9F394F0D1
:104C400030B1204629463246BDE87040FFF769BFC3
:104C500006F5806635F8160080B270BDF8B50446DA
:104C6000806816460F46F8F341F400210546A06817
:104C7000F9F3ECF13A4601462046FFF7DAFF294600
:104C80003080A068F9F3E2F10020F8BD01392DE988
:104C9000F84F044691461E460E2971D8DFE801F010
:104CA00008187028707070347070707070703B00ED
:104CB00090F82E20838B0AB1C58C00E0C58BED1ACD
:104CC000A369D9052ED53368AB4233D3A78B36E021
:104CD00090F82E20038C0AB1C58C00E0458CED1AAB
:104CE000A3699A051ED53368AB4223D3278C26E0EF
:104CF00083694FF0020513F4806F13D03368012BE2
:104D000018D9876A02371AE0878CC58C8369ED1B36
:104D100013F4006F05E0878BC58C8369ED1B13F4DA
:104D2000407F04D135606FF01D00BDE8F88F336817
:104D3000AB4204D235606FF00D00BDE8F88FA0687B
:104D4000F8F3D4F300218346A068F9F37FF14FF024
:104D50000008824609E008EB070220465146FFF7AB
:104D600068FF08F1010829F8020BA845F3D1A068F3
:104D70005946F9F36BF1C6F800800020BDE8F88FC2
:104D80006FF00100BDE8F88F73B50023ADF8043073
:104D9000ADF80630836804465B690D46272B05DDB8
:104DA000CB691B051B0D1B11043B06E01B2B06D812
:104DB0004FF492629A4002D50C2383620EE0242BBA
:104DC00001D0272B04D1238A7F2B05D80C2304E0A4
:104DD000172B01D0182B01DD1423A362EB6903F418
:104DE000E023B3F5803F0ED04FF00443AB610023C6
:104DF00000E00133AA69002A2E4A02DA9342F8D170
:104E000057E0934255D02B69A26AA3610332204632
:104E10002946FFF70EFF284BA26900090340134300
:104E2000A36103F440730022B3F5407F84F82E2081
:104E300002D1012384F82E30A36A0DF10602043357
:104E4000A383238A2046E383E38401A9FFF784FE3A
:104E5000BDF80620BDF80430D61AB6B216B1E38309
:104E60006384A284A369DB050AD520462946A26A89
:104E7000FFF7DFFE000980B200B1E083E38B00E0C2
:104E8000A38B2384AEB92046FFF7B5FEA36900EBE0
:104E9000D07040106084980509D5A26A2046294642
:104EA0000132FFF7C6FE00096084A08401E0238C74
:104EB000A3847CBD8096980000FFFF00F8B543698D
:104EC0000546152B01D0162B3CDD2846F8F340F79C
:104ED0000646002836D12846F8F33CF7002833D0A0
:104EE0002846F8F303F3314607462846F9F3AEF0B7
:104EF0000646EAF7FDF86B690446302B04DDF169DC
:104F000001F47041090B03E0A96901F46011C90CB7
:104F100091B1F36903F4E0231B0C012B03D120466C
:104F2000FFF742FE03E013B92046FFF71AFE2046C2
:104F30003146FFF729FF00E00C4628463946F9F3D1
:104F400085F002E0002400E004462046F8BD08B5E4
:104F50004368DB68984708BD08B543681B689847F5
:104F600008BD73B5002604460196EAF7C1F84C2245
:104F700031460546EEF3E6F16369152B2B6001D04F
:104F8000162B02D9EAF7B8F868606B68D3B1AC6049
:104F90002046F8F313F7E8602046F8F3DBF6064600
:104FA00020B92046012101AAF8F30AF76B682046D0
:104FB0001B699847054636B92046314601AAF8F3E1
:104FC000FFF600E01D4628467CBD2DE9F7439946D3
:104FD000002304460F4690460193F8F3BBF60546BE
:104FE00020B92046012101AAF8F3EAF62046F8F399
:104FF000B1F678B12046F8F3ABF658B92046FFF782
:10500000B0FF50B1436839465E6942464B46B047EF
:10501000064604E06FF0180601E04FF0FF3625B9B0
:105020002046294601AAF8F3CBF63046BDE8FE83B8
:1050300082604160016070472DE9F041541A012CF3
:105040000F461E46069D0EDD2046F3F391F1804685
:1050500070B139462246EEF3F1F0C6F80080002028
:105060002C60BDE8F081002018602860BDE8F08168
:105070006FF01A00BDE8F0810EB4F3B58168044604
:10508000012945D908AB4068079A0193EEF3A8F2CD
:10509000431C064603D0A368023B984202DD002071
:1050A000A06036E060683D21EEF3CAF140B3676866
:1050B0002568C71B21E028463A46EEF3ABF0B0B9AD
:1050C000EB5D3D2B13D12846EEF3E8F16268471CF7
:1050D000731CDB1B521BE919D2182846EEF30EF1A4
:1050E0006368DB1B6360A368DF19A76008E02B46D9
:1050F00013F8012B1D46002AFAD161688D42DAD3DC
:10510000A368701C1B1AA36063681B18636000E02F
:105110000020BDE8FC4003B0704700002DE9F04FCF
:10512000BBB01A9019911B921893002B02F01C87A8
:105130004FF48050F3F31CF11290002802F0148712
:1051400037A812994FF48052FFF772FF00214FF4F5
:1051500080521298EEF3F6F0189A1168D9B10B78D4
:10516000CBB1449A1368022B03D814E0013A0260D1
:1051700000E0449802688B1813F8014C1CB913F82E
:10518000023C002BF2D01298EEF358F04499389A72
:105190000B68D318389300238DF89C304FF0FF3202
:1051A0001593139301231192169302F0A8BE199937
:1051B000012251F8046B0023199117921493179947
:1051C00049B1F25C5F1C1092013AD2B2FD2A0FD8AD
:1051D000F55D9F1C0DE0F15C4A1ED2B2FD2A1091D4
:1051E00003D880220D46109200E0179D5F1C00E05E
:1051F00000257B19B3F5607F82F27E86109B202B01
:1052000028D005D8152B0BD01B2B42F0708664E0FC
:105210001099222935D030D3802942F0688667E082
:10522000F3195A78F35D1202D318072B12DDBC1C58
:1052300034192246E14937A8FFF71EFF2046EEF356
:105240002DF1FA1C1218DE4937A8B218FFF714FF27
:1052500002F04DBEF4196278F35D1202D21837A83D
:10526000D849FFF709FFE378A2781B0237A8D6498F
:105270009A18FFF701FF02F03ABEF25D149202F0B5
:1052800036BE149B0C2B02F02D869DF89C30002B13
:1052900042F02D86F35D042B42F0298607F10208C7
:1052A00006EB08042046EEF3B9F6002842F01F860C
:1052B00016F80830DB0702F11A8627A92046EEF31C
:1052C00025F31199013142F01286F3199A79DB79AD
:1052D0001202D318119302F00ABEF319DA799B79FE
:1052E00037A8BA4943EA0222FFF7C6FE02F0FFBD23
:1052F000F35DF4198F2B02F2FA8501A252F823F024
:10530000399301006B930100559401001599010038
:10531000F19A0100D598010053980100719801009D
:105320007B940100199B01008D9B0100B59B01003E
:10533000C99B010057BC01003B9A0100BB980100CA
:10534000F7970100619C0100A19C01004B930100B3
:10535000E19C0100EF9C0100119D01001F9D0100D7
:1053600017930100D992010057BC0100FD94010080
:105370002D9D01001195010057BC010057BC010093
:1053800057BC0100439D0100879D01009B9D0100CA
:10539000BD9E010081A0010057BC010057BC010067
:1053A00025A20100C9920100B9920100A992010051
:1053B0009FA30100B3A30100C7A30100DBA3010069
:1053C00057BC0100E99B0100EF94010057BC0100AC
:1053D00057BC0100ED930100A7A60100EFA3010057
:1053E0006B9D0100799D0100B5A601001DB401006F
:1053F00057BC010057BC010057BC010057BC01005D
:105400001D95010047A4010071A40100B3A401008F
:10541000F1A401002FA501006DA50100ABA50100BD
:10542000E9A50100FDA5010057BC0100C5950100DB
:1054300057BC010057BC010057BC0100D7970100C1
:105440003195010057BC010057BC010057BC010059
:1054500057BC010071B4010057BC01000B9801005A
:105460002BA70100FBA7010051A901003BAA0100E5
:1054700025AB01005FAB0100E7AB010035AC0100DB
:1054800043AD0100CDAE010079AF010025B00100B0
:105490008FB401007B9601003B97010071B00100C1
:1054A000ADB10100B9B20100C5B30100D5B401002E
:1054B000AFB60100E7B4010005B5010023B5010056
:1054C00041B5010053B5010065B5010077B5010094
:1054D00089B50100F3B50100FFB501000BB601006D
:1054E0002FBC010057BC010057BC010057BC010094
:1054F00057BC010057BC010057BC010057BC01005C
:1055000057BC010057BC010011A6010085A601008F
:1055100057BC010057BC010001B7010069B7010089
:10552000EFB7010075B80100A1B90100B3B90100DE
:10553000BFB90100E9B90100E1BA0100D9BB01001E
:105540004FEA950A5FFA8AFA4FF0000801F03CB87A
:105550004FEA55095FFA89F94FF0000801F005B8E4
:105560004FEA55095FFA89F94FF0000800F0EBBFE8
:1055700007F1010806EB08042046EEF34FF500287A
:1055800042F0B58416F80830D80702F1B0842046FE
:1055900027A9EEF3BBF1119B013342F0A884F31964
:1055A0005A799B791202D318119302F0A0BCA37808
:1055B00062781B029A18119202F099BCDE930200E5
:1055C00005890200378F0200748A020043920200AC
:1055D000647837A8A54922461694FFF74DFD02F0DE
:1055E00086BCE37822791B0443EA0263627837A819
:1055F0001343A2789E4943EA0222FFF73DFD02F0E1
:1056000076BCA27863781202D2189A4937A8FFF7BD
:1056100033FD2279E378120237A89749D218FFF7B1
:105620002BFD062D42F26384A2796379120237A81A
:105630009249D218FFF720FD082D42F25884237AB0
:10564000E2791B0237A88E499A18FFF715FD0A2D3B
:1056500042F24D8407F10A0807F1090416F8082000
:10566000335D1202D21837A88649FFF705FD16F8F8
:105670000830325D1B0237A883499A18FFF7FCFCFB
:1056800002F035BC814B0622B5FBF2F21A704FF0E6
:105690000008994624E0434610217D4A1DA8EDF3F9
:1056A000B7F6434610217B4A2FA8EDF3B1F6637895
:1056B000A2781DA943EA022237A8FFF7DDFC63792F
:1056C000A2791B0443EA0263E27837A813432279E4
:1056D0002FA943EA0222FFF7CFFC08F101080634A4
:1056E00099F800309845D6DB02F001BC022D06D1B6
:1056F00037A869496278FFF7BFFC02F0F8BBA378CE
:1057000062781B0237A864499A18FFF7B5FC02F0CB
:10571000EEBBA27863781202042D1A4405D92379CE
:10572000E1781B0609045B181A4337A85B49FFF7A9
:10573000A3FC062D42F2DB83F3199A795979120200
:10574000082D0A4405D9197ADB7909061B04C91802
:105750000A4337A85249FFF78FFC0A2D42F2C7834C
:10576000F3199A7A597A12020C2D0A4405D9197B39
:10577000DB7A09061B04C9180A4337A84949FFF711
:105780007BFC02F0B4BB37A847496278FFF774FC92
:1057900002F0ADBBA37862781B0237A83A499A1889
:1057A000FFF76AFC02F0A3BB01350021EDB21791AF
:1057B00002F09DBBA378627837A83C4942EA0322F5
:1057C000FFF75AFC02F093BB94F803A023794FEA49
:1057D0000A4A4AEA036A6378B5F1050B4AEA030A02
:1057E00048BFA5F1020BA3784FEAAB0B4AEA032AA4
:1057F0005FFA8BFB4FF0000824E043441021244A59
:105800002FA8EDF305F699F8003010214344214A02
:105810001DA8EDF3FDF552462FA937A8FFF72CFC84
:10582000E37822791B0443EA0263627837A81343C2
:10583000A2781DA943EA0222FFF71EFC0AF1040A1E
:1058400008F10108DFF844900434D84599F8003095
:10585000D3DB9B4489F800B002F049BB0B4BEA084C
:105860001A704FF0000899464DE000BF2C940200DA
:1058700034900200628D02005A9402008E8A020067
:105880008D87020088900200FF8F020028610100CE
:10589000003E01000B3E01001F930200D98D020063
:1058A000238A0200348A0200298B0200AF8D020095
:1058B00043461021B14A1DA8EDF3AAF54346102135
:1058C000AF4A2FA8EDF3A4F5E37822791B0443EA4D
:1058D000026362781DA91343A27837A843EA022223
:1058E000FFF7CAFBE379227A1B0443EA0263627979
:1058F00037A81343A2792FA943EA0222FFF7BCFB82
:1059000008F10108083499F800309845D0DB02F01E
:10591000EEBA94F803A023794FEA0A4A4AEA036AE6
:105920006378B5F1050B4AEA030A48BF05F1020B9B
:10593000A3784FEAEB0B4AEA032A5FFA8BFB4FF09E
:1059400000083BE0434410218C4A2FA8EDF360F59A
:1059500099F80030102143448A4A1DA8EDF358F508
:1059600099F8003010214344874A33A8EDF350F5ED
:1059700052462FA937A8FFF77FFBE379227A1B0451
:1059800043EA0263627933A91343A27937A843EA51
:105990000222FFF771FBE37A227B1B0443EA0263D6
:1059A000627A37A81343A27A1DA943EA0222FFF7BD
:1059B00063FB0AF1080A08F101080834DFF8CC910A
:1059C000D84599F80030BDDB9B4489F800B002F05F
:1059D0008EBA6E4B0C22B5FBF2F21A704FF0000833
:1059E00099463EE043461021644A33A8EDF310F592
:1059F00043461021634A1DA8EDF30AF543461021E2
:105A0000614A2FA8EDF304F5E37822791B0443EAF9
:105A10000263627833A91343A27837A843EA0222CB
:105A2000FFF72AFBE379227A1B0443EA02636279D7
:105A30002FA91343A27937A843EA0222FFF71CFBE0
:105A4000E37A227B1B0443EA0263627A37A813439A
:105A5000A27A1DA943EA0222FFF70EFB08F1010812
:105A60000C3499F800309845BCDB02F040BAE3787A
:105A700022791B0443EA0263627837A81343A278B1
:105A8000434943EA0222FFF7F7FA02F030BAA3785B
:105A9000627837A83F4942EA0322FFF7EDFA02F0A5
:105AA00026BA4FF00509B5FBF9F95FFA89F94FF00D
:105AB000000816E063781021374A2FA8EDF3A8F408
:105AC000237962791B0443EA0263A27837A813435F
:105AD000E2782FA943EA0222FFF7CEFA08F1010883
:105AE0000534C845E6DB02F002BA37A82B496278D4
:105AF000FFF7C2FA022D42F2FA8137A82849A278AC
:105B0000FFF7BAFA02F0F3B9002237A82549637803
:105B1000FFF7B2FA022D42F22D82012237A8214965
:105B2000A378FFF7A9FA032D02F02482022237A8F6
:105B30001C49E378FFF7A0FA042D02F0D681032276
:105B400037A818492379FFF797FA0122139202F038
:105B5000CEB9627837A81249FFF78EFA37A81149F3
:105B60000122A378FFF788FA02F0C1B937A80E49DD
:105B70006278FFF781FA02F0BAB900BF003E010077
:105B80000B3E0100163E0100223E0100286101008B
:105B900045870200299002002E3E01006A8A020019
:105BA000319102009C8702005A8B0200AB1E0E2B23
:105BB00002F29D8101A151F823F000BF619901001B
:105BC00057BC010057BC010057BC010057BC010085
:105BD000D9990100A7990100879901006F990100E7
:105BE00057BC010057BC0100D9990100A7990100D9
:105BF000879901006F99010037A8A9496278FFF7DA
:105C00003BFA02F074B937A8A649627AFFF734FA72
:105C10000C2D8CBF4FF009084FF0000801E04FF049
:105C20000008F31937A89E491A7AFFF725FA0C2DB8
:105C300007D9B8F1000F08BF4FF0080801E04FF096
:105C4000000807F10709984916F8092037A8FFF757
:105C500013FA002237A8954916F80930FFF70CFA15
:105C60000C2D07D9B8F1000F08BF4FF0070801E06D
:105C70004FF000084FF00009A27863788C491202B7
:105C8000494437A8D21809F10909FFF7F5F9023498
:105C9000B9F11B0FF0D10C2D42F22981B8F1000FA0
:105CA00008BF4FF00608834CB844B04404F12409FF
:105CB00098F8022098F801301202214637A8D2182D
:105CC0000C34FFF7D9F94C4508F10208F0D102F085
:105CD0000EB9142D19D0172D03D0132D42F00781C2
:105CE00019E006EB0708744998F8162037A8FFF763
:105CF000C3F9724998F8152037A8FFF7BDF937A8FE
:105D00006F4998F81420FFF7B7F9F31937A86D49D0
:105D1000DA7CFFF7B1F9A946A2464FF00008254604
:105D2000AA786B7868491202414437A8D21808F162
:105D30000908FFF7A1F90235B8F11B0FF0D14D4664
:105D40004FF00008227AE37960491202414437A8F3
:105D5000D21808F10B08FFF78FF90234B8F1210FC0
:105D6000F0D100249AF80E209AF80D30584912020A
:105D7000091937A8D2180B34FFF77EF9212C0AF144
:105D8000020AEFD102F0B3B8E1786278A37800910B
:105D9000217937A8019161790291A1790391E17983
:105DA0000491217A05914B49FFF766F902F09FB8FB
:105DB000A9464FF00008254615F8013FFF2B04D0F7
:105DC00037A845494246FFF757F908F10108B8F1ED
:105DD000040FF1D1B9F10C0F4D4642F2888004EB6B
:105DE00008035B78FF2B04D037A83B494246FFF7F6
:105DF00043F908F10108B8F10C0FF0D1102D42F26F
:105E0000768004EB08035B78FF2B04D037A8324977
:105E10004246FFF731F908F10108B8F1100FF0D14F
:105E200002F065B8627837A80AB1A3781BB92B498C
:105E3000FFF722F902E02A49FFF71EF9F31937A804
:105E40002849DA78FFF718F902F051B8A378627898
:105E500037A8254942EA0322FFF70EF902F047B8B6
:105E6000E37822791B0443EA0263627837A813437C
:105E7000A2781E4943EA0222FFF7FEF802F037B883
:105E800037A81B496278FFF7F7F8022D42F22F80FE
:105E900037A81849A278FFF7EFF802F028B800BF3A
:105EA000368E0200D38E02009B9302004A890200C4
:105EB000D38B0200B38F0200BD8D0200E69002007A
:105EC000E7860200C68B0200E98D02009690020070
:105ED000B7860200A6870200458A020039920200B6
:105EE00084950200A78C02003C8D0200CB87020043
:105EF000A7940200E89402007C1C325D37A8764922
:105F000002F00F02FFF7B8F8325D37A81209BC1C87
:105F10007249FFF7B1F8325D37A8714902F0070204
:105F2000FFF7AAF8325D37A8D2086E4902F00302E3
:105F3000FFF7A2F801F0DBBF7C1C325D37A86A498D
:105F400002F00F02FFF798F8325D37A81209BC1C67
:105F50006649FFF791F8325D37A8654902F00702FC
:105F6000FFF78AF8325D37A8D208624902F00302CF
:105F7000FFF782F801F0BBBF37A85F496278FFF7EF
:105F80007BF801F0B4BF627837A85C49FFF774F87A
:105F9000A27837A85A49FFF76FF837A85949E2782D
:105FA000FFF76AF801F0A3BF37A857496278FFF7F7
:105FB00063F801F09CBF37A854496278FFF75CF89A
:105FC00001F095BFA2786378120637A8504942EADB
:105FD0000322FFF751F801F08ABF627837A84D49D4
:105FE000FFF74AF8A27837A84B49FFF745F823791D
:105FF000E2781B0237A849499A18FFF73DF801F0EB
:1060000076BF37A846496278FFF736F801F06FBFD0
:1060100037A844496278FFF72FF801F068BFA378EA
:1060200062781B0237A840499A18FFF725F801F05B
:106030005EBF94F8028063784FEA082898441FFAFC
:1060400088F83A494FEAD82237A8FFF715F808F43C
:10605000E062120A364937A8FFF70EF808F0F80296
:10606000D208344937A8FFF707F808F006025208AB
:10607000314937A8FFF700F837A8304908F0010286
:10608000FEF7FAFF042D41F232872379E4781B02F0
:106090001C19A4B2E20A37A82949FEF7EDFF04F45F
:1060A000E062120A37A82749FEF7E6FF04F0F8027B
:1060B000D20837A82449FEF7DFFF04F00602520891
:1060C00037A82249FEF7D8FF37A8214904F001027A
:1060D000FEF7D2FF01F00BBFF487020042880200F6
:1060E000C68E020039880200BF9402003887020081
:1060F000558C0200438E020093920200E693020048
:10610000478D0200D4930200B7930200E78E02008D
:10611000AC8E0200048E0200CC8D02000E900200B4
:10612000438F0200F29402009B8C0200F58802006B
:10613000CC9402006D870200E4880200D99402002A
:1061400076920200888B0200E3890200F18E020041
:10615000A893020000226378674937A8FEF78CFFF6
:106160004FF000086549A27837A8FEF785FFCDF803
:1061700000802279E3781202D31801930222604949
:10618000434637A8FEF778FFCDF80080A2796379FF
:106190001202D318019302220123594937A8FEF7AE
:1061A0006BFFCDF80080227AE3791202D318022225
:1061B000019337A852491346FEF75EFF1E2D41F2A8
:1061C0009686627A37A84F49FEF756FFA27A37A81B
:1061D0004D49FEF751FFE27A37A84C49FEF74CFFD4
:1061E000227B37A84A49FEF747FFCDF80080A27B03
:1061F000637B1202D31801930522434637A8404916
:10620000FEF73AFFCDF80080227CE37B1202D31820
:1062100001930522012337A83949FEF72DFFCDF858
:106220000080A27C637C1202D31801930522022312
:1062300037A83349FEF720FFCDF80080CDF8048061
:10624000227DE37C1202D318029305226C234FF0C7
:10625000010937A82F49FEF70FFFCDF80090CDF8C0
:106260000480A27D637D1202D318029305226C2361
:106270004FF0020A37A82749FEF7FEFECDF800A02E
:10628000CDF80480227EE37D1202D318029305220A
:106290006C2337A81F49FEF7EFFECDF80080CDF83C
:1062A0000480A27E637E1202D31802930522682323
:1062B00037A81849FEF7E0FECDF80090CDF804802D
:1062C000227FE37E1202D3180293052237A86823A7
:1062D0001049FEF7D1FECDF800A0CDF80480A37FD1
:1062E000627F1B029B18029337A80A490522682384
:1062F000FEF7C2FE01F0FBBD4A8902002C880200B5
:10630000A6860200E4910200C292020040900200C0
:106310007B94020026920200012263789C4937A8F0
:10632000FEF7AAFE4FF001089A49A27837A8FEF7B7
:10633000A3FECDF800802279E3781202D3180193EE
:1063400002220023944937A8FEF796FECDF800807C
:10635000A27963791202D318019302228E4943462F
:1063600037A8FEF789FECDF80080227AE379120281
:10637000D3180222019337A887491346FEF77CFE03
:106380001E2D41F2B485627A37A88449FEF774FE67
:10639000A27A37A88249FEF76FFEE27A37A88149D0
:1063A000FEF76AFE227B37A87F49FEF765FECDF82F
:1063B0000080A27B637B1202D31801930522002385
:1063C00037A87549FEF758FECDF80080227CE37BA4
:1063D0001202D31801930522434637A86E49FEF7EF
:1063E0004BFECDF80080A27C637C1202D31801938F
:1063F000052202234FF0000937A86749FEF73CFE4B
:10640000CDF80090CDF80480227DE37C1202D318F1
:10641000029305226C2337A86449FEF72DFECDF8C0
:106420000080CDF80480A27D637D1202D318029310
:1064300005226C234FF0020A37A85C49FEF71CFEC8
:10644000CDF800A0CDF80480227EE37D1202D3189F
:10645000029305226C2337A85449FEF70DFECDF8B0
:106460000090CDF80480A27E637E1202D3180293BE
:106470000522682337A84D49FEF7FEFDCDF80080C0
:10648000CDF80480227FE37E1202D3180293052206
:1064900037A868234549FEF7EFFDCDF800A0CDF8F9
:1064A0000480A37F627F1B029B18029337A83F4999
:1064B00005226823FEF7E0FD01F019BDA27863789C
:1064C0001202D2183A4937A8FEF7D6FDA2796379AD
:1064D00012061B04D218237937A81B02D218E378BE
:1064E0003449D218FEF7C8FD122D41F20085A27A78
:1064F000637A12061B04D218237A37A81B02D2181B
:10650000E3792D49D218FEF7B7FDA27B637B120613
:106510001B04D218237B37A81B02D218E37A274921
:10652000D218FEF7A9FDA27C637C12061B04D318C7
:10653000227C37A812029B18E27B21499A18FEF7A9
:106540009BFD01F0D4BCA27863781202D3180093AB
:106550000222434637A81B4908F10108FEF78CFDCB
:106560000234C845EFDD01F0C2BCA27863781202A4
:10657000D31800930522434637A8124908F10108B1
:10658000FEF77AFD0234C845EFDD01F0B0BC00BF74
:106590004A890200DA8E0200A6860200F291020009
:1065A000CF9202004B9402008A94020026920200CD
:1065B0008692020098860200169102008C930200D7
:1065C000028F0200138A0200CDF80080A27863785F
:1065D0001202D318019305226C2337A8BB4908F196
:1065E0000108FEF749FD0234D045EDDD4FEA5509BB
:1065F0005FFA89F909F1010B09F10209B944BB44B9
:1066000006EB09044FF00008CDF800802278C9EBB2
:10661000040313F80B301202D318019305226823E8
:1066200037A8AA4908F10108FEF726FD0234D04533
:10663000EADD01F05CBCA37862781B0237A8A449AC
:106640009A18FEF719FD01F052BCA37862781B027C
:1066500037A8A0499A18FEF70FFD01F048BCA378AF
:1066600062781B0237A89C499A18FEF705FD01F0D5
:106670003EBCA37862781B0237A898499A18FEF7A7
:10668000FBFC01F034BC2279E37812061B04D2181B
:10669000A37837A81B02D21863789149D218FEF765
:1066A000EBFC227AE37912061B04D218A37937A8EF
:1066B0001B02D21863798B49D218FEF7DDFC227BCE
:1066C000E37A12061B04D318A27A37A812029B1889
:1066D000627A85499A18FEF7CFFC01F008BCA278CF
:1066E0006378120237A88149D218FEF7C5FC042D41
:1066F00041F2FD832379E2781B0237A87C499A187E
:10670000FEF7BAFC01F0F3BB2279E37812061B0412
:10671000D218A37837A81B02D21863787549D2180B
:10672000FEF7AAFC062D41F2E283227AE3791206F3
:106730001B04D318A27937A812029B1862796E49FC
:106740009A18FEF799FC01F0D2BBDFF8BC914FF02C
:106750000108A84581F2CB832279E37812061B0455
:10676000D218A37849461B02D218637837A8D218EA
:1067700008F10408FEF780FC0434B8F1190F09F1A0
:106780001809E6D101F0B3BBDFF880914FF00108A2
:10679000A84581F2AC832279E37812061B04D21853
:1067A000A37849461B02D218637837A8D21808F19B
:1067B0000408FEF761FC0434B8F10D0F09F1130968
:1067C000E6D101F094BBDFF848914FF00108A845ED
:1067D00081F28D832279E37812061B04D218A37804
:1067E00049461B02D218637837A8D21808F104086A
:1067F000FEF742FC0434B8F10D0F09F11409E6D19B
:1068000001F075BBDFF80C914FF00108A84581F24B
:106810006E832279E37812061B04D218A3784946C6
:106820001B02D218637837A8D21808F10408FEF7C3
:1068300023FC0434B8F10D0F09F11409E6D101F07D
:1068400056BBDFF8D4904FF00108A84581F24F8382
:106850002279E37812061B04D218A37849461B025A
:10686000D218637837A8D21808F10408FEF704FCA0
:106870000434B8F10D0F09F11409E6D101F037BB6A
:10688000A37862781B0237A81C499A18FEF7F4FB1C
:1068900001F02DBBA37862781B0237A818499A181B
:1068A000FEF7EAFB01F023BB2279E37812061B0412
:1068B000D318A278647812029B1837A811490122D4
:1068C0001B19FEF7D9FB01F012BB00BF00920200BA
:1068D000F48F0200B79002008089020059890200FB
:1068E000169102008C930200028F02009C9202001B
:1068F000AF920200A9910200C0910200B98E02007D
:10690000379402003B910200998A0200628C0200D7
:106910009788020048950200F09302002279E378FC
:1069200012061B04D318A278647812029B1837A8A9
:10693000974902221B19FEF79FFB01F0D8BA37A82E
:1069400094496278FEF798FB01F0D1BA92496278D7
:1069500007F1020837A8FEF78FFB16F808208F49C9
:10696000120937A8FEF788FB16F8082037A88C49CB
:1069700002F00F02FEF780FB032D41F2B882E278AD
:1069800037A88849FEF778FB07F10508227937A870
:106990008549FEF771FB16F8082037A8920883494D
:1069A000FEF76AFB16F8082037A8814902F00302B7
:1069B000FEF762FB37A87F49A279FEF75DFB01F085
:1069C00096BA94F8028063784FEA082898441FFA30
:1069D00088F84FEAD82237A87749FEF74DFB08F42C
:1069E000806302229B0A37A87449FEF745FB08F42E
:1069F000007302225B0A37A87149FEF73DFB08F4D9
:106A0000F87302221B0937A86E49FEF735FB08F020
:106A10000E0302225B0837A86B49FEF72DFB02220A
:106A200008F0010337A86949FEF726FB2379E478CB
:106A30001B021C19A4B2E20A37A86549FEF71CFB29
:106A400004F4806305229B0A37A85C49FEF714FB17
:106A500004F4007305225B0A37A85949FEF70CFBC2
:106A600004F4F87305221B0937A85649FEF704FB06
:106A700004F00E0305225B0837A85349FEF7FCFA21
:106A800037A85249052204F00103FEF7F5FA01F098
:106A90002EBAA27863781202D21837A84D49FEF7B1
:106AA000EBFA94F804E0E3784FEA0E2E00227344E8
:106AB00037A84949FEF7E0FA217AE27909028A18F3
:106AC00094F806E063790092A17A627A09024FEAAB
:106AD0000E2E8A187344019237A800223F49FEF710
:106AE000CBFA227BE37A0092627B37A80192A27BE9
:106AF0003B4902920022FEF7BFFAA17C627C0902A8
:106B00008A1894F810E0E37B0092217DE27C090270
:106B10008A180192A17D627D09028A180292217E63
:106B2000E27D09028A180392A17E627E09028A1818
:106B30000492217FE27E09028A180592A17F627F7A
:106B400009028A18069294F82010E27F09028A1836
:106B5000079294F8221094F8212009028A180892CA
:106B600094F8241094F8232009028A18099294F8C2
:106B7000262094F82510120252184FEA0E2E0A927F
:106B800037A8184900227344FEF776FA01F0AFB92E
:106B90003B910200508D0200808A0200328B02007D
:106BA000FF890200D7870200958B0200099102003D
:106BB00087910200129202006E8D02009B910200EA
:106BC000118F0200D791020099940200C193020034
:106BD000D8860200458C02004A8902002187020003
:106BE000A88B0200EE8B020094F802E063784FEA73
:106BF0000E2E0122734437A8AA49FEF73DFAA17967
:106C0000627909028A1894F804E0E3780092217A04
:106C1000E27909024FEA0E2E8A187344019237A8CE
:106C20000122A149FEF728FAA27A637A0092E27A59
:106C300037A80192227B9D4902920122FEF71CFA9D
:106C4000217CE27B09028A1894F80EE0637B0092B3
:106C5000A17C627C09028A180192217DE27C0902F2
:106C60008A180292A17D627D09028A180392217E10
:106C7000E27D09028A180492A17E627E09028A18C6
:106C80000592217FE27E09028A180692A17F627F27
:106C900009028A18079294F82010E27F09028A18E4
:106CA000089294F8221094F8212009028A18099277
:106CB00094F8242094F82310120252184FEA0E2E52
:106CC0000A9237A87A4901227344FEF7D5F901F0F8
:106CD0000EB994F802E063784FEA0E2E0222734454
:106CE00037A87049FEF7C8F9A179627909028A18B4
:106CF00094F804E0E3780092217AE27909024FEAFD
:106D00000E2E8A187344019237A802226649FEF7B4
:106D1000B3F9A27A637A0092E27A37A80192227BD1
:106D2000624902920222FEF7A7F9217CE27B090266
:106D30008A1894F80EE0637B0092A17C627C0902C1
:106D40008A180192217DE27C09028A180292A17DB3
:106D5000627D09028A180392217EE27D09028A1867
:106D60000492A17E627E09028A180592217FE27E4A
:106D700009028A180692A17F627F09028A18079287
:106D800094F82010E27F09028A18089294F82210E1
:106D900094F8212009028A18099294F8242094F882
:106DA0002310120252184FEA0E2E0A9237A84049B9
:106DB00002227344FEF760F901F099B8627837A8AF
:106DC0003C49FEF759F90122A37837A83A49FEF762
:106DD00053F90222E37837A83749FEF74DF9637972
:106DE000227903F001031B0237A834499A18FEF7F1
:106DF00043F901F07CB8A27863781202D3180093AB
:106E00002822002337A82E49FEF736F92279E378A5
:106E10001202D31800932822012337A82849FEF72D
:106E20002BF9A27963791202D31800932822022346
:106E300037A82349FEF720F9227AE3791202D31802
:106E400000935022002337A81D49FEF715F9A27AB6
:106E5000637A1202D31800935022012337A81849ED
:106E6000FEF70AF9237BE27A1B029B18009337A8EE
:106E7000134950220223FEF7FFF801F038B8A27838
:106E800063781202D21837A80E49FEF7F5F8237975
:106E9000E2781B0237A80C499A18FEF7EDF801F0CA
:106EA00026B800BF4A89020021870200A88B020091
:106EB000EE8B0200E5870200F48602002D930200AB
:106EC000F5900200118802005292020094F804E04A
:106ED000E3784FEA0E6E1B049E44A3786C221B02DB
:106EE0009E44637837A873449749FEF7C5F894F831
:106EF00008E0E3794FEA0E6E1B049E44A3796C22EE
:106F00001B029E44637937A873449049FEF7B4F896
:106F100094F80CE0E37A4FEA0E6E1B049E44A37AC9
:106F20006D221B029E44637A37A873448649FEF79C
:106F3000A3F894F810E0E37B4FEA0E6E1B049E4426
:106F4000A37B6D221B029E44637B37A873447F4959
:106F5000FEF792F894F814E0E37C4FEA0E6E1B04FF
:106F60009E44A37C68221B029E44637C37A8734422
:106F70007549FEF781F894F818E0E37D4FEA0E6E4C
:106F80001B049E44A37D68221B029E44637D37A898
:106F900073446E49FEF770F894F81AE0637E4FEA86
:106FA0000E2E6C22734437A86949FEF765F894F8F1
:106FB0001CE0E37E4FEA0E2E6D22734437A864492D
:106FC000FEF75AF8A37F647F1B0237A86049682246
:106FD0001B19FEF751F800F08ABF94F802E06378BD
:106FE0004FEA0E2E7344682237A85A49FEF744F838
:106FF0002279E3781202D318009368226C2337A811
:107000005549FEF739F8A27963791202D318009333
:1070100068226C2337A85149FEF72EF8227AE379CB
:107020001202D318009368226D2337A84A49FEF74D
:1070300023F8A27A637A1202D318009368226D2390
:1070400037A84649FEF718F8227BE37A1202D318D4
:107050006822009337A813463F49FEF70DF8A27B3C
:10706000637B1202D3186822009337A813463B496A
:10707000FEF702F894F810E0E37B4FEA0E2E73441B
:107080006C2237A83349FDF7F7FFA27C637C12021C
:10709000D3186C22009337A813462F49FDF7ECFF55
:1070A000227DE37C1202D3186C22009337A813468A
:1070B0002A49FDF7E1FFA27D637D1202D3180093F8
:1070C0006C2207F118086D2337A82349FDF7D4FF78
:1070D00016F80820E37D1202D31800936C226D236A
:1070E00007F11A0937A81D49FDF7C6FF16F8092050
:1070F000637E1202D31800936C22682337A81649C6
:10710000FDF7BAFF227FE37E1202D31800936C22B0
:10711000682337A81149FDF7AFFFA37F16F808E0F1
:107120001B026822734437A80D49FDF7A5FF94F8A8
:10713000203016F809401B0237A809496C221B1998
:10714000FDF79AFF00F0D3BE328C02008F9502004B
:10715000DC920200248F0200D78F0200428B0200D3
:10716000688B02006378002237A8AA4903F01F0346
:10717000FDF782FFA378012237A8A64903F01F0379
:10718000FDF77AFFE378022237A8A24903F01F0334
:10719000FDF772FF6279237902F01F020092A27953
:1071A00037A802F01F020192E2799B4902F01F0208
:1071B000029203F01F030022FDF75EFF627A237A3A
:1071C00002F01F020092A27A37A802F01F02019279
:1071D000E27A914902F01F02029203F01F0301229A
:1071E000FDF74AFF627B237B02F01F020092A27B25
:1071F00037A802F01F020192E27B874902F01F02CA
:10720000029203F01F030222FDF736FF00F06FBE6B
:107210006378002237A8814903F03F03FDF72CFF74
:10722000A378012237A87D4903F01F03FDF724FF4F
:10723000E378022237A8794903F01F03FDF71CFF0A
:107240006279237902F03F020092A27937A802F016
:107250003F020192E279724902F03F02029203F08A
:107260003F030022FDF708FF627A237A02F01F0233
:107270000092A27A37A802F01F020192E27A6849CE
:1072800002F01F02029203F01F030122FDF7F4FE39
:10729000627B237B02F01F020092A27B37A802F0E0
:1072A0001F020192E27B5E4902F01F02029203F08C
:1072B0001F030222FDF7E0FE00F019BE00226378F2
:1072C00037A85849FDF7D8FE0122A37837A85549B9
:1072D000FDF7D2FE0222E37837A85249FDF7CCFE33
:1072E0000022237937A85049FDF7C6FE01226379B1
:1072F00037A84D49FDF7C0FE37A84B490222A379B4
:10730000FDF7BAFE00F0F3BD94F8028063784FEA0F
:10731000082898441FFA88F84FEAD83300930522CA
:10732000002337A84149FDF7A7FE08F4F043DB121C
:1073300000930522002337A83D49FDF79DFE08F480
:10734000E0631B1200930522002337A83949FDF79B
:1073500093FE08F08003DB1100930222002337A87C
:107360003249FDF789FE08F07803DB100093022212
:10737000002337A82E49FDF77FFE08F0070300938E
:107380000222002337A82B49FDF776FE2379E47803
:107390001B021C19A4B24FF000084FEAD439052291
:1073A000682337A8244904F4F04A4FEAEA2A8DE812
:1073B000000304F4E064FDF75FFE0522682337A8AC
:1073C0001E4924128DE80005FDF756FE682337A8F4
:1073D0001B490522CDF800800194FDF74DFE0522E2
:1073E00037A86D2314498DE80003FDF745FE0522FB
:1073F0006D2337A811498DE80005FDF73DFE37A83C
:107400000F4905226D23CDF800800194FDF734FE6D
:1074100000F06DBDB18C0200668902003289020065
:10742000C39002004C8E02007D8B02000593020087
:10743000659402004F90020005870200528A020004
:10744000118E020094F8028063784FEA082898446D
:107450001FFA88F84FEAD83300930522012337A892
:10746000B549FDF709FE08F4F043DB12009305224D
:10747000012337A8B149FDF7FFFD08F4E0631B12B3
:1074800000930522012337A8AD49FDF7F5FD08F06B
:107490008003DB1100930222012337A8A649FDF7E0
:1074A000EBFD08F07803DB1000930222012337A8DC
:1074B000A249FDF7E1FD08F0070300930222012332
:1074C00037A89F49FDF7D8FD2379E4781B021C19E2
:1074D000A4B24FF001084FEAD4390522682337A837
:1074E000984904F4F04A4FEAEA2A8DE8000304F4CC
:1074F000E064FDF7C1FD0522682337A892492412F4
:107500008DE80005FDF7B8FD682337A88F490522EF
:10751000CDF800800194FDF7AFFD052237A86D235B
:1075200088498DE80003FDF7A7FD05226D2337A8E4
:1075300085498DE80005FDF79FFD37A883490522A1
:107540006D23CDF800800194FDF796FD00F0CFBCCF
:1075500094F8028063784FEA082898441FFA88F864
:107560004FEAD83300930522022337A87249FDF76A
:1075700083FD08F4F043DB1200930522022337A8B1
:107580006E49FDF779FD08F4E0631B1200930522B4
:10759000022337A86A49FDF76FFD08F08003022235
:1075A000DB11009337A813466349FDF765FD08F02A
:1075B00078030222DB10009337A813465F49FDF7DA
:1075C0005BFD022208F00703009337A813465C49CD
:1075D000FDF752FD2379E4781B021C19A4B24FF089
:1075E00002084FEAD4390522682337A8554904F424
:1075F000F04A4FEAEA2A8DE8000304F4E064FDF75C
:107600003BFD0522682337A84F4924128DE8000569
:10761000FDF732FD0522682337A84C49CDF80080DC
:107620000194FDF729FD6D2337A8464905228DE811
:107630000003FDF721FD052237A86D2342498DE89F
:107640000005FDF719FD37A8404905226D23CDF847
:1076500000800194FDF710FD00F049BC94F802E0B1
:1076600063784FEA0E2E2822734437A83849FDF775
:1076700003FD94F804E0E3784FEA0E2E28227344C9
:1076800037A83449FDF7F8FC94F806E063794FEA2F
:107690000E2E5022734437A82D49FDF7EDFC237AB6
:1076A000E4791B0237A82B4950221B19FDF7E4FC93
:1076B00000F01DBCA27863780092E2782521019247
:1076C00022791DA8029262790392A2790492E2794A
:1076D0000592227A0692627A0792A27A0892E27A58
:1076E0000992227B0A92627B0B92A27B0C92E27B34
:1076F0000D92227C0E92184AEBF38AF637A81749AE
:107700001DAAFDF7B9FCF2E37C1C325D37A81449D1
:1077100002F07F02FDF7B0FC325D37A81149D209B3
:10772000FDF7AAFCE3E3A378627837A80E4942EAA2
:107730000322FDF7A1FCDAE3059302006594020041
:107740004F90020005870200528A0200118E02004B
:107750004C910200148902003A3E01006891020037
:10776000B29402006692020070910200A3786278DF
:1077700037A8944942EA0322FDF77EFCB7E3E37899
:1077800022791B0443EA0263627837A81343A27884
:107790008D4943EA0222FDF76FFCA8E3E3782279E2
:1077A0001B0443EA0263627837A81343A27887492F
:1077B00043EA0222FDF760FC99E3E37822791B0497
:1077C00043EA0263627837A81343A278804943EA08
:1077D0000222FDF751FC8AE3A378627837A87D493D
:1077E00042EA0322FDF748FC81E3A378627837A8D8
:1077F000794942EA0322FDF73FFC78E3A3786278F7
:1078000037A8764942EA0322FDF736FC6FE3A378F6
:10781000627837A8724942EA0322FDF72DFC66E33D
:1078200094F801905FEA990900F061834FF0000835
:10783000A179E279090294F803E041EA0241627910
:1078400023790A434FEA0E2E4EEA034EA3780092A4
:10785000617AA27A090241EA0241227A37A80A43F0
:107860000192217B627B090241EA0241E27A4EEAFF
:1078700003030A4302925B49424608F10108FDF7FF
:10788000FBFB0C34C845D3DB31E337A8564962789B
:10789000FDF7F2FB2BE337A854496278FDF7ECFBC8
:1078A00025E3227AE17923791143A27994F803E060
:1078B000114362794EEA030EA3780A434EEA030E9F
:1078C00063780092227BE17A4EEA03031143A27AA5
:1078D00037A81143627A0A430192227CE17B11436B
:1078E000A27B1143627B0A43029241490022FDF7C9
:1078F000C3FB227EE17D237D1143A27D94F813E03A
:107900001143627D4EEA030EA37C0A434EEA030E46
:10791000637C0092227FE17E37A81143A27E4EEA6B
:1079200003031143627E0A43019294F82020E17F11
:107930001143A27F0A43617F0A4302922C4901222C
:10794000FDF79AFBD3E2A37864781B021C19A4B25A
:1079500004F00F0300932822002337A82549FDF7E0
:107960008BFB04F0F0031B1100932822012337A89E
:107970002049FDF781FB04F470631B120093282259
:10798000022337A81B49FDF777FB37A81A4928229D
:10799000E30BFDF771FBAAE22179E27809028A186C
:1079A00094F802E063780092A27961791202521889
:1079B0004FEA0E2E019237A8104900227344FDF7BA
:1079C0005BFB94E2D38802003F93020057930200CE
:1079D0006F930200588E02006D8E0200828E0200AC
:1079E000978E02006890020024910200D489020060
:1079F000798D0200998D0200ED92020053870200FA
:107A00002179E27809028A1894F802E063780092FA
:107A1000A179627909028A180192217AE279090230
:107A20008A180292A17A627A09028A180392217B4B
:107A3000E27A09028A180492A17B627B09028A1801
:107A40000592217CE27B09028A180692A17C627C65
:107A500009028A180792217DE27C09028A1808929D
:107A6000A17D627D09028A180992227EE17D1202BF
:107A700052184FEA0E2E0A9237A87B49002273440F
:107A8000FDF7FAFA33E22179E27809028A1894F8CC
:107A900002E063780092A179627909028A18019262
:107AA000217AE27909028A180292A17A627A09029D
:107AB0008A180392217BE27A09028A180492A17B38
:107AC000627B09028A180592217CE27B09028A18EE
:107AD0000692A17C627C09028A180792217DE27CD1
:107AE00009028A180892A17D627D09028A1809920A
:107AF000227EE17D120252184FEA0E2E0A9237A81A
:107B00005A4900227344FDF7B7FAF0E12179E2788F
:107B100009028A1894F802E063780092A1796279E8
:107B200009028A180192217AE27909028A180292DE
:107B3000A17A627A09028A180392217BE27A090209
:107B40008A180492A17B627B09028A180592217C23
:107B5000E27B09028A180692A17C627C09028A18DB
:107B60000792217DE27C09028A180892A17D627D3C
:107B700009028A180992217EE27D09024FEA0E2E3F
:107B80008A180A927344002237A83949FDF774FA1B
:107B9000217FE27E09028A1894F81AE0637E00923F
:107BA000A17F627F09028A18019294F82010E27F77
:107BB00009028A18029294F8221094F821200902EE
:107BC0008A18039294F8241094F8232009028A1842
:107BD000049294F8261094F8252009028A18059238
:107BE00094F8281094F8272009028A18069294F82D
:107BF0002A1094F8292009028A18079294F82C1068
:107C000094F82B2009028A18089294F82E1094F800
:107C10002D2009028A18099294F8302094F82F1028
:107C2000120252184FEA0E2E0A9237A8104901226A
:107C30007344FDF721FA5AE1A37862781B0237A852
:107C40000C499A18FDF718FA51E137A80A496278E9
:107C5000FDF712FA4BE1A378627837A8074942EAA8
:107C60000322FDF709FA42E14F8802008C890200E5
:107C7000FE940200458C0200018802007E8702000B
:107C8000E2782379120442EA03626378217A1A4384
:107C9000E379207B1B0443EA0163617994F802C015
:107CA0000B43E17A94F806E0090441EA0061607A46
:107CB00042EA0C220143A07A43EA0E2341EA002162
:107CC0000091E17B207C090441EA0061607B014373
:107CD000A07B41EA00210191E17C207D090441EA79
:107CE0000061607C0143A07C41EA00210291E17DBA
:107CF000207E090441EA0061607D0143A07D41EAE4
:107D000000210391E17E207F090441EA0061607E49
:107D10000143A07E41EA00210491E17F94F8200014
:107D2000090441EA0061607F0143A07F41EA00212C
:107D3000059194F8231094F82400090441EA0061A5
:107D400094F82100014394F8220041EA00210691B1
:107D500094F8270094F82810000440EA016094F891
:107D60002510014394F8260041EA0021079137A825
:107D70008249FDF781F9BAE0E2782379120442EAF8
:107D800003626378217A1A43E379207B1B0443EA78
:107D90000163617994F802C00B43E17A94F806E03C
:107DA000090441EA0061607A42EA0C220143A07AA8
:107DB00043EA0E2341EA00210091E17B207C090483
:107DC00041EA0061607B0143A07B41EA002101910F
:107DD000E17C207D090441EA0061607C0143A07CD4
:107DE00041EA00210291E17D207E090441EA00611F
:107DF000607D0143A07D41EA00210391E17E207F67
:107E0000090441EA0061607E0143A07E41EA00214D
:107E10000491E17F94F82000090441EA0061607F49
:107E20000143A07F41EA0021059194F8231094F8C2
:107E30002400090441EA006194F82100014394F808
:107E4000220041EA0021069194F8270094F82810B6
:107E5000000440EA016094F82510014394F82600DC
:107E600041EA0021079137A84549FDF705F93EE0B1
:107E70000B2D3CD1A37862781B02D21837A8414958
:107E8000FDF7FAF82379E2781B02D21837A83E49A9
:107E9000FDF7F2F8A37962791B02D21837A83B49A3
:107EA000FDF7EAF8237AE2791B02D21837A838499D
:107EB000FDF7E2F8A27A637A120237A835499A18D8
:107EC000FDF7DAF813E0E37822791B0443EA026352
:107ED000627837A81343A2782F4943EA0222FDF7BC
:107EE000CBF804E00022149201E0012313931099CF
:107EF0007B19FF297DF463A9159A01321592159B10
:107F00001B998B427DF453A9119A511C03D037A8B9
:107F10002249FDF7B1F89DF89C3023B137A82049DC
:107F200027AAFDF7A9F8169B0A2B0CD800201D499B
:107F3000ECF3A4F038B9139929B937A81A49139A60
:107F4000FF23FDF799F8389A002302F8013B449B80
:107F50001A9800931299189B3892FDF76DF8044611
:107F60001298F0F317F201E06FF0010420463BB0E5
:107F7000BDE8F08F01211391B9E700BFC28C020068
:107F8000FF8C02004F8F0200638F0200778F020088
:107F90008B8F02009F8F02002C8E02001D9002002A
:107FA000F4890200468902009C8702002DE9F04F07
:107FB0008DB0059205468A4606A8002114229846EF
:107FC0000B91EBF3BFF1594B1C78002C40F0A380D0
:107FD0006B69232B0CDD1C22284621462346009486
:107FE000F5F388F2002806DA01260227B14605E0FB
:107FF0000427012601E00C270326A1462846F5F3B5
:108000000BF20128834602D0022813D105E028464E
:108010005146EBF3CBF040000BE02846FCF7A1FF04
:10802000044638B1FCF793FFC20503D52046FCF7A0
:1080300093FF0B900B9800284ED0F0F399F1044673
:1080400000286ED0BBF1010F03D0BBF1020F1BD192
:108050000BE00B9B002101930290059A28465346A2
:1080600000910391EBF3A0F00CE00B9A0CAB5208DB
:1080700043F8042D284601212246FCF7A6FF0B9B5E
:108080005B000B93002840D122884FF6FD73013A24
:1080900092B29A4203D92046F0F37CF11CE0B9F188
:1080A000000F03D004EB4707069719E0E319628835
:1080B0000693A388A7F5805707EB12221B0602EB55
:1080C0001343E3180793E388DB19E3180893238924
:1080D000DF19E719099703E0154B002406930126E1
:1080E000169A5046009206A932464346FDF716F806
:1080F00050B9169B28461A68D8F8001001F038FDD0
:10810000D8F800200B4B1A6014B12046F0F342F16E
:10811000064A01231370169B0020C8F8000018605F
:1081200001E06FF01A000DB0BDE8F08F2961010089
:10813000608B02008893020030B51946039B049CB3
:1081400043B14CB100251D6025600394BDE830406B
:10815000FFF72CBF184630BD204630BD014B002232
:108160001A70704729610100F8B50C4F06463C684B
:108170008CB101250BE0284600212C46E6F7C6FF0E
:1081800020B128463146E6F7BBFF04E001353B68E5
:108190009D42F0D900242046F8BD00BF2C610100AB
:1081A00010B5847801462046E6F7B0FF28B1204696
:1081B0000021E6F7A5FF002010BD4FF0FF3010BDF5
:1081C00070B50C4E0D46306880B90B49E6F798FF44
:1081D000012404E020460021E6F792FF01343368D1
:1081E0009C42F7D9034B28461D6070BD4FF0FF300D
:1081F00070BD00BF2C610100ADDEADDE064B1A681C
:10820000194632B1012300E001339342FCD9002327
:108210000B600020704700BF2C6101002DE9F04782
:108220000C46166882461546084684220021984668
:108230009DF82470EBF386F02046FFF795FFC0B25F
:10824000002832D0012323709DF82030A070003325
:1082500018BF0123E3703C233C2EB4BFB1464FF05E
:108260003C09A4F80E806770A381002615E05046F3
:1082700041463A46F0F390F030B96368002B0CBFEA
:108280006FF01A0000200BE0A3780136C37063681A
:10829000436123896060013323814E45E7DB002081
:1082A000238963812B60BDE8F0874FF0FF30BDE884
:1082B000F087F8B506460C4600250BE07B69304692
:1082C000636000237B61FB703946E278F0F386F04F
:1082D0000135ADB26768002FF0D1238920465B1BC2
:1082E000238163895D1B6581FFF75AFFA7702770A3
:1082F0003846F8BD10B5C37C032B08D09C1D00EB9D
:10830000C40401336160A260C374002010BD4FF04B
:10831000FF3010BD2DE9F84311F01F0618BF0126EC
:1083200006EB511707F107094FEA890948460D4640
:1083300001F01F08F0F31CF0044600283BD0002198
:108340004A46BFB2EAF3FEF76780A580E580A460E5
:1083500021462246002303E04FF0FF3090610133B5
:108360000432BB42F8D356B14FF0FF3202FA08F89C
:108370007B1D04EB83035A6882EA08025A6017F0F7
:108380001F0318BF012307F01F0003EB57172780B7
:10839000002203E04FF0FF358D6001320431BA4214
:1083A000F8D343B14FF0FF338340013704EB870725
:1083B0007A6853407B602046BDE8F8830846EFF3B7
:1083C000E9B7436B23B14FF47F629A60436B05E0DA
:1083D000836B4BB14FF47F629A60836B9868D0F1E6
:1083E000010038BF0020704701207047034600207D
:1083F00001E00130C0B25B08FBD170470B6843F469
:1084000040330B6008680B6800F4403023F44033BD
:108410000B60A0F54031484240EB0100704708B5C1
:10842000416B09B9816B21B1806AFFF7E7FF012039
:1084300008BD084608BD2DE9F047DDF820801F88FB
:10844000099D1046894614461E46394642462B462B
:10845000EFF38EF48246E8B1012313FA07F72B6895
:10846000013BDB19B3FBF7F35F43631EDB195F408E
:1084700017EA090F0ED02046FFF7B8FF30805046AC
:10848000EFF380F43188204642462B46BDE8F047A2
:10849000EFF36EB45046BDE8F08770B500230129B4
:1084A0000CBFB0F84620B0F86C2086B00493B0F84A
:1084B0004430120101290446ADF816300D46806A99
:1084C00041F6FF7329D104AED4F8C410009604F12C
:1084D0005C060196994214BF4FF480314FF400516D
:1084E00004F150060DF116030296FFF7A4FF0028D1
:1084F00040D0BDF81630E26D15FA03F3511EC918CD
:10850000B1FBF3F14B43A3659B1A9BB2C018A4F8CF
:108510006030049BE06363662BE004ADD4F8CC10BC
:10852000009504F184050195994214BF4FF4803100
:108530004FF4005104F178050DF116030295FFF791
:108540007AFFB8B1BDF81630012515FA03F3D4F857
:108550008420511EC918B1FBF3F14B43C4F880309D
:108560009B1A9BB2C018A4F88830049B2064C4F8FE
:108570008C30284606B070BDFFF78FBF2DE9F74F4E
:108580008DE803000EAEE02014469A460D9F96E853
:10859000400ADDF84C80EFF3EBF60546002800F0CA
:1085A00079810021E022EAF3CDF69A4B0021B8F15F
:1085B000000F08BF98460A46C5F81C802046F4F311
:1085C0008BF70C9BC0F30030AB63934B03212B6004
:1085D000002285F83000C5F834A02846EDF3F8F500
:1085E000082205F120000199EAF384F7002385F8B9
:1085F0002730009BEC62AB62BBF1FF3F14BF5B46D0
:10860000CC23B9F1CC0F88BFC3EB0909C5F898306A
:10861000BDF84430A5F84670C5F89C309DF8483048
:10862000A5F86C60C5F8A0300C9BA5F89490002BC1
:1086300045D0AA6B1368D80704D523F00103136053
:10864000AA6B1360AB6B4FF0FF329A602046F4F3D5
:1086500045F740F63C03984212D1E86AF4F34EF72E
:10866000052809D0E86AF4F349F7082804D0E86A35
:10867000F4F344F70C2803D1AB6B4FF0FF329A6050
:10868000AB6B9A681205120D1AB15A6842F00F02CC
:1086900001E041F6FF72C5F8CC201A6802F4E0123E
:1086A000920C85F8B5201A6802F46002520D85F824
:1086B000BA201B6803F040731B0E85F8BB30BAF17B
:1086C000000F4DD06A6B1368D90704D523F001035E
:1086D00013606A6B13606B6B4FF0FF329A60E86A4D
:1086E000F4F3FCF640F63C03984212D1E86AF4F346
:1086F00005F7052809D0E86AF4F300F7082804D044
:10870000E86AF4F3FBF60C2803D16B6B4FF0FF32F1
:108710009A606B6B9A681205120D1AB15A6842F092
:108720000F0201E041F6FF72C5F8C420C5F8C82069
:108730001A6802F4E012920C85F8B6201A6802F466
:10874000E072920985F8B7201A6802F46002520DAF
:1087500085F8B8201B6803F040731B0E85F8B9300C
:1087600062680023012AC5F8A430C5F8AC3018D1DE
:10877000A268B2F5026F03D040F63C018A4202D1F2
:108780004FF0004303E04FF08042C5F8A420C5F845
:10879000A830D5F8A430C5F8AC30D5F8A830C5F865
:1087A000B0302046F4F39AF640F62903984208D1F7
:1087B0002046F4F3A3F620B12046F4F39FF60228F6
:1087C0000FD92046F4F38AF640F6340398420CD1D0
:1087D0002046F4F393F620B12046F4F38FF60128F7
:1087E00003D1002385F8313004E02846FFF717FE57
:1087F00085F831002846FFF7E4FD85F8B40068B13C
:108800000D23FF2FA5F844300CD8FF2E09D80C23D8
:1088100005E000BF906101008C5001000423A5F821
:1088200044304FB1BC002046EFF3A2F5E86468B3D2
:1088300000212246EAF386F54EB1B4002046EFF35C
:1088400097F5686710B300212246EAF37BF527B15C
:1088500028460121FFF790FEC0B126B1284602212B
:10886000FFF78AFE90B1D5F8A4305BB195F83130AE
:1088700043B9AB6DB3F1804F08D8D5F88030B3F170
:10888000804F03D8012385F8DD3003E02846EDF35F
:10889000F9F400252846BDE8FE8F00BF10B5044658
:1088A000F5F38CF2002120460A46F4F315F6C304D2
:1088B00007D5204601F0DBFA00280CBF202040201D
:1088C00010BD202010BD2DE9F0470446266A09A9F5
:1088D000042E666A9DF82000CCBF06F4781606F4D4
:1088E000F01691E82202760C4FF000084BE031F8C8
:1088F00028A01FFA83FCE24501EB880703D197F813
:1089000002C0844504D008F101085FFA88F83AE013
:10891000002A35D006FB08F800252EE063692046C2
:10892000222B0ADDE3695A0607D540F6270100220B
:10893000F4F342F70146204600E000214FF4CC62F8
:10894000F4F3DAF5056063692046222B0ADDE3695A
:108950005B0607D540F627010022F4F32DF7014608
:10896000204600E0002140F26462F4F3C5F509EB13
:10897000880353F8253001350360EBB2B342CDD301
:10898000F878BDE8F087A845B1D30020BDE8F087AE
:108990002DE9F84304461E46002B00F0B480436ADC
:1089A00002EB061503F4F8594FEA192955F8043C6F
:1089B000013E0BB900279FE020469847002800F0B1
:1089C0009E80F7E70122BA4055F8103C1A4200F0A9
:1089D000928063692046222B0ADDE3695A0607D597
:1089E00040F627010022F4F3E7F60146204600E0B6
:1089F00000214FF4C462F4F37FF5076015F90C2CE5
:108A000022B1012A19D0013275D144E063692046B0
:108A1000222B09DDE3695B0606D540F62701F4F356
:108A2000CBF60146204600E0002140F22462F4F338
:108A300063F555F8083C03605DE063692046222B2E
:108A40000ADDE369590607D540F627010022F4F351
:108A5000B3F60146204600E0002140F22462F4F320
:108A60004BF563698046222B20460ADDE3695A06EE
:108A700007D540F627010022F4F39EF60146204672
:108A800000E0002140F22462F4F336F555F8083C8A
:108A9000026813432DE063692046222B0ADDE36957
:108AA0005B0607D540F627010022F4F385F6014660
:108AB000204600E0002140F22462F4F31DF56369D2
:108AC0008046222B20460ADDE369590607D540F689
:108AD00027010022F4F370F60146204600E0002151
:108AE00040F22462F4F308F555F8082C036823EAF1
:108AF0000203C8F8003001374F457FF463AF103DE3
:108B0000002E7FF453AFBDE8F883000070B59D4997
:108B100004460020EBF38EF2002800F031810020A3
:108B20009849EBF387F2974905460020EBF382F270
:108B3000944906460020EBF37DF215F0006500F045
:108B4000AC804FF40012002113462046E6F741FDA9
:108B50000222062113462046F4F344F663692046B8
:108B6000222B0ADDE3695A0607D540F627010022C9
:108B7000F4F322F60146204600E000214FF4C162E2
:108B8000F4F3BAF40668002506F480761BE04FF48F
:108B90007A70EFF3DBF063692046222B0ADDE3698C
:108BA0005B0607D540F627013246F4F305F6014689
:108BB000204600E000214FF4C162F4F39DF4066802
:108BC000013506F480761EB9B5F57A7FDFD170BD28
:108BD000B5F57A7F00F0D4804FF47A70EFF3B6F0F9
:108BE0000822062113462046F4F3FCF50023062153
:108BF00004222046F4F3F6F54FF47A70EFF3A6F072
:108C000063692046222B0ADDE369590607D540F641
:108C100027010022F4F3D0F50146204600E00021B0
:108C20004FF4C062F4F368F40568002605F001050E
:108C30001BE04FF47A70EFF389F063692046222B32
:108C40000ADDE3695A0607D540F627010022F4F34E
:108C5000B3F50146204600E000214FF4C062F4F372
:108C60004BF40568013605F001051DB1B6F57A7FB4
:108C7000DFD102E0B6F57A7F03D120460621082233
:108C800079E029464FF480122B462046E6F7A1FCF6
:108C90002046062101222B466EE0730170D54FF469
:108CA0008012134629462046E6F793FC012206214E
:108CB00013462046F4F396F54FF47A70EFF346F03E
:108CC0000422062113462046F4F38CF506210822DF
:108CD0002B462046F4F386F54FF47A70EFF336F026
:108CE00063692046222B0ADDE3695E0607D540F65C
:108CF00027012A46F4F360F50146204600E00021F2
:108D00004FF4C062F4F3F8F30668002506F001069C
:108D10001BE04FF47A70EFF319F063692046222BC1
:108D20000ADDE369590607D540F627013246F4F318
:108D300043F50146204600E000214FF4C062F4F301
:108D4000DBF30668013506F001061EB9B5F57A7F3A
:108D5000DFD102E0B5F57A7F03D120460621042257
:108D600009E000214FF400120B462046E6F731FCE3
:108D70002046062102220023BDE87040F4F332B5FC
:108D800070BD00BF6853010046F29053994210B580
:108D9000044609D049F21823994207D0B1F5964FFD
:108DA0000CBF1F23002302E02A2300E03C230521FF
:108DB000FF222046E6F779FC4FF400020621134615
:108DC0002046E6F73CFC1E20EEF3C0F720460621C5
:108DD0004FF400020023BDE81040E6F730BC00006D
:108DE000F0B5036A466A042BCCBF06F4781606F485
:108DF000F01685B00446760C00253BE0102168464D
:108E00001F4A2B46EAF304F300206946EBF336F1E0
:108E100000282ED000210A46EAF3CCF66369074603
:108E2000222B20460ADDE369590607D540F62701C3
:108E30000022F4F3C1F40146204600E000214FF483
:108E4000CC62F4F359F3056063692046222B0ADDF6
:108E5000E3695A0607D540F627010022F4F3ACF483
:108E60000146204600E0002140F26462F4F344F33E
:108E700007600135EBB2B342C0D305B0F0BD00BF0F
:108E8000D5950200F0B5036A85B0042B0446466A06
:108E900003DD06F0F866B60D02E006F0F076760D1A
:108EA00000253BE0102168461F4A2B46EAF3B0F24A
:108EB00000206946EBF3E2F000282ED000210A469C
:108EC000EAF378F663690746222B20460ADDE36958
:108ED0005A0607D540F627010022F4F36DF4014647
:108EE000204600E000214FF4CB62F4F305F3056067
:108EF00063692046222B0ADDE3695B0607D540F64D
:108F000027010022F4F358F40146204600E0002136
:108F100040F25C62F4F3F0F207600135EBB2B34269
:108F2000C0D305B0F0BD00BF0C990200F0B5036AD4
:108F300085B0042B0446466A01DDF60E02E006F019
:108F4000F056760E00253BE0102168461E4A2B465F
:108F5000EAF35EF200206946EBF390F000282ED091
:108F600000210A46EAF326F663690746222B2046CB
:108F70000ADDE3695B0607D540F627010022F4F31A
:108F80001BF40146204600E000214FF4CA62F4F3CE
:108F9000B3F2056063692046222B0ADDE3695906B6
:108FA00007D540F627010022F4F306F401462046D7
:108FB00000E0002140F25462F4F39EF207600135B4
:108FC000B542C1D105B0F0BD1B9902000048704701
:108FD000C0AD3A022DE9F04304460F4685B00020AB
:108FE000904915461E46EBF325F060B920463946F8
:108FF00015B1FFF7EBFF07E0FFF7E8FF4FF47A75D5
:10900000B0FBF5F500E0054600208749EBF312F0D0
:1090100000F00F00012808D0022809D0834B844AB1
:10902000032814BF9146994604E0DFF8149201E04A
:10903000DFF8109229462046FFF7A6FE2046F4F3FB
:1090400055F2002180462046F5F300F0794B0246A8
:10905000002E4BD10193032302933946204632461A
:109060002B460096CDF80C90FFF72DFC0746002804
:1090700037D063692046222B0ADDE3695B0607D5FA
:1090800040F627013246F4F397F30146204600E00C
:1090900000214FF4C062F4F32FF20268BF004FF6D4
:1090A0008373134007F07C0205F17F07FF09013F3E
:1090B00042EA07471F4363692046222B0ADDE36922
:1090C000590607D540F627010022F4F375F301464F
:1090D000204600E000214FF4C062F4F30DF2076077
:1090E00096E029465448EAF353F192E000218DE8D6
:1090F0000A0003230293204639462B46CDF80C90F4
:10910000FFF7E1FB002D00F083802046E6F774F8BE
:10911000064606E0AB4203D16369222B07DC12E06E
:109120000C36002E74D03388002BF3D170E0E36945
:109130005A0608D540F6270120460022F4F33CF3F6
:109140000146204601E0204600214FF4C062F4F3BE
:10915000D3F10268B37802F07C02B3EB920F57D0E0
:109160003579F3782D061B0505F0706503F470035F
:1091700000214FF07F622B432046E6F796FA737981
:1091800002211B052D4A43F400332046E6F78DFAF1
:10919000B3686FF07F42032113402046E6F785FA5B
:1091A00063692046222B0ADDE3695B0607D540F69A
:1091B00027010022F4F300F30146204600E00021DD
:1091C0004FF4C062F4F398F102684FF68373358868
:1091D0001340B2787F35ED119200013D02F07C0220
:1091E00042EA05451D4363692046222B0ADDE369F7
:1091F0005E0607D540F627010022F4F3DDF20146B2
:10920000204600E000214FF4C062F4F375F10560E0
:10921000012620464146F4F319F7304605B0BDE873
:10922000F08300BFEC950200745301008C510100E3
:109230000C52010006970200A39502000000FE1FD9
:1092400080530100F85301002DE9F04399468BB09B
:109250000023079308930993036A476A042BCCBF42
:1092600007F4781707F4F01704460D4690467F0C74
:1092700000260CE0102103A8334A3346EAF3C8F075
:10928000002003A9EAF3FAF620B90136F6B2BE428D
:10929000F0D34EE008AB009309AB0193204629467A
:1092A000424607ABE6F7C0FB012329464A46204663
:1092B000FFF790FE20462946FFF792FD236A012B17
:1092C0002CDD63692046222B0ADDE3695E0607D5A3
:1092D00040F627010022F4F36FF20146204600E039
:1092E00000214FF4C062F4F307F163690646222BB4
:1092F00020460ADDE369590607D540F6270100221A
:10930000F4F35AF20146204600E000214FF4C06217
:10931000F4F3F2F0036843F480633360089B204663
:109320000093099B294601934246079BE6F7D4F830
:1093300007E0204629464A460023FFF74BFE002857
:10934000A8D10BB0BDE8F083D59502002DE9F04F10
:10935000002587B004460E4604950595F4F3C6F043
:10936000294683462046F4F371F6A14982462846F1
:10937000EAF384F648B1012384F8603329462A468B
:10938000EAF318F4C4F85C0301E084F860030020F9
:109390009849EAF373F648B10123002184F8683351
:1093A0000A46EAF307F4C4F8640301E084F86803AA
:1093B0002046F3F3F5F7904B676A98428F4B94BFC2
:1093C00020252125A3F1080898BF984607F4F857EF
:1093D0003F0A08EBC50863692046222B0ADDE369D2
:1093E0005A0607D540F627010022F4F3E5F10146BD
:1093F000204600E000214FF4C462F4F37DF018F839
:10940000083C013D036063692046222B0ADDE369C5
:109410005B0607D540F627010022F4F3CDF10146A3
:10942000204600E000214FF4C562F4F365F058F8DF
:10943000043CA8F108080360002DCCD147E00821C6
:1094400002A86F4A2B46E9F3E3F7002002A9EAF3EA
:1094500015F600283AD000210A46EAF3ABF3236A56
:1094600080460C2B07DDB0F5803F04D2C3B24FEA33
:10947000102843EA084863692046222B0ADDE36985
:10948000590607D540F627010022F4F395F101466D
:10949000204600E000214FF4C462F4F32DF0056093
:1094A00063692046222B0ADDE3695A0607D540F698
:1094B00027010022F4F380F10146204600E000215C
:1094C0004FF4C562F4F318F0C0F800800135BD42D6
:1094D000B5D1204631464B4A1F23FFF759FA0025E4
:1094E0003EE00821484A2B4602A8E9F391F7002004
:1094F00002A9EAF3C3F58146002830D0636920460B
:10950000222B0ADDE3695B0607D540F6270100221E
:10951000F4F352F10146204600E000214FF4C4620A
:10952000F3F3EAF7056063692046222B0ADDE3695D
:10953000590607D540F627010022F4F33DF1014614
:10954000204600E0002140F22462F3F3D5F7002129
:1095500080460A464846EAF32DF3C8F80000013574
:10956000BD42BED1204604A905AAE5F70FFF049F1E
:1095700052463B463146002520460095E5F752FE0F
:10958000384304902046F4F347F4059A049B002ADC
:109590003CD01A4363690592222B20460ADDE36919
:1095A0005A0607D540F627012A46F4F305F101468D
:1095B000204600E0002140F21C62F3F39DF763694E
:1095C0000546222B20460ADDE3695B0607D540F6F7
:1095D00027010022F4F3F0F00146204600E00021CC
:1095E00040F21C62F3F388F7059B02683AE000BF83
:1095F000C595020000970200BFAD3A020096020036
:10960000E79502001C970200E2950200002B2BD088
:1096100063692046222B09DDE369590606D540F629
:109620002701F4F3C9F00146204600E0002140F292
:109630001C62F3F361F763690546222B20460ADDBD
:10964000E3695A0607D540F627010022F4F3B4F087
:109650000146204600E0002140F21C62F3F34CF783
:10966000049B026813432B60049BABB163692046E3
:10967000222B0ADDE3695B0607D540F627010022AD
:10968000F4F39AF00146204600E000214FF4C36253
:10969000F3F332F7049B0360059BABB1636920468B
:1096A000222B0ADDE369590607D540F6270100227F
:1096B000F4F382F00146204600E0002140F21C62F3
:1096C000F3F31AF7059B0360314652462046E6F74E
:1096D0007EF94FF4FA60EEF339F320465946F4F37D
:1096E000B5F407B0BDE8F08FF8B5044615460E4650
:1096F000F3F3FCF6002107462046F4F3A7F43146C5
:1097000002462B462046FFF79FFD204631462A465B
:10971000E5F7D8FD20463946BDE8F840F4F396B4A5
:1097200038B5036A0446012B2DD14369222B0ADD8B
:10973000C3695A0607D540F627010022F4F33CF02E
:109740000146204601E0204600214FF4C062F3F3B9
:10975000D3F663690546222B20460ADDE3695B06E2
:1097600007D540F627010022F4F326F001462046F3
:1097700000E000214FF4C062F3F3BEF6036823F467
:1097800000732B6038BD2CDD4369222B0ADDC369D1
:10979000590607D540F627010022F4F30DF00146E3
:1097A000204601E0204600214FF4C062F3F3A4F606
:1097B00063690546222B20460ADDE3695A0607D570
:1097C00040F627010022F3F3F7F70146204600E0B8
:1097D00000214FF4C062F3F38FF6036843F4007383
:1097E0002B6038BD70470120704738B505460C46E0
:1097F000FFF79CFB284621460022FFF7F3FF28468F
:109800002146BDE83840FFF781B9000038B504466D
:109810000D4600203149EAF331F440B100210A46F7
:10982000EAF3C8F12946C3B20122204603E02046EC
:10983000294601220523E5F78BFF00202849EAF39A
:109840001DF448B100210A46EAF3B4F12946C3B237
:1098500009222046E5F77CFF00202249EAF30EF4B6
:1098600048B100210A46EAF3A5F12946C3B2052210
:109870002046E5F76DFF00201B49EAF3FFF348B1EE
:1098800000210A46EAF396F12946C3B20622204691
:10989000E5F75EFF002120464FF478624FF438630D
:1098A000E5F7CDFE002120464FF460424FF42043FF
:1098B000E5F7C5FE4FF4C022002113462046E5F728
:1098C000BEFE0122002120461346E5F7B8FE2046E1
:1098D0002946BDE83840FFF7D5BA00BF129702000D
:1098E000DB95020012990200CA95020038B5036A9E
:1098F0000446092B69DD4369222B0ADDC3695B0637
:1099000007D540F627010022F3F356F7014620461B
:1099100001E0204600214FF4C062F3F3EDF5026848
:1099200012F0010253D163692046222B09DDE3695D
:109930005D0606D540F62701F3F33EF701462046C3
:1099400000E0002140F26C62F3F3D6F54FF00043E3
:1099500003604FF47A70EEF3F9F163692046222B2D
:109960000ADDE369590607D540F627010022F3F323
:1099700023F70146204600E0002140F26C62F3F339
:10998000BBF505686369ED04ED0C222B20460ADD6A
:10999000E3695A0607D540F627010022F3F30CF7D6
:1099A0000146204600E0002140F26C62F3F3A4F58A
:1099B0006D030023036005F54245064805F5A875CB
:1099C000B5FBF0F56420684338BD002038BD0020A9
:1099D00038BD00BFA086010038B500210546102023
:1099E000E3F7A0FF002104461022E9F3ABF4656021
:1099F000204638BD08B1E4F71DB8704710B50446DD
:109A0000E4F706F96060E0602068E7F716FA63683B
:109A1000A0F50060206118180123A060237610BD16
:109A200038B50546F4F3CAF11C20EEF3A1F4084C56
:109A300000211C222060E9F385F420680560FFF70F
:109A4000DDFF044922682846BDE83840E6F726BC19
:109A500090040000D93F00002DE9F84F0C46F4F3C4
:109A6000ADF141F20100E568EEF382F400287CD00C
:109A700000F1010C064620E001321970D2B24346D3
:109A800039783D460137C1B13D2903F10108F3D1D1
:109A9000327029464646002203E001323770D2B2C6
:109AA000664611F8017FC3EB0508B04406F1010CCE
:109AB000002FF2D11A7008F10105E768A368FB18BE
:109AC0009D4205D22B781BB12F4663460022D7E773
:109AD00025460123E2688346BA1A2A823BE05946AA
:109AE00011F8012B9A4202D14FF0000C0AE0102B22
:109AF0002AD10F2AF8DC27E01BF8018F07F80C8029
:109B00000CF1010C6245F7D101EB0208895C07EB0F
:109B1000020C4FF03D0907F8029008F1010B0CF11F
:109B2000010701F10109002203E018F802A00CF876
:109B300002A001324A45F8D17A184FF0000C07F81C
:109B400001C08B44571C06E011F802B001EB020C77
:109B50000BF1010BE344B345C1D301330235112BA3
:109B6000B8D1BDE8F84FEEF315B4BDE8F88F0000AA
:109B7000F8B50E4617460446F4F320F13020EEF314
:109B8000F7F3054668B1C660074E3023436033687B
:109B90008760036029462046FFF75EFF356000209E
:109BA000F8BD6FF01A00F8BD9404000008B5064B2C
:109BB0001B683BB9054B196821B1054B1A680AB1FE
:109BC000FFF7D6FF002008BD94040000985C010058
:109BD0009C5C0100F8B5104B07461C681E46BCB1E2
:109BE000E3689BB10D4D2A689A420FD1F4F3E6F079
:109BF000E068EEF3CFF300232B6007E038462568DA
:109C0000F4F3DCF02046EEF3C5F32C46002CF5D13E
:109C100000233360F8BD00BF940400008893020065
:109C200073B5856E04466DB1D0F8CC3000EB83037C
:109C3000D3F8D420036E9A4203D1406EA84705465C
:109C400000E000252046F3F351F4002302A941F877
:109C5000083D06466946204601AA0DF0C1FE9DE872
:109C600006004FF4FF20E9F3E9F220463146F4F311
:109C7000EDF1E36E5BB1D4F8CC2004EB8202D2F8B4
:109C8000D410226E914202D1606E294698477CBD65
:109C9000F8B50446F0F3BAF000284FD0A56E6DB1C8
:109CA000D4F8CC3004EB8303D3F8D420236E9A424B
:109CB00003D1606EA847054600E000252046F3F377
:109CC00015F4002107462046F4F3C0F101210646B1
:109CD00000222046F0F3BAF04FF480110A462046E5
:109CE000F0F396F040210A462046F0F3A5F04FF03D
:109CF00080710A462046F0F38BF02046FFF790FF74
:109D00000F4B0121C6F804354FF4FC73C6F8083533
:109D10000A462046F0F39AF020463946F4F396F1CD
:109D2000E36E5BB1D4F8CC2004EB8202D2F8D410FD
:109D3000226E914202D1606E29469847F8BD00BF5D
:109D4000F200394001207047C36B44F2583293420D
:109D50000DD004D844F25632934218D112E04AF69C
:109D60002E22934208D04AF62F2293420FD1C0F8F8
:109D700084334AF6322303E0C0F884334AF63123B1
:109D8000C3637047C0F8843344F25433C3637047ED
:109D900038B541F2E443044603630D4629B1084651
:109DA0000F49EAF347F1A06240B928460D49EAF3AA
:109DB00041F1A06210B94FF6FF73A3620A49284629
:109DC000EAF338F10949E0622846EAF333F1084939
:109DD00060632846EAF32EF184F8550038BD00BFD1
:109DE0002D99020023990200649902004399020010
:109DF0004E9902007047000030B585B001900024F4
:109E000004A840F8044D01A90422E9F317F2019DCA
:109E1000B5B12B46D3F88C2012B10022C3F88C20A8
:109E200001340433102CF5D10398FEF797F9039809
:109E3000FFF7D0FE034B9D4202D02846EEF3AAF274
:109E400005B030BDE46101000367D0F8CC3010B537
:109E500000EB8303029CD3F8D43044668166C2666B
:109E6000036610BD00238366C3660367704780697D
:109E7000C0F3C06070472DE9F84304461E46089DB4
:109E8000099FFAF761FC00212046F4F3DFF08046D9
:109E90002046F3F333F30A28C8BFD8F82C306061AA
:109EA000C8BFA3642228D8F80430C8BFD8F8AC20B3
:109EB000A361C8BFE261DA001CD5222814DDE36982
:109EC0005B0611D50022204640F62701F3F374F417
:109ED00001462046F4F3BAF0D0F80436002163625C
:109EE0002046F4F3B3F002E0D8F80436636294F845
:109EF000243023624FF4E063A3604FF0FF33E3604C
:109F000011232361A1464FF0000817E04146F4F306
:109F10009DF02046F3F3E2F22046F3F3EFF21EB198
:109F2000D9F814319E4203D0D9F88C309F4201D128
:109F3000C5F8008008F1010809F10409D4F8D0300F
:109F400020469845E2D32968F4F380F00120BDE86B
:109F5000F883F7B5002213460D4601210446E5F7C4
:109F600038FB0021282207460B4620460091F3F3D8
:109F7000C1F20646280709D0204601210622F3F344
:109F800067F6204602210622F3F362F615F0F00F81
:109F900004D0204600210222F3F35AF615F4706F24
:109FA0000ED0204600210122F3F352F601210A4689
:109FB0002046F3F34DF6204602210122F3F348F642
:109FC00001213B4620464FF0FF32E5F702FB2046D9
:109FD000002128224FF0FF330096F3F38BF2FEBDF1
:109FE0000020EAF327B0000010B50C490446FFF743
:109FF000F7FF80B288B9D4F880000849EAF31AF074
:10A0000080B250B9D4F880000549EAF313F04FF656
:10A01000FF7380B2002808BF184610BD6D9902007A
:10A020007B990200436907B50A2B09DD003118BF8F
:10A0300001210091242200210123F3F35BF201E0CE
:10A040004FF0FF300EBD07B50021F8220B460091FE
:10A05000F3F350F200F00F000EBD00002DE9FF47B2
:10A06000DDF830809246DDF834900F464FF463728D
:10A07000002104461E460E9DB8F1010F08BF4FF0A7
:10A080000008E9F35FF111232361C4F88860C4F884
:10A090005C90C4F858A0C4F80480B8F1000F40F0F8
:10A0A000C580204641463A464B46FFF74BFE002806
:10A0B00000F0C0804FF0C0531A68130F02F47021F3
:10A0C000236093B202F47002120D626444F25832BB
:10A0D000090C9342E36321640AD004D844F2563257
:10A0E000934208D104E0A3F52A432E3B012B02D86A
:10A0F0002046FFF729FE636C20460E3B012B8CBFE8
:10A100000023012384F84C304FF0C0513A46FAF74F
:10A1100093F9D4F8D030002B00F08A80002704ABEC
:10A1200043F8047D8DE8480020464FF0C0513A4680
:10A130003B46FFF7A0FE00287CD02046FFF736FD07
:10A140000F9B00950193204639463246A36DFDF7DB
:10A15000F3FF002870D105B12D683A4E20462946FC
:10A16000FFF716FE3278002A42D16369132B19DDFE
:10A170004FF400612046F3F35BF733490746284666
:10A18000E9F37CF738B128462F49E9F353F7B0F1EA
:10A19000FF3F08BF00200023BB650399F8652046F8
:10A1A000F3F354F72046A16DFFF7BAFA2046A16DEC
:10A1B000FFF71BFB28462549E9F33CF7024620B987
:10A1C0002046A16DFFF792FB0246C4F88823A16DDB
:10A1D0002046FFF789FA2046FFF75AFD2046A16D79
:10A1E000FFF7B4F82046A16DFFF710FB0123337091
:10A1F0002046F3F3E1F528461549E9F33FF738B176
:10A2000013492846E9F316F701462046FFF7A1FE59
:10A2100028461049E9F332F778B128460D49E9F3A9
:10A2200009F701462046FFF7E5FD06E0002404E0BB
:10A230001C4602E0044600E03C46204604B0BDE86F
:10A24000F08700BFE06101003E9902005B990200C7
:10A2500073990200349902001FB50F4C024623780F
:10A26000BBB910B90346014601E00C4B191D002093
:10A270000090019002930391094844F210714FF04D
:10A28000C053FFF7EBFE28B1064B20221A600123D2
:10A290002370034804B010BD7065010064620100C2
:10A2A000E4610100A00400002DE9FF4707464FF4D8
:10A2B0006370884691469A460D9E0E9DEEF358F0C7
:10A2C0000446C8B10C9B3946019342464B46CDF833
:10A2D00000A002960395FFF7C1FE074620B920466D
:10A2E000EEF358F03C4607E006B13668C4F88060EB
:10A2F00005B12D68C4F88450204604B0BDE8F0874D
:10A3000070B5064686B04FF4BC70EEF331F00446EB
:10A31000E8B100214FF4BC72E9F314F00D4B266054
:10A3200000930D4B0025019330680C490C4A2346DD
:10A33000029503950495059500F0D8FE30B94FF4C9
:10A340009663C4F8603184F8640100E02C4620462E
:10A3500006B070BDA53881005D3D8100D8D288006F
:10A360003CC5890010B5044650B10368054918681A
:10A37000224600F060FE2046BDE81040EEF30AB031
:10A3800010BD00BF3CC589002DE9F041054686B0EF
:10A390008020EDF3EDF70446002844D00021802210
:10A3A000E8F3D0F704236360B4232560A381A046BB
:10A3B000C5F85847274600260EE01C2202FB06423D
:10A3C0003C61A8681B4910320023FAF36DF3386230
:10A3D0001C3700282BD0013663689E42EDDB164BFC
:10A3E000164900930023019302930393049305936A
:10A3F0002868134A234600F079FEC0B913E0D8F864
:10A40000201031B123689868FAF336F30023C8F8B6
:10A410002030013508F11C0863689D42EFDB2046BF
:10A42000EDF3B8F70024204606B0BDE8F081002522
:10A43000F2E700BF49488100A94681007CD388002B
:10A440007F3F890070B5044600281ED003680F497D
:10A450001868224600F0EFFD254600260DE0296A27
:10A4600029B123689868FAF307F300232B62E8699F
:10A4700008B1EDF38FF701361C3563689E42EEDBC1
:10A480002046BDE87040EDF385B770BD7F3F890081
:10A4900010B50446C06F08B1FFF764FFD4F884001C
:10A4A00008B107F0C1FED4F8800008B1FFF7CAFF79
:10A4B000D4F8B00008B100F013F9A06808B101F0B9
:10A4C000E3F92046BDE81040EDF364B72DE9F04F05
:10A4D00007468DB0B8208A4690461D46179EEDF37C
:10A4E00047F70446002800F0A0804FF0000B002141
:10A4F000B822E8F327F7266084F88CB03846FFF7D7
:10A500006BFA0BABC4F8A8B02A46019006938146BB
:10A5100041F2E44120463346CDF800B0CDF808A022
:10A52000CDF80C800494CDF814B001F05DFA054626
:10A53000002875D0A06010F06FDA2B691021E3605D
:10A540003C4B6060A3643C4A3346276164643846F0
:10A55000E8F35EF72B69D86FF2F356F749F69813D4
:10A5600098422B69D86F06D8F2F34EF708210346BC
:10A57000324A09A805E0F2F347F7314A03460821B9
:10A5800009A8E8F345F7314609AA2E4B2E48E8F30F
:10A59000FFF63246002016992C4B8DE88001F8F723
:10A5A000A9FB064600283BD16368012783F8787031
:10A5B00008210A46286930F0D5DA36213A46D5F81E
:10A5C0009802EFF730FD2846FFF7DEFEC4F8800062
:10A5D00030B3284607F0F6FDC4F8840000B32846DF
:10A5E000FFF78EFEE067D8B16368194983F8E07021
:10A5F000184B02968DE84800039604960596286845
:10A60000154A234600F072FD50B9284600F032F892
:10A61000C4F8B00020B111482146EDF3A9F120B1F2
:10A6200020464946FFF734FF002420460DB0BDE820
:10A63000F08F00BFBD888100DB550100E0550100AF
:10A640004D4989004039010081990200FD8D81004A
:10A650002CD58800198A810058FB8900F589810072
:10A6600001207047024B01221A70E3F763BA00BF62
:10A67000FC03000070B5064686B02020EDF37EF6A0
:10A680000446F0B100212022E8F35CF64FF4E153D8
:10A69000E3804B2323810A2363810E4B2660002530
:10A6A000009330680C490D4A2346019502950395A5
:10A6B0000495059500F01AFD30B93368012283F83E
:10A6C0006321204606B070BD2046EDF363F62C46AC
:10A6D000F7E700BF7D9A81008CD58800C04B8900C8
:10A6E00010B5044678B1FBF309F3236822461868D5
:10A6F000054900F0A0FC2046EDF34CF6236800224B
:10A700001B6883F8632110BDC04B89000368D3F830
:10A71000D42041F26B03116B99420BD1936AEF2B5A
:10A7200028D001D8D62B04E0F52B23D040F20F110E
:10A730008B421FD0936A40F2C65293421AD040F225
:10A740007452934216D0036A7F2210E0482283F8A5
:10A75000FD2006E002F0C002921102EB810183F8B5
:10A76000FD10036A93F9FD20142A0BDC482283F8BC
:10A77000FD207047036A93F8FD104AB2B2F1FF3F23
:10A78000E8D1E3E77047D0F8E81110B5044629B1E5
:10A790008068FAF371F10023C4F8E831D4F80012AC
:10A7A00029B1A068FAF368F10023C4F80032D4F8A4
:10A7B0008434D3F8301139B1A068FAF35DF1D4F8DC
:10A7C00084340022C3F83021D4F8501329B1A06892
:10A7D000FAF352F10023C4F85033D4F8541529B1D8
:10A7E000A068FAF349F10023C4F85435D4F8F415FD
:10A7F00029B1A068FAF340F10023C4F8F435D4F885
:10A80000C41729B1A068FAF337F10023C4F8C4379C
:10A8100010BD10B50446006807F0D8F8D4F88006DB
:10A8200020B106F021F80023C4F88036D4F87C0665
:10A8300020B106F049FA0023C4F87C36D4F89C0114
:10A8400020B108F089FE0023C4F89C31D4F88C01B3
:10A8500020B101F025FE0023C4F88C31D4F840016A
:10A8600020B102F069FF0023C4F84031D4F854014C
:10A8700020B1FEF3FFF30023C4F85431D4F83001C3
:10A8800020B102F019FC0023C4F83031D4F83401AF
:10A8900020B102F0C1F90023C4F83431D4F83801F2
:10A8A00020B102F01BFB0023C4F83831204602F02F
:10A8B000D5FAD4F84C0120B106F0BAFA0023C4F856
:10A8C0004C31D4F8480120B108F078FD0023C4F8D9
:10A8D0004831D4F8440120B106F032F90023C4F81D
:10A8E0004431D4F85C0120B108F016FA0023C4F812
:10A8F0005C31D4F82C3113B10023C4F82C31D4F8D6
:10A90000600120B104F0B4F90023C4F8603120469E
:10A9100008F0AAFA204605F09FFFD4F8500120B1B4
:10A9200005F0FAFF0023C4F85031D4F8700120B1CB
:10A9300001F09EFC0023C4F87031D4F8780120B1F6
:10A9400004F0A8FC0023C4F87831D4F87C0120B1CD
:10A9500007F06CFE0023C4F87C31D4F8740120B1F8
:10A9600008F072FD0023C4F87431D4F8840120B1DA
:10A9700001F01CFC0023C4F88431D4F8880120B114
:10A9800004F0E2FB0023C4F88831D4F8780420B145
:10A9900007F0F4FC0023C4F87834D4F87C0420B128
:10A9A00007F02EFD0023C4F87C34D4F8800420B1D5
:10A9B00007F0C0FD0023C4F88034D4F8940120B11E
:10A9C00008F0A2FE0023C4F89431D4F8640820B142
:10A9D00008F0F6FE0023C4F86438D4F8F80620B175
:10A9E00008F040F90023C4F8F836D4F89C0620B1EA
:10A9F00004F0E2FE0023C4F89C36D4F8A00620B18F
:10AA000001F060FD0023C4F8A036D4F8CC0620B1D4
:10AA100004F0BAFE0023C4F8CC36D4F8D40620B132
:10AA200004F0F4FC0023C4F8D436D4F8D00620B1E6
:10AA300008F084FA0023C4F8D036D4F8600820B1B6
:10AA400007F0D6FE0023C4F86038D4F8DC0620B145
:10AA500007F0FEFB0023C4F8DC36D4F8BC0608B1CE
:10AA600005F081FDD4F8C00608B105F07CFDD4F8EE
:10AA7000A00120B103F0F8FE0023C4F8A031D4F8FF
:10AA8000F00620B106F0C2F90023C4F8F036D4F87D
:10AA9000300720B1EDF37EF40023C4F83037D4F84A
:10AAA000A40620B105F03AFD0023C4F8A436D4F87A
:10AAB000940620B104F070FF0023C4F89436D4F853
:10AAC000240120B108F06CF80023C4F82431D4F834
:10AAD000280120B103F0A6FD0023C4F82831D4F8E2
:10AAE000880420B106F0A8FA0023C4F88834D4F80A
:10AAF000E80520B104F0D2FD0023C4F8E835D4F80D
:10AB0000380620B1F9F7CEFF0023C4F838362046C6
:10AB1000BDE8104004F0D4BB70B5D0F884340568AB
:10AB200001220446A3F89020D5F8D8003C49E9F367
:10AB3000A5F240B1D5F8D8003949D4F88464E9F3D6
:10AB400079F2A6F89000D4F884346422A3F84A205D
:10AB5000D5F8D8003349E9F391F240B1D5F8D800DF
:10AB60003049D4F88464E9F365F2A6F84A00D4F8D1
:10AB700084346422A3F84C20D5F8D8002A49E9F39C
:10AB80007DF240B1D5F8D8002749D4F88464E9F3C0
:10AB900051F2A6F84C00D4F884346422A3F8922031
:10ABA000D5F8D8002149E9F369F240B1D5F8D800C9
:10ABB0001E49D4F88464E9F33DF2A6F89200D4F873
:10ABC00084340122A3F89620D5F8D8001849E9F377
:10ABD00055F240B1D5F8D8001549D4F88464E9F3AA
:10ABE00029F2A6F89600D4F884340422A3F89E2013
:10ABF000D5F8D8000F49E9F341F240B1D5F8D800B3
:10AC00000C49D4F88464E9F315F2A6F89E00D4F850
:10AC100084346422A3F894200122A3F8982070BD04
:10AC2000079A0200239A0200E3990200749B020033
:10AC3000CD990200B5990200F7B5036A044693F96D
:10AC4000FC00421C2CD0236893F87C200A2A02D8EE
:10AC5000FEF308F225E0D3F8D85014492846E9F36A
:10AC6000E9F113498DF804002846E9F3E3F11149AD
:10AC70008DF805002846E9F3DDF100258DF8060082
:10AC80002E4601AF7857FEF3EDF176B2E855013567
:10AC9000B042A8BF0646032DF6B2F2D1304600E01E
:10ACA0000820236A83F8FC00FEBD00BFF59902006E
:10ACB000FB990200019A02000368D0F8842470B561
:10ACC000D3F8D8500323D371D0F8842404461372E8
:10ACD000D0F88424444982F8AD30D0F88424284642
:10ACE00082F8AE30E9F3A6F140B220B928463F49D8
:10ACF000E9F3A0F140B2431E0E2B0CD80128D4F882
:10AD0000842401D1002302E0022804D10123D3715D
:10AD1000D4F884241372D4F8843493F81C210AB133
:10AD20000322DA7132492846266AE9F383F186F86C
:10AD3000FC002046FFF780FF2E492846266AE9F3EB
:10AD400079F186F8FD002046FFF7E0FC236A93F8CE
:10AD5000FD2083F8FE20216841F26B02D1F8D43047
:10AD6000186B904229D1226A92F9FC00082824DC51
:10AD70009B6AD12B12D0E92B10D0902B0ED08B2BAD
:10AD80000CD08D2B01D10D2315E0932B0AD1B1F8F6
:10AD90007A301B051B0DB3F5826F01DC18230AE026
:10ADA0001B2308E08E2B01D1102304E0D62B01D009
:10ADB000E42B02D1172382F8FC30236840F274524E
:10ADC000D3F8D4309B6A934203D040F2C6529342E8
:10ADD00007D1236A93F9FC20082A02DC172283F8A2
:10ADE000FC20012070BD00BF579A02001F9A02008C
:10ADF000959B0200519A020010B504461C498068D8
:10AE000022460023F9F350F6C4F8E80170B3A068B5
:10AE1000184922460023F9F347F6C4F8000228B384
:10AE2000A068154922460023F9F33EF6C4F8500302
:10AE3000E0B1A068114922460023F9F335F6C4F8C1
:10AE4000540598B1A0680E4922460023F9F32CF668
:10AE5000C4F8F40550B10023A0680A492246F9F36A
:10AE600023F6C4F8C407003018BF012010BD00BF8E
:10AE7000713D82005D01820075EF81001DFD810042
:10AE8000CD378200A5CF810070B5FF220446012393
:10AE900084F8732484F8DB2241F20101D4F884247D
:10AEA00000260376A4F858146420032184F8400592
:10AEB00084F8763484F87264D171D4F8842440F62E
:10AEC0002A151172A4F85A54A4F85C54A4F85E54DC
:10AED000A4F86054A4F86254A4F86454A4F8665426
:10AEE000A4F86E1440F62B150221A4F86854A4F8B7
:10AEF000701407250421A4F86A54A4F86C14A4F86B
:10AF00002E06A4F8686384F82062A4F82C6684F8FE
:10AF1000346284F8236284F8216284F8F26484F84D
:10AF2000B06284F8276521684FF0FF3081F8533014
:10AF300048632168204681F84130216881F8423019
:10AF4000216881F8D160216881F84360216884F824
:10AF50000E6284F80F62C4F8506681F8943021685C
:10AF600081F8F530216881F8F430216881F89D304E
:10AF7000216881F83431216881F86931216881F8CC
:10AF80002861216881F86161216881F86A6122681D
:10AF9000966684F8643384F8653392F84F10890715
:10AFA00018BF82F8523003230125002284F8DC31D7
:10AFB00084F8E4314FF44873A4F8343584F85065CC
:10AFC000A4F84E2584F8DC5505F096DD052384F8B9
:10AFD0002036236884F8206184F8585683F811518C
:10AFE00023684FF0FF31A4F87017A4F8541884F8C0
:10AFF000736784F8A15784F8B05783F842512368E7
:10B0000083F84351236883F85C61236883F86451B3
:10B01000236883F86651236883F86B51236883F8AB
:10B020006751236883F86851236883F83B6123687C
:10B03000C3F83C6170BD2DE9F0470F4692460028E9
:10B0400034D00468002C35D04FF00008C14628E009
:10B05000D4F8C40239464044E8F300F2E8B9D4F821
:10B06000C8324FEA890653F82930534515D1D4F830
:10B07000C43243445D6B013D5D63EDB9184629461A
:10B080003822E8F35FF1D4F8C80229468019042277
:10B09000E8F358F12846BDE8F08709F1010908F105
:10B0A0003808236893F8B4309945D1DB6FF01D0060
:10B0B000BDE8F0876FF01D00BDE8F087F8B500250A
:10B0C0000F4606682C4608E0D6F8C40239464019F7
:10B0D000E8F3C4F1383538B10134336893F8B4304B
:10B0E0009C42F1DB6FF01D042046F8BD2DE9F047CE
:10B0F0008A461146984691460468FFF7DFFF031E13
:10B1000005DA2368002693F8B42035463BE0D4F8EE
:10B11000C822382042F82380D4F8C42200FB032040
:10B12000436B013343630020BDE8F087D4F8C43299
:10B1300006F138019F5D98191FBB49461F22E8F3AD
:10B14000D9F1D4F8C4320C999E19089BC6F820A0F6
:10B15000B362099B384673620A9BF3620B9B3363AD
:10B16000D4F8183743F8351003EBC5020D9B536034
:10B17000736B01337363D4F8C83243F82580BDE89C
:10B18000F08701350E469542D0DB6FF01500BDE823
:10B19000F0872DE9F04107680C4615469846D7F828
:10B1A000CC02002604E003689C420BD006460069EE
:10B1B0000028F8D111E0002303610EB1306101E0F5
:10B1C000C7F8CC02069B80E83001C3600020BDE8D0
:10B1D000F0816FF01500BDE8F0811420EDF3C8F0A8
:10B1E0000028E8D1F5E7000013B5002304460093DA
:10B1F00021460068194AFFF7CCFF014658BBD4F836
:10B2000088040322164B05F07FFF014618BBD4F8D3
:10B2100088040222134B05F077FF0146D8B9D4F811
:10B2200088040522104B05F06FFF014698B9D4F849
:10B23000880406220D4B05F067FF014658B9D4F883
:10B24000880408220A4B05F05FFF002814BF4FF066
:10B25000FF30002001E04FF0FF301CBDC9A381008A
:10B260002DCC8100B12C8200F92E8200FD4E000011
:10B2700029FD8100026810B5D2F8CC0200230EE04F
:10B280000468A14209D101690BB1196101E0C2F85A
:10B29000CC12EDF37FF0002010BD034600690028BA
:10B2A000EED16FF01D0010BD41F2E443984208D189
:10B2B0000023064A9A5A8A4205D00233B3F58C7F9E
:10B2C000F7D1002070470120704700BF5C9A020050
:10B2D0002DE9F043D0F854530021C82287B004462A
:10B2E0002846E8F32FF06423EB85032385F86030CC
:10B2F00000220123D4F858014FF4805139F042D88C
:10B30000FF28074605D1236A186919684DF094D9BA
:10B310000746236A6F860021A4F85674204607F476
:10B320006057B3F808801E680CF008DBB7F5205FA3
:10B3300005F1380908D0B7F5C05F07D0B7F5805FD1
:10B3400014BF0A27142702E0A02700E028270021C5
:10B35000FF238DE80A00D4F88434029003971B7908
:10B3600042460493484633465BF07ADA236893F802
:10B370004F309A0703D0EB8843F02003EB8007B0EF
:10B38000BDE8F08382B010B514246143D0F8D442F4
:10B3900003936350059B60184360069B02618360C2
:10B3A000049BC360BDE8104002B0704730B503682D
:10B3B0000446DB6985B09A6D4068D4F83C16DB6DB5
:10B3C000F9F738FBC4F83806002800F0DE81204683
:10B3D00004F068F9C4F8E805002800F0D981204697
:10B3E00005F04AFEC4F88804002800F0D481204605
:10B3F00003F048F9C4F82801002800F0CF81204666
:10B4000007F098FBC4F82401002800F0CA81204608
:10B4100004F0D6FCC4F89406002800F0D181204640
:10B4200005F08EF8C4F8A406002800F0CC81204670
:10B4300004F0F2FE002840F0C981204604F04EFFDF
:10B44000002840F0C381204604F076FF002840F039
:10B45000BD81204604F0D4FF002840F0B78120468B
:10B4600005F00AF8002840F0B181204605F020F8E8
:10B470000546002840F0AA810321D4F8A4060A4614
:10B4800005F054F9C4F8BC06002800F0A281D4F8F5
:10B49000A40602212A4605F049F9C4F8C00600288E
:10B4A00000F09A812946C04AC04B2046009501947D
:10B4B00007F084FBBE4B1A1D07CA1B688DE8070006
:10B4C000082122462046FFF75DFF206806F062FA59
:10B4D000204606F065FFC4F87804002800F07F815C
:10B4E000204606F0A7FFC4F87C04002800F079810C
:10B4F000204607F035F8C4F88004002800F0738176
:10B50000204601F063FEC4F81805002800F06D81A4
:10B51000A84B2046C4F8543101F0E8FDC4F83001CE
:10B52000002800F06481204601F0A0FBC4F834013B
:10B53000002800F05E81204601F000FDC4F83801CB
:10B54000002800F05881204601F092FC002840F0CD
:10B550005581204607F092FBC4F85C01002800F0FA
:10B560005081204607F06CF9C4F86008002800F00C
:10B570004A8120682146A2688F4B03F0CBFEC4F8B5
:10B580009802002800F04181204603F0BBFBC4F87C
:10B590006001002800F03B81884B2046C4F82C3124
:10B5A00005F000FBC4F84401002800F03281204679
:10B5B00007F01EFFC4F84801002800F02C81204647
:10B5C00005F074FCC4F84C01002800F027812046E7
:10B5D00002F0D6F8C4F84001002800F02181236869
:10B5E000012283F8A120204604F0EAF8C4F89C0662
:10B5F000002800F01781204607F09EFB002840F04D
:10B600001381204605F0E4F9C4F85001002800F049
:10B610000D81204605F004F9002840F009812046FC
:10B6200000F03CFEC4F87001002800F003812046C1
:10B6300003F09AFDC4F87801002800F0FD80204650
:10B6400007F010F8C4F87C01002800F0F8802046CC
:10B6500007F010FFC4F87401002800F0F3802046C2
:10B6600000F0BAFDC4F88401002800F0ED80204607
:10B6700003F034FDC4F88801002800F0E78020467C
:10B6800007F0BEFFC4F89401002800F0E1802046D6
:10B6900000F06AFEC4F88C01002800F0DB80204630
:10B6A00007F070FFC4F89C01002800F0D580204608
:10B6B00069F094DE60B1204608F036F8C4F86408FA
:10B6C000002800F0C9802368012283F8322102E0BB
:10B6D000236883F83201204607F08EFAC4F8F80692
:10B6E000002800F0BB80204605F002FBC4F87C0671
:10B6F000002800F0B580204605F0C4F8C4F88006A4
:10B70000002800F0AF80204607F03EFCC4F8D006C9
:10B71000002800F0A9802368012283F8A320204696
:10B7200000F0E2FEC4F8A006002800F09F8020464A
:10B7300003F0D4FFC4F8CC06002800F0998020461E
:10B7400003F08AFEC4F8D406002800F09380204657
:10B7500006F08EFDC4F8DC06002800F08D8023681A
:10B7600093F869313BB1204603F09CF8C4F8A0017E
:10B77000002800F08380204605F022FBC4F8F00684
:10B7800000280CBF7620002079E04FF4967076E018
:10B7900040F22D1073E04FF4977070E040F22F10DC
:10B7A0006DE04FF498706AE019348200E53382004E
:10B7B000389A0200EFBEADDE41FF8100EFBEAD0D55
:10B7C00040F231105BE04FF4997058E040F24110C4
:10B7D00055E040F2471052E04FF4A4704FE02420AF
:10B7E0004DE025204BE0262049E02A2047E031208B
:10B7F00045E0322043E040F2F51040E04FF4FB70AA
:10B800003DE035203BE0BD2039E0392037E03C20E9
:10B8100035E03E2033E040F26D2030E03F202EE066
:10B8200043202CE06A202AE0472028E0492026E037
:10B83000482024E04A2022E040F2E5201FE040F2C8
:10B84000E6201CE04B201AE05A2018E05B2016E0AE
:10B850005E2014E05F2012E0632010E065200EE01F
:10B8600008480CE067200AE06C2008E06E2006E043
:10B870006F2004E0702002E0722000E0732005B029
:10B8800030BD00BF50464D00F8B50446002800F01A
:10B89000A6800FF099D9D4F8F415D0F1010638BF7D
:10B8A000002621B1A068F9F37BF000B901362046EB
:10B8B000D4F82C1305F00CDF2046D4F8DC1405F086
:10B8C00007DF2046D4F8341305F002DFD4F8400334
:10B8D00008B1ECF35FF5D4F8980220B103F070FDE5
:10B8E0000023C4F89832276AB96911B1204661F083
:10B8F0009BD80025BD61D4F86432595911B1204656
:10B9000032F098DA0435202DF5D1D4F8580103F03F
:10B91000B3FA2046FEF737FFD4F8180520B101F03E
:10B9200031FC0023C4F818352046FEF772FF20468C
:10B9300002F042FA23688619D3F8D41031B1606856
:10B9400002F035FA23680022C3F8D4202368D3F824
:10B95000D80028B1ECF31EF523680022C3F8D820E4
:10B96000D4F8D05204E02846EF68ECF313F53D46D6
:10B97000002DF8D12146C4F8D0522068FFF77AFC98
:10B98000206818492246FFF756FBD4F8640118B125
:10B9900007F09EF8C4F86451D4F89C0220B1ECF38F
:10B9A000F9F40023C4F89C32D4F8F80448B1ECF35D
:10B9B000F1F40023C4F8F83403E02046616815F080
:10B9C00037D8D4F89422002AF7D104F5C6600C3099
:10B9D000F8F7B2FF2046616801F08AF800E00646F9
:10B9E0003046F8BDDD5601002DE9F04F91B000243E
:10B9F00091461B9E9DF868200790DDF878B02046A0
:10BA0000099198460892DDF880A00C940D940E944C
:10BA1000E3F792FB484631461C9A1D9BCDF800B0D7
:10BA20000CF031F8054608B1012376E3FEF71AFE63
:10BA30000DAB01930EAB0293484631461C9A1D9BF9
:10BA4000CDF800B002F0AEF9074618B901230C9307
:10BA5000044688E30D9848B1AA49E8F30FF328B1EA
:10BA600029462A46E8F3A6F01FFA80F91F9B3046C4
:10BA7000009341460CAA4B4601F06CF8044600289E
:10BA800000F0898305680E9A46600D9BC5F8DC209E
:10BA9000D0F88424FF21C5F8D470C5F8D83082F8D6
:10BAA0006010426A0023C261079A0D938260964A31
:10BAB000C5F80C80C5F8A4206E610E93012280F8B1
:10BAC0004226D0F8E022C0F8A4B163F31722C0F8F0
:10BAD000E022089A414685F8212080F8CF310323DF
:10BAE00080F84135FFF7D0F9236804F5C662DB69B9
:10BAF0006068196E0C32F8F7E2FE0746002840F045
:10BB000032832046394605F007D820460799324649
:10BB1000434606F045FFC4F8640108B90F23FCE270
:10BB20007A4B28468DE88800794B7A4904937A4B02
:10BB30007A4A0593234602970397FFF7D7FA08B18D
:10BB40001023EAE2089B1C9A8DE848001D9B029294
:10BB50000393204609994A464346CDF810B002F0B7
:10BB60001DFA0C90002840F0FE822369D86FFEF782
:10BB70006AFAA4F84006B4F8AA010DF0CFD9003053
:10BB800018BF01200A3054F820300AA92362206926
:10BB90002FF0FCDF00283DD10A9B0746C4F8B031E6
:10BBA00039460FAA204604F0ADDC39462046BDF8E0
:10BBB0003C20013704F0AADC062FF1D14FF440738A
:10BBC000C5F8E8302A23C5F8B8303223C5F8BC30B0
:10BBD00036234FF47D62C5F8C43040F2D453A5F843
:10BBE000CA20A5F8C0304FF45D72002385F8B67006
:10BBF000A5F8C82084F89437D5F8B830842B02D93A
:10BC00008423C5F8B8304FF40470ECF3B1F3C4F8F2
:10BC10009C0208B9142380E24FF404720021E7F378
:10BC200091F322460023D2F8A002D4F89C120432E9
:10BC300041F82300D4F89C1251F823108B71013382
:10BC4000042BF0D1012385F89330236A1869EEF7AD
:10BC5000A1FF00F0010085F85400236A1869EEF78F
:10BC600099FFC0F3C00085F855002946204607F02B
:10BC7000EDF92B49D5F8D800E8F3DCF1D5F8D4205C
:10BC800040F26E51936A07468B4208D0126B41F224
:10BC90006B018A425AD1D12B01D0E92B12D1D4F8B1
:10BCA0008434192283F84920D4F884344FF0FF32C9
:10BCB0005A64642283F87A20D4F88434012283F809
:10BCC000302059E0B3F5897F11D8B3F5887F32D899
:10BCD000F52B07D8F42B2ED2E42B2CD0EF2B2AD027
:10BCE000D62B27E0A3F58773012B45D823E0B3F5C6
:10BCF0009A7F17D2B3F5987F1DD840F2171293425E
:10BD000018E000BF839B020000315F0701638200DF
:10BD1000EC56010008D68800514F0000DD560100A6
:10BD2000899B0200B3F59A7F26D9B3F59B7F02D990
:10BD3000B3F5A57F20D1D4F88434322283F87A2059
:10BD4000D4F88434642283F8492010E041F2E441BD
:10BD50008A4211D140F2DA5293420DD1D4F88424B0
:10BD6000642382F87A30D4F8842482F84930D4F8F5
:10BD700084344FF0FF325A642046FEF7CDFED4F8EB
:10BD800084341922A3F8AA20204607F07FF8D4F8BB
:10BD90008434226A19781069DA784EF0D1D8D4F850
:10BDA00078364FF0010983F83490E1692069043155
:10BDB00003F0D7FD236AD4F884B418694EF0D8D9BB
:10BDC000CBF8400004F5E47B206959462EF064DF8F
:10BDD0000622281D5946E7F331F2B4F8AA010DF006
:10BDE0009DD8003018BF01200A3054F8203020467A
:10BDF0002362FEF761FF08B918238EE1216A0F2341
:10BE000040F2FF32A1F80031A1F8022101F1F8035C
:10BE100001F1F402204601F01BFC236AD3F8F42060
:10BE2000C3F8F020C3F8E820D3F8F820C3F8EC20DA
:10BE30001A68022A08BF83F8159007F00103002B47
:10BE40000CBF0323002385F84F30236A1869EEF7EF
:10BE5000A1FE10F40060236806D093F84F2002B1D1
:10BE6000012283F8512001E083F85100216A204625
:10BE70001C3106F06DDA00212046D4F820900BF03A
:10BE80005DDD00227F2309F15001009301901346EC
:10BE900009F11C005AF020DD204664F02FDF40F24B
:10BEA000CC63C4F828362046FFF780FA0C900028AF
:10BEB00040F05981D4F8800402219DF92C2059F0DA
:10BEC000F9DD20464146FEF797FF10B94FF47A732B
:10BED00023E1204602F0F4FFC4F8580110B940F203
:10BEE000E9331AE12046FFF7F3F92046314614F012
:10BEF0007FDD10B940F2EB330FE1C4F8BC05C4F8A4
:10BF0000C0053146204614F073DD10B94FF47B7341
:10BF100003E10123C4F8C40585F8A830204602F0E7
:10BF200045FC10B140F2ED33F7E00623A5F8603090
:10BF3000A5F8623095F89C30012B04D14022A5F879
:10BF40006020A5F86220D5F888300A221A804FF4C4
:10BF500054725A80D5F88C300126C4221E805A8033
:10BF6000D4F830011FF0C8DD08B184F80E62B4F8CF
:10BF7000E13243F4C05343F01E03A4F8E132236AD4
:10BF80001869EEF707FEC10607D5D4F884340122FC
:10BF90009A74D4F88434FF22DA74B4F8E1224FF2B0
:10BFA000FF731340D4F88424A4F8E132D278012A34
:10BFB00007D123F4006323F00C031B041B0CA4F82B
:10BFC000E132FF260221012284F8E06284F8DF6278
:10BFD00084F8DE62204603F0BDDB012132462046B4
:10BFE00003F0B8DB236A4FF0FF38C4F814821869F5
:10BFF000EEF7D0FD10F00406204605D00321FEF335
:10C00000C3F684F81C8204E03146FEF3BDF684F8E2
:10C010001C62236A1869EEF7BDFD3A0702D50023BA
:10C0200084F81C32FB0603D520460021FEF3ACF653
:10C03000BE070ED5A26A002382F84D30E26A82F86C
:10C040004D30B4F8E13223F080031B041B0CA4F83C
:10C05000E132780703D52046002164F0D5DF3906A8
:10C0600007D5B4F8E13223F010031B041B0CA4F82D
:10C07000E13295F84130A3B195F842308BB117F019
:10C08000600F0ED007F02001D1F1010107F040024E
:10C0900038BF0021D2F10102204638BF002200F053
:10C0A0000FFFB4F8AA010CF039DF003018BF0120EF
:10C0B00000F10A0654F82670D4F868122046384A6F
:10C0C0003B4660F06FDCB86154F82610886910B9FF
:10C0D00040F24C4321E0503128223C30E7F3AEF0EF
:10C0E0001420ECF34BF1C4F8300710B940F24D4383
:10C0F00013E0AB6D204643F00403AB650EF078DD32
:10C100002046FFF771F810B14FF4FA6305E02046BE
:10C1100003F0DEF818B140F2D1730C9323E02368EA
:10C120002049D3F8D800E7F3A9F770B103461846C1
:10C1300013F8012B1AB11C498A5C5207F7D500216C
:10C140000A22E7F337F5C4F88406A0680021F8F363
:10C15000A7F4012384F8A837BAF1000F17D0002301
:10C16000CAF8003013E00D9820B1ECF313F100236E
:10C170000D930E9314B12046FFF786FBBAF1000F22
:10C1800004D00C9B0024CAF8003000E0544620463E
:10C1900011B0BDE8F08F3046394601F008FEE2E705
:10C1A00010570100489A02000AA0880038B50446DA
:10C1B00070B1056821462868FFF75CF828680549D2
:10C1C0002246FEF738FF2046BDE83840ECF3E2B0E7
:10C1D00038BD00BF1657010070B5066A8EB005461F
:10C1E0003820ECF3CBF0044600282FD01B4B056021
:10C1F000009300230193029303930493059328680B
:10C200001749184A2346FEF771FFF8B9164B214625
:10C2100000932868154A0223FEF7BBFF0546A8B91C
:10C2200029461C2204F10B00E7F38CF030693168D9
:10C2300007AA4CF025DA234607AAD97AAA5C013569
:10C240000A43DA7201331C2DF6D103E02046FFF7D2
:10C25000ADFF002420460EB070BD00BFC54F830067
:10C2600084E188001657010074E188007D4F830047
:10C2700038B5044670B1056821462868FEF7FAFF14
:10C28000286805492246FEF7D6FE2046BDE838401C
:10C29000ECF380B038BD00BF1A57010030B5054639
:10C2A00087B00C20ECF36AF0044600283FD000234E
:10C2B0000560012100930190204A2846204B02F09E
:10C2C00037FA0028606032DB1E4BD5F894068DE803
:10C2D0001800052121221C4B03F0F2FB38BB1B4B3D
:10C2E000D5F894068DE8180005212422184B03F098
:10C2F000E7FBE0B9174B0190009302900390049084
:10C30000059015492868154A2346FEF7EFFE70B9D7
:10C31000134B286800932146124A0323FEF739FF86
:10C3200028B92A680123A36082F8A93003E02046D7
:10C33000FFF79EFF0024204607B030BD79548300EC
:10C3400075548300C15583007D548300915683004A
:10C350009D5483004D558300C0E188001A570100A9
:10C36000A8E18800D154830030B5054687B0002885
:10C370006DD00820ECF302F00446002868D00023BA
:10C380000560142100930190354A2846354B02F090
:10C39000CFF9002860605EDB334B4FF498718DE875
:10C3A00018006B22D5F89406304B03F089FB002867
:10C3B00051D12F4B05218DE818006B22D5F894063A
:10C3C0002C4B03F07DFB002845D12B4B4FF4907193
:10C3D0008DE818006C22D5F89406284B03F070FB0A
:10C3E000002838D1264B4FF490718DE818006F2249
:10C3F000D5F89406234B03F063FB00282BD1224B86
:10C400000A218DE818006E22D5F894061F4B03F020
:10C4100057FB00281FD10095D5F894060A216E22FB
:10C420001B4B03F003FEB0B91A4B0190009302902E
:10C4300003900490059028681749184A2346FEF790
:10C4400055FE40B92B68012283F8AC2000E0044679
:10C45000204607B030BD2046EBF39CF70024F7E7F9
:10C46000215C8300015C8300395E8300555C83009E
:10C47000195E8300355C8300595E8300815C830014
:10C48000C55E8300C15C8300F15E8300ED5C8300C8
:10C49000E15B8300195D8300D8E188001E5701002D
:10C4A00010B5044650B10368054918682246FEF7E6
:10C4B000C2FD2046BDE81040EBF36CB710BD00BFD5
:10C4C0001E57010010B5044650B1036805491868AD
:10C4D0002246FEF7B0FD2046BDE81040EBF35AB708
:10C4E00010BD00BF999B020070B5054686B00820BC
:10C4F000EBF33EF70446002800F0B9805F4B05607F
:10C500004FF49071009301903022D5F894065C4B63
:10C5100003F0D6FA002840F0AA805A4BD5F89406CA
:10C520008DE818004FF49071F422574B03F0C8FACD
:10C53000002840F09C80554BD5F894068DE81800F3
:10C540000A21F422504B03F0BBFA002840F08F8000
:10C550004F4BD5F894068DE818004FF49071A02247
:10C560004C4B03F039FB002840F081804A4BD5F852
:10C5700094068DE8180005213022484B03F0A0FAFC
:10C58000002874D1464BD5F894068DE81800052193
:10C59000F422444B03F094FA002868D1424BD5F8BA
:10C5A00094068DE818000521A022404B03F014FBEF
:10C5B00000285CD1D5F89406052130223C4B00942C
:10C5C00003F034FD002852D1D5F894060521F42259
:10C5D000384B009403F02AFD002848D1D5F8940682
:10C5E0000521A022344B009403F0A6FD00283ED183
:10C5F000D5F89406C0213022304B009403F016FD8C
:10C60000002834D1D5F89406C021A0222C4B0094E8
:10C6100003F092FD58BBD5F89406C021F422294BB3
:10C62000009403F003FD10BBD5F894060A21F42210
:10C63000254B009403F0FAFC0646C0B98DE81100C2
:10C6400001212846214A224B02F072F8002860603E
:10C650000DDB204B28688DE848001F491F4A234600
:10C660000296039604960596FEF740FD18B1204603
:10C67000FFF728FF0024204606B070BD59638300F1
:10C68000216383003BA10000D59C0000E5A00000D1
:10C690006D6383003D6383009962830021618300A1
:10C6A00077A0000031A00000E9628300716183007F
:10C6B000A96183000D9D00001D6283003D6683001B
:10C6C000556683005D9C00008F9C0000856383009D
:10C6D00081638300B964830038E28800999B02007B
:10C6E0002023402180E80A00C0F8B010C162182160
:10C6F0004FF4F0628163016401651D212DE9F04171
:10C7000082600B251022C16505210A24C2604561A3
:10C71000856142620425C0F8B820016680224FF48A
:10C72000F0714FF480660461C461856201240925BB
:10C730004FF0140C42631127082281664FF027083E
:10C740000321C0F8B43004624466C464436585675D
:10C75000C0F830C0C2638765C66606674167C0F827
:10C760007C80C0F8A440B024C0F8C0404824C0F881
:10C77000C4406024C0F88450C0F88850C0F8C84055
:10C7800002253024C0F8E030C0F8F030D3234FF059
:10C790001208C0F88C50C0F89050C0F89C50C0F8F7
:10C7A000A050C0F8CC404FF4FA650624C0F8F4302D
:10C7B0000023C0F88080C0F894C0C0F89810C0F87A
:10C7C000A810C0F8AC20C0F80021C0F80421C0F8BF
:10C7D000D040C0F8D470C0F8D850C0F8DC20C0F801
:10C7E000E840C0F8E460C0F8FC30C0F8F810BDE8DC
:10C7F000F08101207047704738B50446D0F82C030B
:10C8000020B1EBF3C7F50023C4F82C33D4F834037C
:10C8100020B1EBF3BFF50023C4F83433D4F8180784
:10C8200030B1236823B1EBF3B5F50023C4F8183712
:10C83000D4F8C40218B123680BB1EBF3ABF5D4F80C
:10C84000C8020025C4F8C45228B123681BB1EBF319
:10C85000A1F5C4F8C852D4F8640208B1EBF39AF514
:10C86000D4F854030025C4F8645218B1EBF392F5E0
:10C87000C4F85453D4F8140320B1EBF38BF5002320
:10C88000C4F81433D4F8D40208B1EBF383F50025CF
:10C890006319D3F8A032D3F8E00008B1EBF37AF5CE
:10C8A0000435102DF4D1D4F8A00208B1EBF372F5E1
:10C8B000D4F8840420B1EBF36DF50023C4F884347C
:10C8C000D4F8DC0420B1EBF365F50023C4F8DC34C4
:10C8D000D4F8280520B1EBF35DF50023C4F8283522
:10C8E00038BD10B50C46D1B1C86918B1EBF352F59B
:10C8F0000023E361D4F8880020B1EBF34BF500236B
:10C90000C4F88830D4F88C0020B1EBF343F5002351
:10C91000C4F88C302046BDE81040EBF33BB510BDA9
:10C9200070B504464FF4B8701646EBF327F505468C
:10C93000A8B14FF48470EBF321F5E86178B131468A
:10C94000FFF7CEFE4FF45470EBF318F5C5F88800EE
:10C9500028B1C420EBF312F5C5F88C0020B92946A4
:10C960002046FFF7BEFF0025284670BD2DE9F041A7
:10C970001D4600260368C0F8C46293F8B43004462C
:10C9800038205843EBF3FAF4C4F8C402002855D019
:10C99000236893F8B4008000EBF3F0F4C4F8C80205
:10C9A00010B940F2F53394E04FF40070EBF3E6F485
:10C9B000C4F81807002800F09580C4F864622020AD
:10C9C000EBF3DCF4C4F8640210B94FF47E7380E03A
:10C9D000C820EBF3D3F4C4F8540310B940F2F23397
:10C9E00077E04FF4B870EBF3C9F4C4F8840410B9DD
:10C9F00040F2F9336DE08020666AEBF3BFF4B06279
:10CA000010B940F2034364E04FF48470EBF3B6F4E2
:10CA1000C4F82C0310B940F2EF335AE04FF484709D
:10CA2000EBF3ACF4C4F8340310B94FF47C7350E06A
:10CA30001220EBF3A3F4C4F8140310B94FF47D7380
:10CA400047E0B420EBF39AF4C4F8D40210B940F2F2
:10CA5000F6333EE04FF46470EBF390F4C4F8A002B8
:10CA6000F0B100F1E403C4F8A43200F5E47300F57A
:10CA70002B70C4F8A832C4F8AC02264604F11007A3
:10CA80002368D6F8A082DB69D3F8D4004001EBF329
:10CA900075F4C8F8E000D6F8A032D3F8E00010B979
:10CAA00040F2F73315E00436BE42E9D14FF484700A
:10CAB000EBF364F4C4F8DC0410B940F2FB3308E093
:10CAC0004FF48670EBF35AF4C4F8280520B940F20D
:10CAD000FF332B60BDE8F0813820EBF34FF4C4F84E
:10CAE000780610B94FF48163F3E70120BDE8F081C7
:10CAF00038B50D46044600282BD0FFF77CFE2046B3
:10CB00002946FFF779FEA06A08B1EBF343F4636AA4
:10CB10005BB1986A20B1EBF33DF4636A00229A623C
:10CB2000606AEBF337F400236362D4F8780620B12F
:10CB3000EBF330F40023C4F87836216821B128469D
:10CB4000FFF7CFFE002323602046BDE83840EBF31B
:10CB500021B438BD2DE9F341064640F674008846FD
:10CB600015461F46EBF30AF4044610B940F2EA33C7
:10CB700010E02623C0F8E035C0F8E435089B4146B4
:10CB8000C0F81C373A463046FFF7CAFE206018B995
:10CB900040F2EB332B602DE040231A4A80F8B4308A
:10CBA000236812680460C3F898204FF40870EBF310
:10CBB000E5F3A06240B100F58870E0622C20EBF351
:10CBC000DDF3606230B902E040F2F233E2E740F2B6
:10CBD000F333DFE72046314642462B460097FFF706
:10CBE000C5FE38B12046314642462B460097FFF736
:10CBF00000FE20B920463146FFF77AFF0024204688
:10CC0000BDE8FC814404000003680B22DB69C3F823
:10CC1000BC205A619A61704710B50446F8B1D0F84B
:10CC2000500208B1EBF3B6F3D4F8E80220B1EBF30D
:10CC3000B1F30023C4F8E832D4F8FC0320B1EBF3DD
:10CC4000A9F30023C4F8FC33236805491868224679
:10CC5000FEF7F1F92046BDE81040EBF39BB310BDA1
:10CC60006E7D890080F8C01370470000F0B587B072
:10CC70000546FFF7C9FF4FF48160EBF379F30446F3
:10CC8000002800F0D48000214FF481624026E6F3B2
:10CC900059F3256084F8E163BC20EBF369F3C4F831
:10CCA0005002002800F0BA800021BC22E6F34AF3CB
:10CCB0000123A3726373A373E373A37494F8E13342
:10CCC00000223F2BE67498BFE374FF2384F82830DA
:10CCD0000B23227462742273E2720521022284F80B
:10CCE000DE33002384F8271084F82D2041F22850E9
:10CCF00084F82C306085286890F89C002175012804
:10CD00000CBF0120104684F82E00012084F8C003D7
:10CD10004FF40060A2756063224621460520D0755D
:10CD20000220D07723B94FF48070A4F8E40302E026
:10CD30002020A1F8E403013301320231082BEDD1A8
:10CD400000260127204641F2285184F82F6084F8FC
:10CD5000307018F0D1DA0221204685F8DA721AF024
:10CD600011DE84F8D86304212846324A324B0096FB
:10CD7000019401F0DDFCB042C4F800044EDB042154
:10CD800028462E4A2E4B0096019405F017FFB0421C
:10CD9000606043DB4FF43E70EBF3EAF2C4F8E80264
:10CDA00000283BD031464FF43E72E6F3CBF2102020
:10CDB000EBF3E4F2C4F8FC0300282FD0214B2868E1
:10CDC0000093214B21490193214B224A039323468F
:10CDD000029604960596FEF789F9F8B91E4B84F879
:10CDE00054721A1D07CA8DE8070022461B682846A0
:10CDF0000721FEF7C7FAFF2384F8DD332B682046AE
:10CE000093F841101BF03CDDC823C4F8EC322046F7
:10CE10001BF04AD8202384F8E23308E0D4F850020B
:10CE200008B1EBF3B7F22046EBF3B4F2002420464E
:10CE300007B0F0BD01918300E5908300A1918300CC
:10CE4000819183006199830099B783005CE2880037
:10CE500015AA83006E7D8900A09B0200024618B1CE
:10CE600000680249FEF7E7B8704700BF5D89890096
:10CE700010B5044686B00E490E4A234600680AF0F3
:10CE8000F1D90D4B20680093002301930293039383
:10CE9000049305930949064A2346FEF727F920B172
:10CEA0002046FFF7DBFF4FF0FF3006B010BD00BF9C
:10CEB0005D89890021CF830015CE83004CE3880073
:10CEC00038B50446D0F834011546FFF7CBFED4F848
:10CED00038012946BDE8384000F02CB810B50446AA
:10CEE000002824D0416969B190F829301BB103684A
:10CEF0009868F7F355F5236861699868F7F3BCF50E
:10CF000000236361A06908B1EBF344F2E06918B152
:10CF1000EBF340F20023E3612368054918682246D9
:10CF2000FEF789F82046BDE81040EBF333B210BDA0
:10CF30007686890080F828107047000070B5054695
:10CF400086B03420EBF314F20446002800F09280FF
:10CF500000213422E6F3F6F14023256084F82A30DC
:10CF60005020EBF305F2A06100287BD00021502275
:10CF7000E6F3E8F1012384F8203084F8213084F8C6
:10CF8000223084F8233084F8243084F8253084F863
:10CF9000263084F8273023721023637294F82A30E5
:10CFA0000F2B98BF63722B6A00261869EDF7F2FD0C
:10CFB0004FF47A73E381C823238200F01000012329
:10CFC00000280CBF0520072084F828300323207395
:10CFD000E3722046A6721DF0FDDC04212846274A94
:10CFE000274B0096019401F0A3FBB042206339DB8C
:10CFF00004212846234A244B0096019405F0DEFDC7
:10D00000B04260602EDBA868204922463346F7F321
:10D010004BF5606130B34FF4BA70EBF3A9F1E06106
:10D0200000B331464FF4BA72E6F38CF1184B28681E
:10D030000093184B18490193184B194A0393194B45
:10D0400002960493184B05932346FEF74FF80646C5
:10D0500040B92B68204693F842101DF06DDC84F82F
:10D06000296007E0A06908B1EBF394F12046EBF3E7
:10D0700091F10024204606B070BD00BF05DF83009B
:10D08000EDDE830061DF830041DF830071E2830016
:10D09000DDDF830045E5830088E3880029E1830024
:10D0A000768689004457010025A3000000230374FD
:10D0B00040F6FB63C381704710B5044690B11EF083
:10D0C00025D9606808492246FDF7B5FFE06E08B132
:10D0D000EBF360F1206EEBF35DF12046BDE810400C
:10D0E000EBF358B110BD00BF6E88890030B505461E
:10D0F00087B07020EBF33CF10446002834D00021C7
:10D100007022E6F31FF12B68256063601820EBF3B3
:10D110002FF1206620B300211822E6F313F16420DA
:10D12000EBF326F1E066D8B100216422E6F30AF1C0
:10D130000F4A104B0292104A00930023019303926E
:10D140000493059360680D490D4A2346FDF7CEFF11
:10D1500030B901236382A3822046FFF7A7FF03E0D3
:10D160002046FFF7A9FF0024204607B030BD00BFCE
:10D17000DDF1830095EE830075F08300DCE3880029
:10D180006E88890070B50446E8B18569C66928468D
:10D1900000F016F9616C41B1A868F7F301F4A868D2
:10D1A000616CF7F369F40023636422463046064954
:10D1B000FDF741FF28682146FEF75CF82046BDE8F0
:10D1C0007040EBF3E7B070BD826A89002DE9F0434F
:10D1D0003C234FF005090A27D0F80080C0F8043539
:10D1E000C0F80895C0F8107587B00446A020EBF38E
:10D1F000BFF00546002800F0B1800021A0220026E3
:10D20000E6F3A0F02E70AC61C5F81C80284620F033
:10D21000AFDF0421A862554A2046334600960195A7
:10D2200001F086FAB042A866C0F29880204600F06D
:10D23000E1F80646002840F09180A0684C492A4653
:10D240003346F7F331F46864002800F08780494BD7
:10D2500040460093484B49490193494B494A029340
:10D260002B46039604960596FDF740FF03460028DB
:10D2700074D1009029462068434AFDF78AFF014691
:10D2800000286BD1D4F888040122404B03F03CFF06
:10D29000002863D13E4BD4F894068DE81800394637
:10D2A00001223C4B02F00CFC002857D13A4B3222B1
:10D2B0008DE81800D4F894063946384B02F000FC8B
:10D2C000024600284AD1D4F894064946344B0094CB
:10D2D00002F0ACFE002841D1D4F894064946012260
:10D2E000304B009402F0A2FE002837D1D4F8940607
:10D2F000494632222C4B009402F098FE70BBD4F8C1
:10D3000094064946A422294B009402F015FF28BB3D
:10D31000D4F8940649463022254B009402F086FE4C
:10D32000E0B9D4F89406C0212D22224B009402F0DB
:10D330007DFE98B9D4F8940690212D221E4B0094BE
:10D3400002F0D6FC50B9D8F8D8001C49E6F372F6C2
:10D350004FF47A7390FBF3F36B8103E02846FFF7F9
:10D3600011FF0025284607B0BDE8F08301FD8300CA
:10D37000DD16840009FD8300AD0F8400A8E4880059
:10D3800089118400826A890065068400F907840097
:10D39000F5138400A5118400D9138400951184002D
:10D3A00091128400C91284005512840079138400FC
:10D3B0000D138400A9148400A514840068858900D5
:10D3C00038B5D0F81455044675B10849024660F0E6
:10D3D000B5D9074922462068FDF72DFE2846EAF315
:10D3E000D9F70023C4F8143538BD00BF11398400C3
:10D3F00066570100F0B5044687B04FF40A60EAF3BF
:10D40000B7F7054620B9C4F814054FF0FF3005E121
:10D4100000214FF40A62E5F395F7226805F1200335
:10D420002B60002608236B612E61F821D36520460E
:10D430007B4A7C4B0096019405F0C0FBB042A8618A
:10D4400005DA2046FFF7BCFF6FF00100E6E0764BFF
:10D45000002243F8042BF2071FD5744901270A78EC
:10D460000D2A07FA02FE03DCD21917FA02F001E0D6
:10D470004FF40040CA78012111FA02F70D2A47EA59
:10D480000E0747EA000003DC521811FA02F201E02D
:10D490004FF40042024343F8042CB00723D56349FC
:10D4A00001274A7853F804EC0D2A07FA02FC03DC42
:10D4B000D21917FA02F001E04FF400408A780121F6
:10D4C00011FA02F70D2A47EA0C0747EA000003DCCD
:10D4D000521811FA02F201E04FF40042024342EA0C
:10D4E0000E0243F8042C710723D5504901270A790D
:10D4F00053F804EC0D2A07FA02FC03DCD21917FAE0
:10D5000002F001E04FF400404A79012111FA02F7DC
:10D510000D2A47EA0C0747EA000003DC521811FA0B
:10D5200002F201E04FF40042024342EA0E0243F8E5
:10D53000042C320723D53D4901278A7953F804EC9E
:10D540000D2A07FA02FC03DCD21917FA02F001E0F7
:10D550004FF40040CA79012111FA02F70D2A47EA77
:10D560000C0747EA000003DC521811FA02F201E04E
:10D570004FF40042024342EA0E0243F8042C013603
:10D58000102E7FF465AF2A4B002103932068294AAF
:10D59000234600910191029104910591FDF7A6FDAA
:10D5A00070BB0121D4F888040A46234B03F0ACFD7C
:10D5B00048BBD4F8880401210222204B03F0A4FDCB
:10D5C00020BB1F4BD4F894068DE81800802105225B
:10D5D0001C4B02F0F3F9E0B91B4B1A1D07CA8DE88A
:10D5E00007002046032122461B68FDF7CBFE20469C
:10D5F0001649224660F09CD870B9C4F814550DE065
:10D600006FF003000AE06FF0040007E06FF0050020
:10D6100004E06FF0060001E06FF0080007B0F0BD15
:10D62000C5388400453884007465010060E18800D5
:10D630000D32840066570100CD2F84000936840026
:10D64000F9398400FD318400B09B02001139840057
:10D6500070B51E468B89154642F2560293420C461F
:10D6600008D842F2550293422DD242F25002934220
:10D6700029D108E042F2600293421AD04EF2F542FC
:10D68000934220D11AE0CB89012B04D16FF03B03E8
:10D690002B600F2303E06FF045032B6014233360EE
:10D6A0000368D3F88030D90412D52B68023B2B6075
:10D6B0000EE06FF04A032B600F2308E06FF0950334
:10D6C0002B60962303E06FF04A032B601423336032
:10D6D000D4F8080130B300214022E5F333F6D4F842
:10D6E000082180231370D4F8082129685170D4F8D8
:10D6F00008219370D4F808313268DA70D4F8083110
:10D70000BF221A71D4F8083100225A71D4F80831B6
:10D710000322DA8046221A810A225A8101229A8142
:10D720000A22DA81D4F80C0128B100211022BDE8C8
:10D730007040E5F307B670BD10B50446E0B103686C
:10D740000E4918682246FDF776FCE36833B121469E
:10D7500051F80C3BD3F83C06F7F712F9A36833B144
:10D76000214651F8083BD3F83C06F7F709F9204663
:10D77000BDE81040EAF30EB610BD00BF969F8900C9
:10D7800070B5054686B01020EAF3F2F5044600288D
:10D7900037D000211022E5F3D5F5D5F83C06E42179
:10D7A000194A04F10803F7F7DFF830BBD5F83C0657
:10D7B000E821164A04F10C03F7F7D6F80646E0B95B
:10D7C0008DE8110004212846114A124B05F0F6F9A4
:10D7D0000028606011DB104B286800930F4B104944
:10D7E0000193104B104A0393234602960496059624
:10D7F000FDF77CFC08B9256003E02046FFF79CFF9D
:10D800000024204606B070BD6B570100715701001F
:10D81000DDBD84009DBD840075B6840051BE8400CA
:10D8200050E6880079B68400969F890001207047F1
:10D83000012970B50E46144607D1174B0321104637
:10D84000D3F8B8300A46984770BD19BB124BD3F8CD
:10D85000C050FFF7EBFF314602462046A84720465E
:10D8600001213246A847204602213246A8472046D9
:10D8700003210122A84720464FF481710122A847C5
:10D8800020464FF480713246A847204640F20111ED
:10D890003246A84770BD00BF10A78800806C2038B2
:10D8A0001F2805D8802333FA00F000F001007047EC
:10D8B00000207047C16FB0F84E3010B58A6AB3B11E
:10D8C000FF2B16D9180B0138012814D803F4706007
:10D8D000000A09280FD878B103F0F00090280AD880
:10D8E00003F00F0009288CBF0020012004E0184637
:10D8F00002E0012000E000200C6B41F2E4418C4288
:10D9000015D1A2F582610739012903D83F2B98BFB1
:10D91000002010BD40F20C418A4207D040F2214164
:10D920008A4204D1502B98BF002010BD002010BDAA
:10D9300090F8763010B504463BB9044B04491A6898
:10D940002CF03CDA012384F8763010BD78B8020060
:10D950007CB8020070B50C460546164608460A22F9
:10D960000021E5F3EFF463881E432B6D6680980673
:10D9700003D5238843F480632380D5F8943042F2A2
:10D980005002198C914205D15B8C052B9CBF46F04F
:10D990000406668070BD0000D0F880000149E6F3FF
:10D9A0006DB300BF119C020010B504460C20EAF3D1
:10D9B000DFF4C4F80C0138B10C220021E5F3C2F405
:10D9C000D4F80C3110229A7210BD10B50446D0F86C
:10D9D0000C0120B1EAF3DEF40023C4F80C3110BDD1
:10D9E00070B5064605460024686938B1064B1B68C9
:10D9F00098473046214600223BF03ADE0134043598
:10DA0000062CF1D170BD00BF10A788002DE9F043AE
:10DA1000046985B00546EC20A66FEAF3A9F43062EC
:10DA2000002875D01020A66FEAF3A2F470620028D7
:10DA30006ED0002637460F216846384A3346E5F354
:10DA4000E7F4D4F880006946E6F318F308B101372B
:10DA5000BFB2013640F2F1339E42ECD137B9D4F86F
:10DA600080002F49E6F30AF3002843D0B8000630BF
:10DA7000EAF37EF4C5F85C06002849D000238380D1
:10DA800000260F216846254A3346E5F3C1F4D4F851
:10DA900080006946E6F3F2F298B1D5F85C866946F3
:10DAA000D4F88000B8F80490E6F3C4F208EB8903D8
:10DAB0001881D5F85C369A8803EB82010132CE805A
:10DAC0009A80013640F2F1339E42DAD1D4F88000D8
:10DAD0001349E6F3D3F2D5F85C6650B1D4F8800070
:10DAE0000F49E6F3A7F2D5F85C36012270801A7070
:10DAF00000E03070A36F586A60B101230380838017
:10DB0000C38003810223438104238381002001E039
:10DB10006FF01A0005B0BDE8F08300BF629C020000
:10DB20006F9C02002DE9F04F0568C6682B688FB026
:10DB3000DF6900230446009388460BA80921944A14
:10DB40003346E5F365F4D4F81490B9F1000F40F0D2
:10DB50001081D4F888103A6801F50071E06FD4F8AC
:10DB600008A00992D7F804B0FAF798FE0146A86811
:10DB7000FCF776FD002800F005810921844A0BA8F6
:10DB80003346CDF80090E5F343F4E26FD4F8881003
:10DB9000B8F1000F02D001F5007300E04346099888
:10DBA00001F50871B8F1000F08BF00200190009145
:10DBB000CDF808B0B9684FF0FF390391CDF8109057
:10DBC000F968DFF8DC810591D5F8E015504606913B
:10DBD0000BA9CDF81C80FAF7D1FC0546002800F00F
:10DBE000D1802A466B4B20460021FFF721FE2A46B2
:10DBF000204600213BF03CDD00250921644A3346E4
:10DC00004FF0010B0BA8CDF800B0E5F301F400953F
:10DC10003A68D4F88830019250460BA9E26F03F5B8
:10DC2000107302950395CDF8109005950695CDF8E3
:10DC30001C80FAF7A3FC0746002800F0A4803A46AF
:10DC4000544B20462946FFF7F3FD59463A462046F5
:10DC50003BF00EDD4FF0020B09214D4A33460BA875
:10DC6000CDF800B0E5F3D4F3099AD4F888300192E6
:10DC700050460BA9E26F03F52073009502950395BA
:10DC8000CDF8109005950695CDF81C80FAF776FC36
:10DC90000746002877D03A463E4B20462946FFF7F4
:10DCA000C7FD59463A4620463BF0E2DC4FF0030BF5
:10DCB0000921374A33460BA8CDF800B0E5F3A8F3A5
:10DCC000099AD4F88830019250460BA9E26F03F507
:10DCD0003073009502950395CDF810900595069543
:10DCE000CDF81C80FAF74AFC074600284BD03A468C
:10DCF000284B20462946FFF79BFD3A4620465946C9
:10DD00003BF0B6DC042733460921214A0BA80097D3
:10DD1000E5F37EF3099AD4F88830019250460BA9B6
:10DD2000E26F03F54073009502950395CDF81090CE
:10DD300005950695CDF81C80FAF720FC064608B339
:10DD4000324620462946134BFFF772FD32462046E5
:10DD500039463BF08DDC2646706930B10E4B0F49D9
:10DD6000D3F88C309847C6F8C00001350436062D2C
:10DD7000F2D1D4F89410204608310022FFF7EAFDD2
:10DD8000012700E0074638460FB0BDE8F08F00BF1E
:10DD9000E29B0200F05D010010A78800D4318900E9
:10DDA000C403000010B5BDE81040FCF77DBA11B106
:10DDB0000846FCF721B87047F8B504690546002C01
:10DDC00042D0E06F08B1FCF74DF82046FFF708FE9F
:10DDD000D4F89460B4F846000BF0A0D8706A28B16B
:10DDE00003F04BFC00230746736200E00746D4F8BB
:10DDF000900003F021FC00263F18D4F88C0004F0BA
:10DE0000D9F92046C4F88060E667FFF7DEFDD5F853
:10DE10005C0618B1EAF3BEF2C5F85C66A36F186A37
:10DE200020B1EAF3B7F2A36F00221A62A36F586A17
:10DE300020B1EAF3AFF2A36F00225A62204601F04C
:10DE40003BFD00232B6100E027463846F8BD00006B
:10DE5000F0B587B04FF480350021042303AA0446AF
:10DE6000D0F8887000952CF05BDC234B06AE46F8AA
:10DE7000083D002104232046324600952CF09CDC0E
:10DE80000423002105AA204600952CF049DC049BC0
:10DE9000059A9A422AD1194B002104932046042363
:10DEA000324600952CF088DC0423002105AA204688
:10DEB00000952CF035DC049B059A9A4216D1042378
:10DEC0000021204603AA00952CF076DC0023C7F839
:10DED0008C31D7F82031B3F1042F09D00848C0EBBA
:10DEE000030CDCF1000040EB0C0002E0002000E03D
:10DEF000012007B0F0BD00BFAA5555AA55AAAA55E2
:10DF000000040084224B70B54FF0006100260366C8
:10DF10000A464666044605682DF0C6DD4FF080735C
:10DF2000C4F820310323A4F8A8300223A4F8AA30AF
:10DF30000723A4F8A4300423A4F8A63041F2010377
:10DF400084F8A260A4F8BC304FF41673A5F810361C
:10DF50002B6893F89C20012A0CBF0C220622A5F8FE
:10DF60000E2693F864211AB1226E42F08072226666
:10DF700093F89C20074812F1FF3218BF012206498E
:10DF8000E5F306F2FF2384F834310123637470BD96
:10DF900060A8E7B878570100787502002DE9F04FC6
:10DFA00097B09B464FF0000916AB8A46174643F8D8
:10DFB000049D21995A46054601F097FC0446002825
:10DFC00000F01D839DF88030286103742B6840F6B3
:10DFD0001201D3F8D400D3F8D860D3F8DC304A4625
:10DFE000C4F88430E067C4F88060F0F321F0C4F82E
:10DFF00088008046E860E06FEFF380F2A06420467E
:10E00000FFF780FF30469749E6F338F028B14946DC
:10E010004A46E5F3CFF51FFA80FA30469249E6F317
:10E020002DF048B100210A46E5F3C4F54FF6FF7321
:10E0300080B2984218BF074650463946FDF734F97A
:10E0400008B90C23DAE28949A4F844A0A4F8467080
:10E050003046E5F3EFF78649C4F860013046E5F352
:10E06000E9F7C4F86401B4F846000AF057DF00305D
:10E0700018BF0120263054F82030B4F84600C4F808
:10E0800094300AF04BDF003018BF01200A3055F8F9
:10E09000203020462B62FFF701FC08B90D23ADE2CA
:10E0A000E06FEFF3E5F1E06FEFF39CF6204600211F
:10E0B0002BF0B0DB20464FF0FF312CF021DC204666
:10E0C000FFF7C6FE08B90E2398E230466949E5F32A
:10E0D000B1F7FF2808BF0120A4F84E002046FFF743
:10E0E000E9FB08B90F2389E263493046E5F3A2F75B
:10E0F000624984F84C003046E5F39CF7604920659E
:10E100003046E5F397F794F84C3060650B2B05D952
:10E1100030465C49E5F38EF7C4F850015A49304661
:10E12000E5F388F7594984F835013046E5F382F77D
:10E1300084F836012B6893F86A312BB13046544984
:10E14000E5F378F7C4F8540152493046E5F372F725
:10E15000514984F858013046E5F36CF7E36F41F21A
:10E160006B02196BA4F86801914220D19B6A4E2B77
:10E1700008D1B4F84E30402B19D9236D43F0020377
:10E18000236514E0E42B04D1B4F84E30B3F5A85F56
:10E1900006E0EF2B0BD1B4F84E2041F201239A4256
:10E1A00005D8236D43F480032365002363653B4951
:10E1B0003046D4F85C71E5F33DF7394938603046B4
:10E1C000D4F85C71E5F336F7364978603046D4F818
:10E1D0005C71E5F32FF73449B8603046A76FE5F37B
:10E1E00029F73876A36F1A7E012A01D003221A7606
:10E1F000236D990604D5012120460A462DF0F6D854
:10E20000D4F880002949E5F339F720B1D4F880002B
:10E210002649E5F30FF781462549D4F88000E5F358
:10E220002DF720B1D4F880002149E5F303F7074624
:10E230002049D4F88000E5F321F720B1D4F880001C
:10E240001C49E5F3F7F62B6893F82821BAB3226D41
:10E25000920504D5B9F1000F01D007B160BB0022CF
:10E260002BE000BF259C0200B49C02004C9C0200E5
:10E27000579C0200AB9C0200BA9C0200069C020064
:10E28000869C02009F9C0200CC9B0200D79B020050
:10E29000799C0200369C0200C29C0200419C020054
:10E2A0002C9C0200C09B0200ED9B0200199C020006
:10E2B000F29B0200929C0200012283F828212B6825
:10E2C00093F8692132B1226D12F0010218BF0122C8
:10E2D00083F86921B4F846200123C4F8B830B4F8B3
:10E2E00044002B68A5F8AA21E26FA5F8A801C3F89D
:10E2F000D420A26C1A6194F84C2083F87C202B68FF
:10E30000226DB4F84E00C3F88020626DA3F87A0045
:10E31000C3F8842094F84C2020460B2A84BFD4F8FC
:10E320005021C3F84821D4F8B820012783F83D7064
:10E330005A62A9682A4603F02BFFC4F88C0008B97A
:10E3400019235BE1219AE36F0292A26C049006927A
:10E35000B4F84620B4F84400ADF82A20DA6B0393F1
:10E360000B921A6CADF828000C925A6C02A80D9210
:10E3700094F84C20CDF814B00E929A6A09960F9238
:10E38000B4F84E2010921A6B1192226D1292626DA7
:10E3900013925A68DB680792089303F0AFFAC4F847
:10E3A000900008B9102329E12623C5F8E035C5F807
:10E3B000E4354FF4FF73C4F83831B4F846000AF07E
:10E3C000ADDD10F1000918BF4FF0010949462046A4
:10E3D0002EF0FCD8B9F1000FD4F894300CBF022213
:10E3E0000122C3F804901A602B6A14BF0122022292
:10E3F000C3F804901A60E06FD5F81C90EFF376F044
:10E40000D8F85C31C9F8000023F000437E4AE36687
:10E410002367A36C0C2101FB0323303BC4F8D830E5
:10E42000204639462BF0ACDDD4F89490D4F8900017
:10E430004146D9F80020334603F066F9C9F82400B4
:10E4400008B91123DAE04FF0FF3120462DF04EDA03
:10E45000D4F89430E16E586A03F00CF9D4F8943093
:10E4600003F12202009203F11C0103F11E02586A1B
:10E47000203303F0ECF8D4F89480D8F8240003F0AB
:10E48000F4F888F82800D4F89430D5F82080586A39
:10E4900003F0EBF888F81400D4F89480D8F824003E
:10E4A00003F0E6F8D4F89430C8F81800DA8B37FA9D
:10E4B00002F1C90701D41223A0E0296A586A086151
:10E4C000988B4A8108811A8C588C8A81C8810F22C6
:10E4D00040F2FF30D8829A8220463946FFF722FB6D
:10E4E00008B913238AE02B6893F86931002B32D0E6
:10E4F000002120462BF0F6DF30464449A76FE5F3B4
:10E5000099F5236DC0B2DA07386020D5636D1B061C
:10E510001DD4E36F9A69900002D5DA69D10704D55A
:10E52000DB69DA0701D4580711D5E36E99000ED5DF
:10E5300030463649E5F3A2F530B134493046E5F3CB
:10E5400079F5C1B2204604E02046082101E02046CA
:10E5500000212BF073DDE06FEBF358F420462DF033
:10E5600017DF0094E06F2A492A4A0023FBF76CFC6E
:10E57000204600212DF0EEDE2046FFF70DFA08B907
:10E5800015233BE004F1FC063146E5F3A9F13046E2
:10E59000E5F338F518B93046E5F340F508B1162330
:10E5A0002CE02046FFF700FA2846A16C01F0E2F9C2
:10E5B0002B68DA69526AC5F84425013A85F8422584
:10E5C000D3F89800A8B103789BB113492246E5F32C
:10E5D000C7F62B681149D3F898002246F9F78AFE4E
:10E5E000606930B12B68D3F898100D4BD3F8B03078
:10E5F00098472846FFF70AFA10B11B231593159880
:10E6000017B0BDE8F08F00BF005E0100FD9B020067
:10E6100001DC840015DC84005DD98400BDD9840050
:10E6200010A7880010B50446002828D003681449B4
:10E6300018682246FCF7FFFC236A1BB104F1200096
:10E64000E4F396F0E3691BB104F11C00E4F390F0ED
:10E65000A3691BB104F11800E4F38AF063691BB1EC
:10E6600004F11400E4F384F023691BB104F11000F9
:10E67000E4F37EF02046BDE81040E9F38BB610BD10
:10E680008A570100036830B5DB690546586D87B0CD
:10E6900000012430E9F372F60446002838D003461E
:10E6A00043F8245BC36004F11001D5F83806E4F3A5
:10E6B00049F068BBD5F8380604F11401E4F342F0E0
:10E6C00030BBD5F8380604F11801E4F33BF0F8B993
:10E6D000D5F8380604F11C01E4F334F0C0B9D5F8DC
:10E6E000380604F12001E4F32DF088B94FF4856376
:10E6F00063600B4B019000930A4B039002930490CC
:10E70000059009492868094A2346FCF7EFFC18B12F
:10E710002046FFF787FF0024204607B030BD00BF2A
:10E72000C10B85007513850080E688008A570100BB
:10E73000F0B5D0F828410068A568C069406D8542F1
:10E7400011D2E7682E01B8194360059B013583603B
:10E75000069BBA51C3606068A560C31C591821F0BC
:10E7600003016160F0BD6FF01500F0BDD0F82831F5
:10E770001869E3F3C3B7D0F8280110B10069E4F3D6
:10E780001FB07047D0F82831D869E3F3B7B7D0F895
:10E790002831D869E4F314B0D0F82831186AE3F3CB
:10E7A000ADB7D0F82831186AE4F30AB073B505465E
:10E7B0002EF058DC0446B8B12B684FF00052C5F873
:10E7C0006802009293F82F202846019221460022E9
:10E7D00004332EF0D3D9064650B9284621462FF0EF
:10E7E000B1DB064620B901E06FF01A0630467CBD69
:10E7F000284621462FF01EDBF8E7F8B51F460368D0
:10E800000D461E691146D6F880001446E5F32AF439
:10E8100040B3B84224D121460022D6F88000E5F367
:10E8200015F4287021460122D6F88000E5F30EF495
:10E83000687021460222D6F88000E5F307F4A8703C
:10E8400021460322D6F88000E5F300F4E870D6F8FC
:10E85000800021460422E5F3F9F328710120F8BD78
:10E860004FF0FF30F8BD000038B50446B8B103687A
:10E870000B4918682246FCF7DEFB606B08B1E9F330
:10E8800089F5D4F880000025656318B1E9F382F5B5
:10E89000C4F880502046BDE83840E9F37BB538BD68
:10E8A000915701002DE9F04105698CB0074684209D
:10E8B000E9F364F50446002800F0D28107603C20AB
:10E8C000E9F35CF58046002800F0CA813B69012627
:10E8D00080F8386080F8396043603B6A04603146F4
:10E8E0001869ECF77EFAD8F80430B649D3F88000FE
:10E8F000E5F3A0F3D8F80430C8F81400B249D3F80F
:10E900008000E5F397F3D8F80430C8F81800AF4951
:10E91000D3F88000E5F38EF3D8F80430C8F81C0073
:10E92000AB49D3F88000E5F385F3D8F80430C8F894
:10E930000800A849D3F88000E5F37CF3D8F8043048
:10E94000C8F81000A449D3F88000E5F373F3A34B93
:10E95000C8F80C00C4F880800093A14BA149019332
:10E96000A14BA24A0293A24B0393A24B0493A24B46
:10E97000059338682346FCF7B9FB8046002840F031
:10E980006F8184F82C003B699C49D3F88000E5F343
:10E9900051F384F86F003220E9F3F0F40746606326
:10E9A000002800F05D8141460A2206A8E4F3CAF47B
:10E9B0000C238DF8193099238DF81A30A6238DF881
:10E9C0001B3008238DF81E30B7238DF81F30E2234B
:10E9D0008DF820308A4AC4238DF821308DF81860D4
:10E9E0008DF81D601068516809AB03C31289854911
:10E9F0001A80854B3E70A363844B84F85A80E3638E
:10EA0000636B9E71D5F88000E5F338F3002800F0C1
:10EA100093807C49D5F88000666BE5F30BF370704A
:10EA20007B49D5F88000666BE5F304F3B070794953
:10EA3000D5F88000666BE5F3FDF2F0707649D5F805
:10EA40008000666BE5F3F6F230717449D5F880000A
:10EA5000666BE5F3EFF270717149D5F88000666B73
:10EA6000E5F3E8F2F0716F49D5F88000666BE5F3E5
:10EA7000E1F2B0716C49D5F88000E5F3DBF284F87F
:10EA800044006A49D5F88000666BE5F3D3F2307232
:10EA90006749D5F88000666BE5F3CCF27072616B64
:10EAA00005230A31634A2046FFF7A7FE616B052361
:10EAB0000F3186B2604A2046FFF79FFE616B052347
:10EAC000143136185D4A2046FFF797FE616BB6B2E7
:10EAD0001931052336185A4A2046FFF78EFE616B1E
:10EAE000B6B236180B7AB6B2B34225D11E31052321
:10EAF000544A2046FFF781FE616B0523233186B21D
:10EB0000514A2046FFF779FE616B052328313618FC
:10EB10004E4A2046FFF771FE616BB6B205233618E8
:10EB20002D3120464A4AFFF768FE636BB6B23618AD
:10EB30005B7AB6B2B34225D0626B00235370626B2E
:10EB40000C219370626BD370626B1171616B022246
:10EB50004A71A86F616B0068C871616B0A72616B62
:10EB60004A72606B812284F8402006A90A2284F848
:10EB700041300A30E4F362F3606B09A91E300A22C7
:10EB8000E4F35CF3626BAB6FD27900211A6004F19D
:10EB90004D000822E4F3D6F3002384F8583084F8BB
:10EBA0005930A4F85630D5F880002A49E5F366F2CA
:10EBB000002851D0D5F880002649E5F33BF284F8CF
:10EBC0005F0051E0E49D0200D19C0200FA9C02002B
:10EBD0000A9E0200629D0200D09D0200512885001D
:10EBE00085DA0000A4E68800E12B8500915701003A
:10EBF000D52B8500A45701006DD30000989E02001C
:10EC00003B380100479E02001127850089278500B7
:10EC1000919D0200319E02001B9E0200F39D0200A6
:10EC2000E29C0200A89D02004E9D0200819D020010
:10EC30003D9D02000D9D02001D9D02002D9D0200C4
:10EC4000719D0200549E0200659E0200769E0200A5
:10EC5000879E0200BD9D0200BA2384F85F3003E066
:10EC60002046FFF701FE002420460CB0BDE8F081ED
:10EC700030B5044685B0002840D0D0F8201131B11D
:10EC800003689868F5F3F8F60023C4F82031236888
:10EC90001A6892F82F2022B3D3F8240101A9002288
:10ECA0005EF0A2DA0FE043685A060CD5D4F8305172
:10ECB000451904E00368C5F81031E9F36BF3D5F8A2
:10ECC00010010028F6D1236801A9D3F824015EF0D1
:10ECD000A1DA0028E7D104E00368C4F84431E9F37D
:10ECE00059F3D4F844010028F6D123680449186880
:10ECF0002246FCF7A0F92046E9F34CF305B030BDFD
:10ED00005DB3890030B5054687B04FF4A670E9F3CE
:10ED10002FF30446002875D000214FF4A672E4F3C7
:10ED200011F33C4B256000933B4B3C4A019300237D
:10ED3000029303920493059328683949394A23467C
:10ED4000FCF7D4F900285DD12B6A1A68022A05D194
:10ED50005B7D002B0CBF1623302300E030232218EC
:10ED60004430B0F5887F1374EED1A8682E492A4646
:10ED70000023F5F399F6C4F82001002842D04FF49F
:10ED80007A7345F27352C4F81C31A4F83C21002375
:10ED90004622C4F84431A4F83E2128468DE82800D4
:10EDA0004FF48A71214A224B03F008FF0028C4F86F
:10EDB000300127DB1F4BD5F894068DE8180005219C
:10EDC000B0221D4B00F008FFE0B91C4BD5F89406AB
:10EDD0008DE818000521B222194B00F0FDFE88B91C
:10EDE000D5F894060A21B022164B009401F0A4F93C
:10EDF00040B9D5F8C006B021134A144B009401F075
:10EE000005FC18B12046FFF733FF0024204607B069
:10EE100030BD00BF9150850011658500654E8500AD
:10EE200018E888005DB389005549850011568500B2
:10EE3000ED558500955D8500E94A8500D15C85002A
:10EE4000514A850095538500854E8500994E850071
:10EE500010B5044630B133F091DE2046BDE81040D5
:10EE6000E9F398B210BD10B504462420E9F386F208
:10EE700000B1046010BD000010B50446E0B1436865
:10EE80000E4918682246FCF7D6F8D4F83C01FFF783
:10EE9000DFFFD4F83401FFF7DBFFD4F89C0008B1A2
:10EEA000E9F378F2D4F8940008B1E9F373F220465C
:10EEB000BDE81040E9F36EB210BD00BFBC570100C1
:10EEC0002DE9F041754B00271F60754B056888B030
:10EED00006461F604FF4A070E9F34AF2044600288A
:10EEE00000F0D78039464FF4A072E4F32BF284E8A7
:10EEF00060003046C6F85841FFF7B5FF8046C4F8B9
:10EF0000340130B13046FFF7AEFF8046C4F83C0113
:10EF100020B92046E9F33EF24446BAE07F210422BC
:10EF200004F14400E4F30EF27F21042204F17000A6
:10EF3000E4F308F2042207A83946E4F303F2336845
:10EF400093F87C20D3F8D800012A13D95549E5F36A
:10EF500095F0014658B107A80322E4F3CBF207A8C5
:10EF6000042137F0B7D990B107A84F490CE007A8A2
:10EF70004E4909E04E49E5F35DF00928034606D8FD
:10EF80004C4907A801EB83010322E4F3B3F2032207
:10EF900007A904F10800E4F3ADF233684649D3F859
:10EFA000D800E5F347F0D5F8D43041F26B02196B85
:10EFB000E06091420ED19B6A8B2B01D0902B09D13E
:10EFC000022807D107A83D490422E4F36FF208B9EB
:10EFD0000323E360D5F8D43041F26B02196B914200
:10EFE0000DD19B6A932B0AD107A835490422E4F37B
:10EFF0005DF220B9E368042B01D10623E360D5F864
:10F00000D43041F26B02196B914218D19A6A40F2E6
:10F0100035139A4213D107A82A490422E4F346F291
:10F0200058B107A828490422E4F340F228B107A800
:10F0300026490422E4F33AF208B91323E3600025D9
:10F04000EAF786FF35F058DF07A90422C4F8945088
:10F05000C4F89850C4F89C50C4F8A050C4F8A45008
:10F0600084F8F450204633F0C3DE194B30688DE845
:10F0700028001849184A23460295039504950595DA
:10F08000FCF734F828B12046C6F85851FFF7F4FED3
:10F090002C46204608B0BDE8F08100BFB4650100F1
:10F0A000B8650100A89E0200BF57010041B5890064
:10F0B000AE9E020094E98800B19E0200C257010092
:10F0C00068EB880078E9880080E9880084E9880096
:10F0D000F16D85003CE98800BC57010030B505465C
:10F0E00087B00C20E9F34AF10446D0B1114B05601A
:10F0F0004FF49071009301900722D5F894060E4BBF
:10F1000000F0DEFC80B90D4B01900093029003905B
:10F11000049005900A4928680A4A2346FBF7E6FF4F
:10F1200010B9204607B030BD2046E9F333F1002482
:10F13000F7E700BFC19D8500299B8500659B850081
:10F14000ECED880034590100036810B50446054908
:10F1500018682246FBF76FFF2046BDE81040E9F330
:10F1600019B100BF3459010070B5054686B00C20B6
:10F17000E9F304F10446002863D0056000260190FD
:10F1800004212846334A344B0096FFF7D1FAB042A7
:10F19000606059DB04212846304A314B00960194C7
:10F1A00003F00CFDB042A0604EDB28462D492246FC
:10F1B000FFF7DCFA002847D12B4BD5F894068DE8F1
:10F1C00018004FF490712522284B00F079FC00289C
:10F1D0003AD1274BD5F894068DE818004FF490717A
:10F1E0003C22244B00F06CFC00282DD1D5F894066D
:10F1F00005219C22204B009500F036FF002823D1EA
:10F20000D5F89406802125221C4B009400F070FD57
:10F21000D0B9D5F8940680213C22194B009400F017
:10F2200067FD88B9174B01900093174B0390029329
:10F230000490059015492868154A2346FBF756FFA8
:10F2400010B9204606B070BD2046E9F3A3F00024B3
:10F25000F7E700BF51A3850011A3850059A78500DA
:10F2600045A78500CDA38500E5A98500F1A385000C
:10F2700015AA850019A4850031A28500D1A28500B8
:10F28000F1A2850009A58500E1A9850028EE880086
:10F2900050B9890038B505680446224628680649F1
:10F2A000FBF7C9FE284605492246FFF764FA2046C7
:10F2B000BDE83840E9F36EB050B98900CDA38500B0
:10F2C000024602490068FBF7B6BE00BF3A5901008A
:10F2D00030B50D4B87B00093002304460193029391
:10F2E0000393049305930949094A23460068FBF7F1
:10F2F000FDFE002814BF4FF0FF350025204638F0F2
:10F3000071D8284607B030BDA1B08500445901002E
:10F310003A5901002DE9F043064687B038200F46E0
:10F3200091469846E9F324F00446002838D000219D
:10F330003822E4F307F0D7F83C0640211A4A04F1DA
:10F340002003F5F711FB054620B12046E9F322F032
:10F35000002425E0154BC4F81C80A760C4F80C906D
:10F360002661134900930190029003900490059048
:10F37000234630460F4AFBF7B9FE034660B9E06802
:10F380000D492246F5F390F30546A06140B9206986
:10F390000A492246FBF74FFE2046E8F3FBF72C46CE
:10F3A000204607B0BDE8F08314C68900EDB485009F
:10F3B00058EE8800B89E02004DB585005C590100EA
:10F3C00010B5044638F042DA0F4920692246FBF7AF
:10F3D00032FEA16961B1237D23B1E068F5F3E0F26B
:10F3E00000232375E068A169F5F346F30023A361C8
:10F3F000A36804F12001D3F83C06F5F7C1FA2046D2
:10F40000E8F3C8F7002010BDB89E020010B504460E
:10F41000C0B122460C494068FFF7C3F92246606834
:10F420000A4903F00EFE224660680949FFF7A3F976
:10F43000A06808492246FBF7FEFD2046BDE81040C3
:10F44000E8F3A8B710BD00BF21BF850081C58500C6
:10F4500029BB85006359010070B5054686B01820A8
:10F46000E8F386F70446002800F0E980002118221E
:10F47000E3F368F72B680022A360AB686560E36084
:10F480006B68042123610423A38228466D4B8DE819
:10F490001400FFF74DF900282060C0F2CC80284608
:10F4A00069492246FFF778F9002840F0C4802846D1
:10F4B00066492246FFF75AF9002840F0BC802846EA
:10F4C0006349224603F0B8FD002840F0B480614B48
:10F4D0000190009302900390049005905E49286883
:10F4E0005E4A2346FBF702FE002840F0A4805C49F8
:10F4F0000322D5F8BC063CF039DA5A4E5A490222AA
:10F50000D5F8C0063CF032DAD5F89406B0213022A6
:10F51000564B0096019400F051FA002840F08B8081
:10F52000534BD5F894068DE8180040F605013622B5
:10F53000504B00F0C5FA00287DD14F4BD5F894060A
:10F540008DE8180040F6040137224C4B00F0B8FA61
:10F55000002870D1D5F8BC063021444A33460094C7
:10F5600001F009F8002866D1D5F8BC063621414AD9
:10F570003F4B009400F0FFFF00285CD1D5F8BC069B
:10F5800037213E4A3C4B009400F0F5FF002852D151
:10F59000D5F8C00639213A4A3A4B009400F0EBFF07
:10F5A000002848D1D5F89406C0213622364B009465
:10F5B00000F03CFD00283ED13021D5F894060A46E3
:10F5C000324B009400F094FB002834D1D5F8940617
:10F5D00040F60A0136222E4B009400F027FD50BB66
:10F5E000D5F8940640F60A0137222A4B009400F021
:10F5F0001DFD00BBD5F8940630213922264B00941E
:10F6000000F014FDB8B9D5F8BC0630211F4A2346D6
:10F6100001F044F878B9D5F8BC0636211C4A2346D7
:10F6200001F03CF838B9D5F8BC063721194A234611
:10F6300001F034F818B12046FFF7E8FE0024204618
:10F6400006B070BDA1BA850021BF850029BB850029
:10F6500081C5850035BC850080EE880063590100B6
:10F660007CEE880019BA8500A4EE880071B8850088
:10F6700085C68500A5BB8500C1C5850035BB850055
:10F6800021BC8500DDC68500C9C4850005C2850092
:10F69000C9C0850011C0850035C1850008B1E8F3F7
:10F6A00079B6704737B505463820E8F367F6044663
:10F6B00050B14FF0FF33056005490193054A064BF1
:10F6C000009539F0ABDD01E0FFF7E8FF20463EBDD5
:10F6D000E9CD8500F1CD8500E1CD850070B5054609
:10F6E00086B01020E8F344F60446002838D0002104
:10F6F0001022E3F327F6002625600121C5F8CC4649
:10F700002846194A194B00960194FFF711F8B042A8
:10F71000E06021DB164B28688DE848001549164A41
:10F7200023460296039604960596FBF7DFFC98B9EC
:10F73000124BD5F894068DE828000521BE22104B07
:10F7400000F04AFA40B9D5F89406C021BE220D4B0C
:10F75000009500F0F1FC18B12046E8F31BF60024F8
:10F76000204606B070BD00BF8DD0850089D08500D1
:10F77000E1CF8500A8EE8800BF9E02005DD0850025
:10F780003DD0850091D0850010B5044688B103793D
:10F7900023B18068E8F3FEF500232371236805494F
:10F7A00018682246FBF747FC2046BDE81040E8F306
:10F7B000F1B510BDBF9E020008B1E8F3EBB570478C
:10F7C00037B505460420E8F3D3F50446002855D0A4
:10F7D0002D4B056040F23F11009301902D22D5F88A
:10F7E00094062A4B00F06CF9002847D1284BD5F835
:10F7F00094068DE818004FF495713D22254B00F0DA
:10F800005FF900283AD1244BD5F894068DE818000A
:10F810004FF495714A22214B00F052F970BB204BF6
:10F82000D5F894068DE81800152150221D4B00F0E4
:10F83000D3F918BBD5F8940605212D221A4B009454
:10F8400000F0F4FBD0B9D5F89406C0212D22174B57
:10F85000009400F0EBFB88B9D5F89406C0213D2256
:10F86000134B009400F0E2FB40B9D5F89406C02198
:10F870005022104B009400F05FFC18B12046FFF7B7
:10F880009BFF002420463EBDC5D28500CDD085001B
:10F8900011D38500E1D085000DD38500DDD0850032
:10F8A00071D28500B5D0850041D1850001D2850097
:10F8B00021D285007DD1850010B50446A0B1036832
:10F8C000806F00225A6108B1E8F364F5D4F898001B
:10F8D00008B1E8F35FF5606808B1E8F35BF520462E
:10F8E000BDE81040E8F356B510BD2DE9F0410446DF
:10F8F0004FF4B6700D4616469846E8F33FF50746B6
:10F9000010B940F2F2331EE004608560C660282022
:10F91000E8F334F5B86710B940F2F33313E0582038
:10F92000E8F32CF5C7F8980040B12C30C7F89C00DC
:10F930003020E8F323F5786060B902E04FF47D737E
:10F9400001E040F2F5333846C8F80030FFF7B4FF65
:10F95000002703E00023C8F8003060613846BDE8A6
:10F96000F0810023C218D2F8C020CA500433182BEB
:10F97000F8D170474FF4C863C0F864366823C0F804
:10F9800068364FF48073C0F86C360223C0F87036C6
:10F99000C0F874367047000010B5044650B10368D3
:10F9A000054918682246FBF746FB2046BDE8104093
:10F9B000E8F3F0B410BD00BF0D5A010001F0F001F2
:10F9C0002DE9F04F0E110168B0F81080096889B078
:10F9D000C9699446D1F8C010079388450446B0F829
:10F9E00012A0838AC78AB2B25CDA817900295CD11D
:10F9F000324D05EBC200808806E055F8329019F8C8
:10FA00000190E14502D001318142F6D381424FD0CD
:10FA1000E71937F812B0013237F81250A2444545C1
:10FA200023441AD2C5EB080805F101090AEB0501C8
:10FA300042460AEB0900CDF814C00693E3F35EF4E6
:10FA4000069B0C2202FB093002FB053102FB08F287
:10FA5000E3F354F4DDF814C0069B3146002207E0BE
:10FA600007EB460030F802E00EF1010E20F802E04C
:10FA7000013102320D29F3D91299CBEB0502009125
:10FA800013990AEB0B0001910C2101FB0B3192B28F
:10FA9000079BCDF808C000F0A1FB238A00200133AA
:10FAA000238207E06FF0150004E06FF0160001E01C
:10FAB0006FF01D0009B0BDE8F08F00BF685901006C
:10FAC0002DE9F347DDF82890DDF82CA007460E4617
:10FAD00015469846002456FA04F3DB070AD521019F
:10FAE000384601F0F0012A4643468DE80006FFF74C
:10FAF00065FF18B901340D2CEDD10020BDE8FC875D
:10FB00002DE9F04F89B007920268B0F818801268AA
:10FB10009C46D2690446D2F8C420B0F81AA0904599
:10FB2000838BC78B50DA8279002A50D101F0F0061E
:10FB30003611C719B2B237F812B0013237F8125085
:10FB40008244454503441AD2C5EB080805F1010972
:10FB50000AEB050142460AEB0900CDF814C00693F2
:10FB6000E3F3CCF3069B0C2202FB093002FB0531C8
:10FB700002FB08F2E3F3C2F3DDF814C0069B314642
:10FB8000002207E007EB460030F802E00EF1010E1C
:10FB900020F802E0013102320D29F3D91299CBEBA2
:10FBA0000502009113990AEB0B000191079992B29B
:10FBB00002910C2101FB0B31634600F00FFB238BFC
:10FBC00000200133238304E06FF0150001E06FF0A3
:10FBD000160009B0BDE8F08F2DE9F347DDF8289055
:10FBE000DDF82CA007460E4615469846002456FA26
:10FBF00004F3DA070AD52101384601F0F0012A465C
:10FC000043468DE80006FFF77BFF18B901340D2C41
:10FC1000EDD10020BDE8FC872DE9F04F89B00792B7
:10FC20000268B0F8308012689C46D2690446D2F867
:10FC30000021B0F832A09045838EC78E50DA8279C9
:10FC4000002A50D101F0F0063611C719B2B237F8C8
:10FC500012B0013237F812508244454503441AD29B
:10FC6000C5EB080805F101090AEB050142460AEB5C
:10FC70000900CDF814C00693E3F340F3069B0C2271
:10FC800002FB093002FB053102FB08F2E3F336F315
:10FC9000DDF814C0069B3146002207E007EB460062
:10FCA00030F802E00EF1010E20F802E001310232DC
:10FCB0000D29F3D91299CBEB0502009113990AEBA8
:10FCC0000B000191079992B202910C2101FB0B31BB
:10FCD000634600F083FA238E00200133238604E07C
:10FCE0006FF0150001E06FF0160009B0BDE8F08F6D
:10FCF0002DE9F04F87B005920268B0F820801268B5
:10FD00009C46D2690446D2F8C820B0F822A090459B
:10FD1000838CC78C4CDA8279002A4CD101F0F00632
:10FD20003611C719B2B237F812B0013237F8125093
:10FD300082444545034419D2C5EB080805F1010981
:10FD40000AEB050142460AEB0900CDF80CC004930A
:10FD5000E3F3D4F2049B4FEAC80203EBC90003EBC0
:10FD6000C501E3F3CBF2DDF80CC0049B3146002261
:10FD700007E007EB460030F802E00EF1010E20F834
:10FD800002E0013102320D29F3D91099CBEB0502C3
:10FD9000009105990AEB0B00019192B203EBCB01A4
:10FDA000634600F02BFA238C00200133238404E007
:10FDB0006FF0150001E06FF0160007B0BDE8F08F9E
:10FDC0000368F0B5DB690C25B3F8C020064605FBD7
:10FDD00002F4433222F003020134A418B3F8C42021
:10FDE0004FF6FE7102F11F006A4321404118501C7A
:10FDF0004FF6FC720A408218B3F800014FF6FE710C
:10FE000000F11F046843114061184FF6FC72013085
:10FE10000A408218B3F8C8004FF6FE7100F11F04C3
:10FE200011406118C0004FF6FC7201300A40821880
:10FE3000B3F8CC004FF6FE7100F11F0411406118B9
:10FE4000C0004FF6FC720A40B3F80431013080184C
:10FE50004FF6FE7203F11F010240DB008A18591CA5
:10FE60004FF6FC731340CB184FF6FE771F401C373C
:10FE7000BFB287B03846E8F37BF20446002800F0B2
:10FE8000BC8000213A46E3F35DF24023638233688D
:10FE90004FF6FC72DB692660B3F8C010A78001F151
:10FEA0004300024005FB0121A28201314FF6FE72A0
:10FEB0000A40B3F8C410E2821C3292B2C81C101877
:10FEC00062834FF6FC72024005FB0121A2830131DF
:10FED0004FF6FE720A40B3F80011E2831C3292B270
:10FEE000C81C101862864FF6FC72024005FB012107
:10FEF000A28601314FF6FE720A40B3F8C810E286BE
:10FF00001C3292B2C81C101862844FF6FC72024078
:10FF100002EBC1010131A2844FF6FE720A40B3F830
:10FF2000CC10E2841C3292B2C81C101862854FF6C5
:10FF3000FC72024002EBC1010131A2854FF6FE7254
:10FF40000A40B3F80411E2851C3292B2CB1C6287DE
:10FF5000D2184FF6FC731340A38703EBC1030133A0
:10FF60004FF6FE721A40E2870025274F57F83530CA
:10FF700063B1264B29018DE81800DD22204601F0EF
:10FF8000F001234BFFF71AFD002836DB01350D2D5C
:10FF9000EBD1002557F8353053B12901DD22204639
:10FFA00001F0F0011B4B0094FFF7A2FE002824DBB8
:10FFB00001350D2DEED1184BB0218DE81800FF2230
:10FFC0002046164BFFF7FAFC002816DBB021FF2273
:10FFD0002046134B0094FFF78BFE00280DDB114BDE
:10FFE000002102933068104A234600910191039149
:10FFF00004910591FBF77AF818B12046FFF7CCFC85
:020000041003E7
:100000000024204607B0F0BD685901000DD58500D9
:1000100061D58500ADD58500F1E0000043E1000029
:1000200091E0000099D485000D5A01002DE9F743B5
:10003000DDF8289007460E4615469846002456FAE5
:1000400004F3D8070AD52101384601F0F0012A4609
:100050004346CDF80090FFF74BFE18B901340D2C44
:10006000EDD10020BDE8FE832DE9F04F87B0059269
:100070000268B0F8288012689C46D2690446D2F81B
:10008000CC20B0F82AA09045838DC78D4CDA8279B8
:10009000002A4CD101F0F0063611C719B2B237F878
:1000A00012B0013237F8125082444545034419D248
:1000B000C5EB080805F101090AEB050142460AEB08
:1000C0000900CDF80CC00493E3F318F1049B4FEA48
:1000D000C80203EBC90003EBC501E3F30FF1DDF840
:1000E0000CC0049B3146002207E007EB460030F8C5
:1000F00002E00EF1010E20F802E0013102320D297A
:10010000F3D91099CBEB0502009105990AEB0B008E
:10011000019192B203EBCB01634600F06FF8238D9F
:1001200000200133238504E06FF0150001E06FF03B
:10013000160007B0BDE8F08F2DE9F743DDF82890F1
:1001400007460E4615469846002456FA04F3DB0788
:100150000AD52101384601F0F0012A464346CDF880
:100160000090FFF781FF18B901340D2CEDD100206C
:10017000BDE8FE832DE9F047089F9A4604469DF8A6
:100180002460034600250CE013F8010B86420AD0D8
:100190001DB113F802ECB64501D2864203D90135F0
:1001A000ADB29542F0D1AA4207FB05180ED9C5EBB6
:1001B0000209414607FB09F208EB0700E3F39EF052
:1001C000681C201861194A46E3F398F040465146EE
:1001D0003A46E3F333F06655BDE8F0877FB5039305
:1001E000089B0493099B05930C2300939DF82830EA
:1001F000019303ABFFF7BEFF07B000BD1FB502932D
:10020000069B0393082300939DF81C30019302ABD7
:10021000FFF7B0FF05B000BD37B5254BD0F89456B9
:1002200004460093019040F23F1128467F22214B63
:10023000FFF746FC00283AD11F4B28468DE81800EE
:1002400041F63F5140221D4BFFF7C6FC78BB1C4BCB
:1002500028468DE8180040F63F119822194BFFF709
:10026000BBFC20BB184B28468DE8180040F22F112C
:10027000A822164BFFF7B0FCC8B9284640F20F1170
:100280007F22134B0094FFF7D1FE80B9284640F23D
:100290000F1198220F4B0094FFF74EFF38B92846F4
:1002A00040F20F11A8220C4B0094FFF745FF3EBD12
:1002B00055F0850081EC8500A1F08500A1EC85005A
:1002C00009F0850007E2000019F1850015ED8500B1
:1002D000C5ED850085ED850001EE850037B5104B35
:1002E000D0F8945604460093019005212846002238
:1002F0000C4BFFF7E5FB90B90B4B28468DE8180037
:1003000005210122094BFFF7DBFB40B9084B2846CA
:100310008DE8180005213222064BFFF7D1FB3EBDC8
:1003200049E7850011E7850065E785001DE7850041
:100330002DE7850001E7850037B5254BD0F89456A9
:100340000446009301904FF4907128460022214BFF
:10035000FFF7B6FB00283AD11F4B28468DE818005E
:100360004FF4907101221D4BFFF7AAFB78BB1C4B89
:1003700028468DE818004FF490713222194BFFF790
:100380009FFB20BB184B28468DE818004FF4907156
:100390000322164BFFF794FBC8B9154B28468DE88E
:1003A00018004FF490710622124BFFF789FB70B9C9
:1003B000284680210522104B0094FFF799FC30B9A4
:1003C0002846802105220D4B0094FFF791FC3EBD8D
:1003D00001EC850089E985003DEC850091E9850007
:1003E000A5EB850045E9850079EB850031E98500BD
:1003F000CDEB850061E985009DE9850019EB85005D
:1004000037B5154BD0F8945604460093019040211F
:1004100028460022114BFFF7D1FAE0B9104B2846CD
:100420008DE81800402101220E4BFFF7C7FA90B962
:100430000D4B28468DE81800402132220B4BFFF768
:10044000BDFA40B90A4B28468DE818004021032226
:10045000084BFFF7B3FA3EBD8DF2850031F28500FF
:10046000A5F285003DF2850071F2850021F285003C
:1004700049F2850011F2850037B50A4BD0F8945641
:10048000044600930190B02128461022064BFFF746
:1004900095FA30B92846B0211022044B0094FFF79A
:1004A00027FC3EBD65E8850081E78500ADE7850056
:1004B00037B5D0F8945604460090C0212846002253
:1004C000114BFFF7B3FDF0B92846C02101220F4BB5
:1004D0000094FFF7ABFDB0B92846C02106220C4BB3
:1004E0000094FFF7A3FD70B92846C021A822094B4C
:1004F0000094FFF721FE30B92846C0219822064B10
:100500000094FFF719FE3EBDF9F2850021F3850046
:10051000D9F285003DF38500C1F2850010B504468F
:1005200050B10368054918682246FAF784FD204651
:10053000BDE81040E7F32EB710BD00BFAA5A010076
:1005400038B505460C20E7F313F7044638B100210F
:100550000C22E2F3F7F60C232560A38001E0FFF7FD
:10056000DDFF204638BD28B18368DA88013ADA8099
:10057000E7F310B770472DE9F04F9B46038B87B028
:10058000C518C65AB5F80480438AC6EB08089845D2
:1005900005919446878AB0F816A032DA6C88C7199C
:1005A0004445824416DAC4EB080804F101093919FC
:1005B000424607EB0900CDF810C0E2F39FF60C228B
:1005C00002FB09A002FB04A102FB08F2E2F396F68B
:1005D000DDF810C06B88A21B01336B80AB880C2147
:1005E0000133AB80109BB8190193059B01FB06A159
:1005F000029392B26346CDF800B0FFF7EFFD002002
:1006000001E06FF0150007B0BDE8F08F2DE9F04F65
:100610009B46038B9446C518AC8830F80380428A09
:10062000C8EB040387B093420591878AB0F816A0FF
:100630002FDA9C42074482446E8816DAC8F100081B
:1006400004F101093919424607EB0900CDF810C041
:10065000E2F354F60C2202FB09A002FB04A102FB08
:1006600008F2E2F34BF6DDF810C0AB88A21B0133B1
:10067000AB80109B0C210193059BB819029301FBE1
:1006800006A192B26346CDF800B0FFF7A7FD0020A7
:1006900001E06FF0150007B0BDE8F08F2DE9F04FD5
:1006A0009B46038C85B0C518C65AB5F80480438BA9
:1006B000C6EB0808984503919446878BB0F81EA0B6
:1006C0002EDA6C88C7194445824415DAC4EB080851
:1006D00004F101093919424607EB0900CDF808C0B9
:1006E000E2F30CF60AEBC9000AEBC4014FEAC802B8
:1006F000E2F304F6DDF808C06B88A21B01336B80BF
:10070000AB88B8190133AB80039B0AEBC601019398
:1007100092B26346CDF800B0FFF770FD002001E013
:100720006FF0150005B0BDE8F08F00002DE9F04F27
:10073000036885B003931B681546DB69C288D3F84C
:10074000D03007469A420E465BDA09B14E1CB6B26B
:100750000DB10135ADB206F127034FF6FC7A03EA7D
:100760000A0A0C2303FB06A34FF6FE78013303EAC3
:10077000080808F10903EB184FF6FC7B03EA0B0BA2
:100780000BEBC50201324FF6FE73134003F106096D
:100790001FFA89F948460293E7F3EAF50446002870
:1007A00030D000214A46E2F3CDF5029B0399238421
:1007B000FB88A4F81880242208F106080133216080
:1007C000A760A4F81090A282A4F816A0A4F81C8038
:1007D000A4F81EB066826583FB8046B1DD21204609
:1007E0000C4A0D4B0094FFF7C6FE00280ADB6DB1E2
:1007F000DD212046094A2346FFF750FF002805DA8D
:1008000000E000242046FFF7AEFE0024204605B09D
:10081000BDE8F08F85F5850041F58500BDF58500C3
:100820007FB50A4A03460092002201920292039287
:10083000049205920649074A0068FAF757FC002817
:1008400014BF4FF0FF30002007B000BD991E860096
:1008500078F08800AE5A0100024602490068FAF7B3
:10086000EABB00BFAE5A010010B5044648B10368A8
:1008700021461868FAF7FEFC2046BDE81040E7F371
:1008800089B510BD37B505460820E7F377F504466E
:10089000A0B10560002201900C2128460A4B00926D
:1008A000FDF746FF0028606008DB084B28680093CE
:1008B0002146074A0423FAF76CFC18B12046FFF7DB
:1008C000D3FF002420463EBD1D2686002CF1880063
:1008D0003126860010B50446C06818B1E7F35AF512
:1008E0000023E36010BD10B50446A020E7F340F5F7
:1008F00070B1E060A06000F19002034610339342B3
:1009000043F8103CFAD10023C0F89030184610BDCF
:100910006FF01A0010BD000038B50446002852D010
:10092000002105683FF04EDA20463FF02BD863697E
:1009300033B12046002141F015DA606938F044DC1B
:10094000A36933B12046012141F00CDAA06938F0E7
:100950003BDC236933B12046022141F003DA2069F0
:1009600038F032DCE36F33B12046032141F0FAD98D
:10097000E06F38F029DC204641F09AD9D4F898008D
:10098000E7F308F501E03EF027DEE16920460029A3
:10099000F9D1FFF79FFFD5F8440118B10A492A465B
:1009A00000F08FF9286809492246FAF744FBD4F889
:1009B000A8301BB104F1A800E1F3DAF62046BDE847
:1009C0003840E7F3E7B438BD11428600F4C8890027
:1009D00030B5054687B0B020E7F3CAF404460028D6
:1009E00000F099800021B022E2F3ACF40A2384F8ED
:1009F0004330012384F84830FF2384F8203084F802
:100A0000213084F8223084F823302560C420E7F3B5
:100A1000AFF4C4F8980000287DD020463FF0C4D938
:100A200020463FF047DD2B6841F26B02D3F8D4300B
:100A300020F07F00196BA0879142204608D19B6A65
:100A4000932B05D13FF036DDC0F58440683001E0DE
:100A50003FF034DDE087E38F204623F07F03E38718
:100A60003FF02CDD41F2883222652E4A002320F02F
:100A70007F00A4F84000E36400922B4A04930192A3
:100A80002A4A059302922A4A2868039229492A4A47
:100A90002346FAF72BFB00283DD1D5F8E80538F0BE
:100AA00069DB6061002836D0D5F8E80538F062DBF4
:100AB000A06180B3D5F8E80538F05CDB206150B365
:100AC0002046FFF710FF30BBD5F8E80538F052DBC1
:100AD000E06700B3012384F87830D5F8440141F28F
:100AE0007073A4F87A3020B114492A4600F0E6F871
:100AF00088B9204601213FF065D94FF44843A365EA
:100B00000023E36532232366D5F8380604F1A801F3
:100B1000E1F318F618B12046FFF7FEFE0024204648
:100B200007B030BD59348600B15286003952860074
:100B3000ED3686004CF18800F4C889001142860029
:100B400038B50446002827D005681449286822468D
:100B5000FAF771FA236A1BB104F12000E1F308F6F9
:100B6000E3691BB104F11C00E1F302F6A3691BB1B8
:100B700004F11800E1F3FCF563691BB104F1140002
:100B8000E1F3F6F5284606492246FDF7F4FD204636
:100B9000BDE83840E7F3FEB338BD00BFB0CB8900F5
:100BA0002D62860070B5054686B03020E7F3E6F387
:100BB0000446002859D04FF0FF3303610422FF217F
:100BC00005600A30E2F3BEF30B2104F10E00E3F3FB
:100BD00091F700238DE8180004212846264A274B68
:100BE000FDF7A6FD002860603FDB28462449224629
:100BF000FDF7BCFD002838D1D5F8386604F11401A2
:100C00003046E1F39FF500282FD1304604F118015A
:100C1000E1F398F548BB304604F11C01E1F392F58D
:100C200018BB304604F12001E1F38CF5E8B9154B0F
:100C300001900093144B04900293144B059003937E
:100C400028681349134A2346FAF750FA68B9204630
:100C500041F09ADF20B12046012141F0C9DF20B9DF
:100C60003223A3622623636203E02046FFF768FF76
:100C70000024204606B070BD45638600FD628600F4
:100C80002D628600A962860051658600F9628600A1
:100C90003CF28800B0CB89004069E1F32FB5406990
:100CA000E1F38EB58069E1F329B58069E1F388B598
:100CB000C069E1F323B5C069E1F382B5006AE1F3ED
:100CC0001DB5006AE1F37CB538B5044660B105682E
:100CD000224606492868FAF7AEF92046E7F35AF3A8
:100CE0002B68002283F84E2038BD00BF54CC890009
:100CF00070B50368002686B0054683F84E600C2068
:100D0000E7F33CF30446002843D0234B0560234916
:100D10008DE848002868224A2346029603960496E6
:100D20000596FAF7E3F9064600282ED18DE8110062
:100D30001C2128461B4A1C4BFDF7FAFC002860606A
:100D400023DB0C212846194A194B0096019401F027
:100D500035FF0028A06018DB164BD5F894068DE807
:100D600018000A213822144BFEF7AAFE68B9D5F8FC
:100D700094060A213822114B0095FFF757F920B944
:100D80002B68012283F84E2003E02046FFF79CFFEA
:100D90000024204606B070BDD971860054F2880048
:100DA00054CC8900A97186007D71860091768600F9
:100DB0005D7686007D778600197786004977860004
:100DC00070B5064686B00820E7F3D2F20446A0B11B
:100DD0000B4B0025066045600A498DE82800306805
:100DE000094A23460295039504950595FAF77EF97D
:100DF00018B12046E7F3CEF22C46204606B070BD6F
:100E00004D7E860098F28800B0C6890010B5044671
:100E100050B10368054918682246FAF70CF92046D4
:100E2000BDE81040E7F3B6B210BD00BFB0C6890000
:100E300070B5044600282AD0066822463068144956
:100E4000D6F84451FAF7F7F8224630461149FDF733
:100E500092FC224630461049FDF799FC224628466E
:100E60000E49FFF71CFF224628460D49FFF71DFFDC
:100E7000224628460B49FFF71EFF28460A4922460C
:100E8000FFF71FFF2046BDE87040E7F383B270BD57
:100E900035D289005D8786006D978600FD848600C7
:100EA000E9868600CDAA8600A5928600F0B5D0F826
:100EB000446187B005465820E7F35AF204460028FB
:100EC00000F0938000215822E2F33CF220462021DA
:100ED000494A40F8205BE2F39BF201274FF0FF33D1
:100EE000E06184F84070A4F84C3030464349224613
:100EF000FFF7D2FE002878D1304641492246FFF75D
:100F0000D1FE002871D130463E492246FFF7D0FE7F
:100F100000286AD130463C492246FFF7CFFE002820
:100F200063D1284639492246FDF72CFC06460028A5
:100F30005BD18DE8110004212846354A354BFDF779
:100F4000F7FB0028206150DB2846394632463346FD
:100F500000960194FDF7ECFB0028606145DB04215D
:100F600028462D4A2D4B0096019401F027FE0028BB
:100F7000A0613ADB28462A492246FDF7F7FB002804
:100F800033D1284B03EBC60253F8363063B15268B5
:100F900052B131018DE81400D5F8940601F0F0014A
:100FA000C022FEF7ADFD00BB01360D2EE9D11E4B70
:100FB0001E4A009300230193029203930493059326
:100FC00028681B491B4A2346FAF790F868B920465F
:100FD00046F0F6D820B12046012144F0C3D820B90C
:100FE000636C43F00403636403E02046FFF720FFD3
:100FF0000024204607B0F0BDB15A0100FD848600F0
:10100000E9868600CDAA8600A59286006D978600A7
:101010000192860089918600059E8600F19D8600DA
:101020005D878600C49E0200198A860055AB860043
:10103000ECF2880035D2890038B50446D0B180681A
:1010400008B1E7F3A7F1236943B90EE0236953F828
:10105000350008B1E7F39EF1013500E00025E368B3
:101060009D42F3DB2069E7F395F12046BDE8384067
:10107000E7F390B138BD00002DE9F0410546182096
:10108000E7F37CF10446002833D02B680560DB6968
:101090000C20DB6901335843E7F370F1A06040B3E3
:1010A0002B681820DB69DA695B6F6260E360E7F345
:1010B0005FF12061E8B1124918220026E2F3BEF088
:1010C00037460EE00E4BD4F810809B19187980003B
:1010D000E7F354F1236948F806009B59083643B1F9
:1010E0000137E3689F42EDDB6B68064ADC609A607B
:1010F00003E02046FFF7A0FF00242046BDE8F08172
:101100002C9F0200B9BC860010B5C468A1420BDA5E
:10111000006900EBC1042479A24208DA50F83110CA
:10112000002041F8223010BD6FF0150010BD6FF0A7
:10113000150010BD47F06C9B10B50446FFF7FAFF91
:10114000E084000C84F82800002010BDD0F8F033B3
:1011500010B5044683B1D3F8280830B1E7F31AF18B
:10116000D4F8F0330022C3F82828D4F8F003E7F3CA
:1011700011F10023C4F8F03310BDC36B10B5044661
:1011800083B1836B5B6B0B2B07D1D0F8E00320B1ED
:10119000E7F300F10023C4F8E033E06BE7F3FAF083
:1011A0000023E36310BD10B504460120E7F3E0F02F
:1011B0000346E063A8B100210122E2F3C3F0A36B70
:1011C0005B6B0B2B0CD14FF49470E7F3D1F003461B
:1011D000C4F8E00328B100214FF49472E2F3B2F0B6
:1011E0000123184610BD70B5044640F678100D4630
:1011F000E7F3BEF0C4F8F003002831D0002140F638
:101200007812E2F39FF0B4F85220D4F8F0330026BD
:101210001A70D4F8F033204683F8B660C3F8B06093
:10122000D4F8F03383F8B460A36B83F88460A36BC5
:101230001E679E673C23C4F8BC301023C4F8C0303E
:10124000C4F8C46000F09AFFA36B022D0CBF1A6FA4
:101250009A6F0020DA6684F8C36284F8C26270BDB7
:101260006FF01A0070BD0000B0F8C632F7B5044642
:101270000E46FBB10846E2F311F107461348E2F3CC
:101280000DF13F181037BFB23846E7F371F005464D
:10129000B8B1B4F8C632394600930D4A3346E2F38A
:1012A000B7F0E06C2946E2F3E9F607462846E7F393
:1012B00071F03FB9E06C314603B0BDE8F040E2F3B5
:1012C000DDB60746384603B0F0BD00BF8F9F020071
:1012D0007A9F0200044B1B78012B02D10020007082
:1012E0007047FFF7C1BF00BFFC0300002DE9F347C3
:1012F0001C46B0F8C632074688469146C66C002B9D
:1013000032D00846E2F3CAF082462248E2F3C6F041
:1013100082440AF1100A1FFA8AFA5046E7F328F0CD
:10132000054600282FD0B7F8C632514600931A4A16
:101330004346E2F36DF038462946FFF7CBFF0746F8
:1013400068B130462946E2F38DF640B1484506DDE6
:10135000304629464A46E2F379F6824600E0A24644
:101360002846E7F317F08FB930464146E2F37AF6A4
:1013700058B1484509DD304641464A4602B0BDE80D
:10138000F047E2F363B6824600E0A246504602B060
:10139000BDE8F0878F9F02007A9F020010B51446C7
:1013A000FFF798FF28B100210A46BDE81040E2F39C
:1013B00001B4204610BD000038B500220D46084992
:1013C0000446FFF7EBFFC0B22823A84284F8660367
:1013D00084F8D531CCBF84F8663384F8D50138BDA4
:1013E000D69F0200012238B580F860200A23826B64
:1013F000002580F89E31032380F89F3180F86F53D9
:1014000080F8715380F8735380F8755380F87753E0
:1014100080F8BA5182F88A304FF6CE73A0F878324D
:1014200014491422C0F874520446FFF7B7FF12495A
:1014300084F866032A462046FFF7B0FF7F2384F82E
:101440007B304FF0FF33A4F8983004F5F673C4F8FE
:101450008C31642384F858300423C4F8280384F8BA
:101460006C50C4F8E453C4F8745284F8D43184F84E
:10147000D63138BDD69F02005E9F02000022FFF7E2
:101480008DBF000010B517490446FFF7F7FFC0B243
:1014900084F8E8030138C0B2FD2802D9732384F828
:1014A000E83394F8E833204684F8E9330E49FFF72F
:1014B000E5FFC0B284F8EA0308B10F2802D1052382
:1014C00084F8EA3394F8E82394F8EA33D31A84F8DA
:1014D000EB33002384F8EC3384F8EE33112384F8E3
:1014E000ED3310BD849F0200E79F02002DE9F0411B
:1014F00005460C4617461E46FFF7ECFE38B1284657
:1015000021463A463346BDE8F041FFF7EFBE30468C
:10151000BDE8F0810023FFF7E9BF000070B50122AC
:101520000D463C490446FFF739FF3B4984F8680300
:1015300000222046FFF732FF384984F82C030722A7
:101540002046FFF72BFF364984F82D032046FFF78E
:10155000C1FE88B132492046A66BFFF78FFF3049A4
:1015600030672046A66BFFF789FFA36BB067022D9B
:101570000CBF1A6F9A6FDA662A4900226FF0950342
:101580002046FFF7B3FF274984F8340301222046A1
:101590006FF09503FFF7AAFF022584F835030023B7
:1015A0002A4620461F49FFF7A1FF63190135052D83
:1015B00083F83403F3D100252A4620461A49FFF761
:1015C000A9FF631901350E2D83F85703F4D10123C8
:1015D00084F86733062220461449FFF7DFFE002215
:1015E00084F8650312492046A56BFFF7D7FE114921
:1015F00085F82C0100222046FFF7D0FE002384F856
:101600003E034021204684F82433BDE87040FFF7B4
:10161000D3BE00BF6E9F0200449F0200C89F02001D
:10162000A09F0200F89F0200C19F0200959F020048
:10163000AD9F0200699F020010B5044628B10468FE
:10164000003418BF0124E6F3A5F6204610BD10B5FE
:10165000848B0C80018C118040F2DA321A8090F871
:101660003520029B01201A8010BD90F8340070478D
:10167000C06A7047836B9961704738B5044600288B
:101680003ED0C56D013DC565002D39D1FFF75EFD2A
:101690002046FFF772FDD4F8801229B1A36B1869B8
:1016A00000F08CFDC4F88052002584F89551204646
:1016B00046F0E4DEA26B1368A34202D1A36C136070
:1016C00003E09A6CA2421DD19D64D4F8943A0BB108
:1016D00020469847A36B186951F094D8D4F8E413C6
:1016E00020B141B1204647F08FD804E019B1A36B77
:1016F000986852F0CDDC2046E6F34CF6002038BD69
:10170000012038BD012038BD2DE9F0478A4600216F
:1017100004461546C0680A4676469946EBF3DCF661
:10172000804600070CD5276857B1BB6BC7F84C90B3
:101730001869F96A51F02CD8FB6D0133FB65CEE0D6
:101740004FF42F60E6F314F6074628B96FF01A003D
:10175000314648F0A3DDC5E000214FF42F62E1F3EC
:10176000F1F5FB6DC7F844A00133FB652368BC634A
:10177000BB640123C7F84C90276087F85930E26CAE
:1017800041F26B039A4205D1636C932B0CBF01238A
:10179000182300E01823022DA7F88A3005D118F08D
:1017A000010F1CBF4FF40053FB62BB6BF96A186951
:1017B00050F0EEDF7B6CB3F8E0831FFA88F808F492
:1017C00070631B0AFB615FFA88F33B62BB6BD868EE
:1017D000F8F739FCFB69A7F8C602092B04D10423EA
:1017E000FB613B6A10333B62012387F824304FEAE8
:1017F00018333B633846FFF79FFC002875D14FF440
:101800008053A7F856304DF2240241F20103022D15
:1018100018BF1346A7F8523038463749FFF75AFD2C
:1018200038B138463449D7F83880FFF727FEC8F872
:1018300068003846FFF7B7FC002856D038462946DE
:10184000FFF76CFE3846FFF7CDFD384600F0D2FBBF
:1018500000284AD029463846FFF7C5FC054600282F
:1018600043D13846FFF70EFE384647F001DD3846D3
:10187000012146F0AFDD3846294648F083DB4FF0C2
:10188000FF33C7F8D432C7F8D832C7F8DC32C7F80C
:10189000E032C7F8E432C7F8E832C7F8EC32C7F8EC
:1018A000F032384607F11C011C22E1F3C7F420692D
:1018B00050F0A8DF60B1BB6B986852F035DEC7F816
:1018C000F80328B96FF01A00314648F0E7DC0CE065
:1018D0003846002148F04CDA002387F8FC3907F13C
:1018E0004C03FB643846BDE8F0873846FFF7C5FE79
:1018F0000020BDE8F08700BF519F020070B505468B
:101900004FF498707646E6F333F5044628B96FF045
:101910001A00314648F0C2DC39E000214FF49872D9
:10192000E1F310F52B68A3606B68E360AB6823619B
:10193000EB6863602B6963612B8CA3846B8CE384FD
:101940006B6AA362AB6AE362EB6A23632B6B63632C
:101950006B6B6364AB6BA364EB6BE3642B6C236511
:101960006B6C6365AB6CC4F81C316B69A365AB69C8
:10197000E3650F2323663D2363667923A366012372
:10198000C4F818310323E366002384F88B30204623
:1019900070BD00007FB50A4B0A49009300230193F4
:1019A0000293039304930593074A0368F9F79EFB98
:1019B000002814BF4FF0FF30002007B000BD00BF6B
:1019C00005E3860068F48800B95A010001490268FD
:1019D000F9F731BBB95A01000023F0B51C4607E006
:1019E000CE183568C718C550756801347D60083356
:1019F0009442F5D1F0BD000038B5046C0023C4F862
:101A0000243690F86D53094B094A4FF48060002D3D
:101A10000CBF15461D46E6F3ABF4C4F8240620B10E
:101A200029468022FFF7D8FF012038BD66AD0200AD
:101A300066B1020070B517494FF0FF32046C0546DD
:101A4000FFF7ACFC1449C4F8500517222846FFF7ED
:101A5000A5FC0026C4F8540510496FF0250284F84F
:101A600058652846FFF79AFC0D49A4F84805324608
:101A70002846FFF793FC0B49A4F8040C6FF003020F
:101A80002846FFF78BFCB4F84835C318A4F8063C89
:101A900070BD00BF1DA0020046A802002FA80200D2
:101AA0009CAC020007AD020038B527490446FFF799
:101AB000E5FCC0B228288CBF0023012384F8690309
:101AC00084F8CA0384F86D3320462049FFF7D6FC1A
:101AD000082820461CD81E490022FFF71BFD80B2B3
:101AE0000022C4F8FC001B492046FFF713FD1A49E9
:101AF000C4F800012046FFF7C1FC184905462046FE
:101B0000FFF7BCFC80B240EA0545C4F8045113E07D
:101B100013490022FFF7FEFC80B2C4F8FC00114913
:101B200000222046FFF7F6FC0F49C4F800012046CA
:101B3000FFF7A4FCC4F8040120460C49FFF79EFC03
:101B400084F8080138BD00BF1EA40200EFAC0200FB
:101B500014A802003DA802004CA0020038A0020018
:101B600090AC020035AD0200A1A80200C4A702009B
:101B7000F8B5A4490022056C0446FFF7CBFCA14947
:101B800085F8BC0401222046FFF7C4FC9E4985F875
:101B9000BD04002207232046FFF7A8FC922385F806
:101BA000BE04994901222046FFF7A0FC974985F819
:101BB000BF0400222046FFF7F1FB9549C5F8C40495
:101BC00000222046FFF7EAFB0026A5F858049149B9
:101BD00085F8336420463246FFF7E0FB8E49A5F8CE
:101BE0000A042046FFF74AFCB8B1012385F83334D4
:101BF0002F464223324620468749FFF777FCAB1930
:101C0000C0B283F82604B5F80A340136C018A7F824
:101C10000C0402370D2EECD10DE080494222204603
:101C2000FFF7BCFBC2B285F8082420467C49FFF7C9
:101C3000B5FBA5F806047B4900222046FFF7AEFB62
:101C4000794985F838044FF0FF322046FFF7A6FBAC
:101C50007649A5F868054FF0FF322046FFF79EFB56
:101C60007349A5F86A054FF0FF322046FFF796FB4F
:101C70007049A5F86E054FF0FF322046FFF78EFB46
:101C80006D4985F8700500222046FFF787FB002686
:101C900084F87400324620466849FFF73BFCAB19D4
:101CA00001360E2E83F80606F4D1A122644920469F
:101CB000FFF774FB6349C5F8C00546F20F62204682
:101CC000FFF76CFB0822C5F8C4055F492046FFF703
:101CD00065FB5E49C5F8C8056FF008022046FFF7AE
:101CE0005DFB5B49C5F8CC0540F6BB722046FFF7AB
:101CF00055FB0A22C5F8D00556492046FFF74EFB92
:101D00005549C5F8D4056FF044022046FFF746FB5D
:101D10005249A5F802066FF04A022046FFF73EFB43
:101D20000122A5F804064E492046FFF737FB80B292
:101D3000031C18BF012300F0020085F84A353F223A
:101D400085F84B0547492046FFF728FB642285F8B4
:101D50004C0545492046FFF721FB4449C5F85C0581
:101D60004FF0FF322046FFF719FBC5F86005013040
:101D700018BF012085F864053D4900222046FFF781
:101D80000DFBC0B200F00F03000900F0010085F860
:101D9000143685F817063749002226232046FFF718
:101DA000A5FB3449A5F81806012242232046FFF777
:101DB0009DFB5023A5F81A062E4902222046FFF764
:101DC00095FB0622A5F81C062B492046FFF7E6FAEC
:101DD00085F81E062046FFF767FE94F86D2320461F
:101DE000002A4DD12549FFF795FB2449A4F8820329
:101DF00001222046FFF78EFB2049A4F87E032046EF
:101E00004DE000BFC8AC020073A8020087AC02001E
:101E100054AC02007FA8020074AC0200B1AC020016
:101E2000E3AC020008A0020055A00200F7AC0200DB
:101E300061A802001CA80200BAAC02004CAD02006E
:101E400025A802008DA80200D2AC0200D9AC020085
:101E500014A002005FAD02002AAD020067AC0200D0
:101E6000DFA70200ADA80200FAA70200E8A702005F
:101E700041A0020080AC0200D1A7020045AD0200E3
:101E800025490022FFF746FB2349A4F882030122DB
:101E90002046FFF73FFB2049A4F87E03204602229C
:101EA000FFF738FB0023A4F880031C4985F833367C
:101EB00020460222FFF71AFB10B1012385F83336C2
:101EC00095F833362BB3154900222046FFF722FB45
:101ED0001249A4F82C0A01222046FFF71BFB0F49E8
:101EE000A4F8280A02222046FFF714FB0C49A4F8A4
:101EF0002A0A00222046FFF751FA0A4985F83106DE
:101F000028222046FFF74AFA002385F8320684F893
:101F100067330120F8BD00BF0AA80200A5AC02008B
:101F2000DAA702005AAD020038B50E49046C054626
:101F3000FFF7A4FA0C4984F829062846FFF79EFA11
:101F4000FF2284F82A0609492846FFF727FA08499C
:101F500084F830062846FFF791FAC4F82C060120D1
:101F600038BD00BF5EAC020096A802002BA00200A4
:101F700051A8020038B50446056C4FF46770E6F3CB
:101F8000F7F1C5F82006236CD3F82006B0B1D4F8D9
:101F9000DC300B4A934207D00A4A934206D00A4AE1
:101FA00093420AD1094902E0094900E009494FF486
:101FB0006772E1F343F1012038BD002038BD00BF56
:101FC000C0AD3A0280BA8C0100F82401B8A8020022
:101FD00082A0020028A4020010B504464EF00AD8E0
:101FE000236CD3F82006E6F3D5F1206CBDE8104051
:101FF000E6F3D0B170B5044640F60840E6F3B8F118
:1020000005462064002800F08380002140F6084245
:10201000E1F398F10125A36B84F8825084F8F05025
:10202000D868EBF3BDF13B4BC4F8DC00C4F8483A88
:10203000394B2046C4F84C3A384BC4F8503A384B28
:10204000C4F8543A374BC4F8A03A374BC4F85C3A5A
:10205000364BC4F8643A364BC4F86C3A354BC4F886
:10206000703A354BC4F87C3A344BC4F8B43A344B2C
:10207000C4F8B03A334BC4F8C03A334BC4F8BC3A56
:10208000324BC4F8C43A324BC4F8C83A314BC4F8A6
:10209000CC3A314BC4F8943A304BC4F8D03A304B78
:1020A000C4F8D43A2F4BC4F8D83A2F4BC4F8DC3AD2
:1020B0002E4BC4F8E03AFFF75BFD40B32046FFF734
:1020C00059FF20B32046FFF797FC00B32046FFF7E7
:1020D000B1FC236C204683F8C054FFF725FF244948
:1020E00000222046266CFFF759F9224986F834066B
:1020F00000222046FFF752F91F4984F890022A4631
:102100002046266CFFF74AF986F8350600E00546BA
:10211000284670BD554B8700114A8700154A870035
:10212000B95E87008D358700214B8700915E87005F
:10213000CDEC8600296487001D4B8700895F8700EE
:1021400015F98600D5F8860049388700614987006F
:10215000CD218700C5F90000415D0200F50A870026
:10216000F90A8700F10A8700FD0A87000D0B870036
:1021700072A0020064A0020014AD0200836B93F809
:102180002C210AB1042200E003221A67DA667047A4
:10219000F8B507460C200D461646E6F3E9F004466E
:1021A00030B100210C22E1F3CDF027606660A5601C
:1021B0002046F8BD08B1E6F3EDB070478068F2F351
:1021C0005BB4000070B5064686B06C20E6F3D0F034
:1021D0000446D0B100216C22E1F3B4F00823A361DE
:1021E0000E4B26600025009330680D490D4A2346AA
:1021F00001950295039504950595F8F777FF38B991
:102200003268012382F892302371204606B070BDF7
:102210002046E6F3BFF02C46F7E700BF0D698700C4
:10222000B00A8900665B010010B5044668B1036816
:10223000064918682246F8F7FEFE204651F048D8B5
:102240002046BDE81040E6F3A5B010BD665B010076
:1022500010B5044648B1054922464068F8F7EBFE40
:102260002046BDE81040E6F395B010BD5CF489004F
:1022700070B5064686B01020E6F37AF0044630B317
:1022800000211022E1F35EF033682660636073681A
:102290000025A360042130460E4A0F4B009501949F
:1022A000FCF746FAA842E0600DDB0C4B30688DE885
:1022B00028000B490B4A2346029503950495059582
:1022C000F8F714FF18B12046FFF7C2FF002420469C
:1022D00006B070BD29748700117487007D74870073
:1022E0007C0B89005CF4890030B5054687B014206A
:1022F000E6F33EF0044638B300211422E1F322F065
:102300006B682868A360124B25606060002500930D
:102310001049114A234601950295039504950595A8
:10232000F8F7E4FE60B90A2323730F236373642371
:10233000A3730223E373062323740123637403E06E
:102340002046E6F327F02C46204607B030BD00BFFC
:10235000217B8700940B89000CE3890010B50446AB
:1023600048B1054922464068F8F765FE2046BDE8B9
:102370001040E6F30FB010BD0CE3890010B5044621
:1023800058B1064B21461B88C3581868F8F772FFEE
:102390002046BDE81040E5F3FDB710BDD4030000B2
:1023A00073B505460C20E5F3E9F70446C8B1104BB8
:1023B00004221A8002214560002301900D4A28461C
:1023C0000093FCF7B5F9002820600ADB0123238184
:1023D000094B286800932146084A0223F8F7D9FEE2
:1023E00018B12046FFF7CAFF002420467CBD00BF7D
:1023F000D40300007D858700FC0B8900A985870038
:1024000038B5044680B1094B21461B88C558286859
:10241000F8F730FF286806492246F8F70CFE2046F8
:10242000BDE83840E5F3B6B738BD00BFD6030000BD
:10243000845B0100F0B5054687B01420E5F39EF7F4
:102440000446002856D02F4B04221A8045600026EF
:102450000190042128462C4A2C4B0096FCF768F981
:10246000B042206046DB0123A3810C232382284B4A
:102470000722E2810093274B286801932649274AC7
:1024800023460296039604960596F8F72FFE002839
:1024900030D1234B286800932146224A0523F8F7C0
:1024A00078FE38BB204BD5F894068DE818004FF421
:1024B00090712A221D4BFDF703FBD8B9D5F894067D
:1024C00080212A221A4B0094FDF712FC90B9B5F82E
:1024D000AA0106F023DD801B18BF01200A3055F841
:1024E00020301B68022B09D1012120460A4652F0F8
:1024F000ABDD03E02046FFF783FF0024204607B052
:10250000F0BD00BFD60300005D89870049898700C0
:10251000DD8B8700F58B8700340C8900845B01001C
:102520000C0C8900098B8700F98C8700E9898700EA
:10253000F9888700084B10B51B88044650B1C35872
:10254000064918682246F8F776FD2046BDE8104097
:10255000E5F320B710BD00BFD80300008B5B01007E
:1025600070B5054686B01420E5F308F70446002848
:1025700044D0264B08221A80002385600421009352
:102580000190234A2846234BFCF7D2F8002820600C
:1025900034DB0223A38105220C23E2812382D5F8B8
:1025A000940680213D221C4B0094FDF7A1FB28BB23
:1025B0001A4B029000931A4B0390019304900590DC
:1025C00018492868184A2346F8F790FDB0B9B5F8BD
:1025D000AA0106F0A3DC2B6893F84F201AB1032A56
:1025E00014BF032201222046012153F063DA204662
:1025F00002214FF0FF3253F05DDA03E02046FFF78F
:1026000099FF0024204606B070BD00BFD80300002B
:10261000319287001D928700E99187009993870086
:1026200001958700400C89008B5B010038B504469A
:1026300098B10568224628460849FCF79CF82146CF
:102640002868F8F717FE286805492246F8F7F3FCD2
:102650002046BDE83840E5F39DB638BD1D9E870095
:10266000C9E3890030B5054687B00820E5F386F652
:10267000044600283ED00023056004210093019009
:10268000204A2846204BFCF753F80028606031DBD5
:1026900028461E492246FCF769F858BB1C4B01909E
:1026A000009302900390049005901A4928681A4AF2
:1026B0002346F8F71BFDE8B9184B2868009321461C
:1026C000174A0123F8F765FDA0B9164BD5F8940613
:1026D0008DE818004FF490712822134BFDF7F0F9A4
:1026E00040B9D5F8940680212822104B0094FDF7BC
:1026F000FFFA18B12046FFF799FF0024204607B0E3
:1027000030BD00BFA19D8700619D87001D9E870091
:10271000A59E87009C0C8900C9E38900940C890060
:10272000799E87009D9F8700459E8700459D870075
:1027300070B5064686B09C20E5F320F604460028D6
:1027400034D006601B4B3068002560601A49009346
:102750001A4A234601950295039504950595F8F7C5
:10276000C5FCF8B9D6F884341E229B782261042275
:10277000E27202222377227301230A22E376237274
:1027800063616273A3764FF6AF72A37784F89930D2
:102790001023A0736072A072228384F89A3084F8A8
:1027A000983003E02046E5F3F5F52C46204606B0C8
:1027B00070BD00BF19AE8700001C890066B502001D
:1027C000C0F88410C0F88820C0F88C307047000032
:1027D00010B5044648B1054922464068F8F72BFC7D
:1027E0002046BDE81040E5F3D5B510BD66B5020042
:1027F00038B5044600B3436B05680BB1E9F7C6FC76
:1028000004F11400DBF38AF404F11800DBF386F41E
:1028100004F11000DFF382F504F12400DBF372F41D
:10282000224606492868F8F706FC2046E5F3B2F58B
:102830002B68002283F8622138BD00BF7AE6890048
:102840002DE9F041054686B03820E5F397F50446BA
:1028500000287FD005600026019004212846414AC7
:10286000414B0096FBF764FFB042606072DB0421CD
:1028700028463E4A3E4B0096019400F09FF9B04234
:10288000A06067DB0127E76038463A493A4A6B683F
:10289000DFF32EF1206100285CD006213246D5F806
:1028A0000480DFF36BF53449034642463148DBF3DD
:1028B00017F4606200284DD0072132462069DFF30B
:1028C0005DF539460346E0613246606ADBF3E8F2C3
:1028D00039460246A0612069DFF350F5E3693946C5
:1028E0003246606ADBF3DCF2022102466061206955
:1028F000DFF344F5214B4FF00308C4F82C808DE83A
:1029000048001F4B286804931E4B1F4905931F4A1C
:10291000234602960396F8F7E9FBD8B91C4BD5F885
:1029200094068DE81800B02142461A4BFDF746F890
:1029300080B9194BD5F894068DE81800B0215D22B6
:10294000164BFDF769F928B91423A3622B6883F8A5
:10295000627103E02046FFF74BFF0024204606B0DB
:10296000BDE8F08115D28700B90601008905010094
:102970004DE08700FDD0870005D1870099D38700FF
:10298000945B010019050100181C89007AE6890092
:10299000171501008F16010055140100C114010024
:1029A0002DE9F043074687B04FF441700E461546B7
:1029B0009846E5F3DDF40446002878D000214FF472
:1029C0004172E0F3BFF42820E5F3D2F481462060A1
:1029D00020B92046E5F3DEF4484668E000212822CD
:1029E000E0F3B0F423684FF441721C606261E5606B
:1029F0004FF0FF320025A261A760C4F804809D71EA
:102A00001423A4F808322823A4F806322D23A4F8AE
:102A100004326E23A4F80A32022384F80C326423B1
:102A2000A4F8383284F80D523046224922462B460B
:102A3000F2F33AF0C4F8F80130B304F51473C4F8B3
:102A40001832C4F814321C4B0526C4F81C620093DB
:102A50001A4B029501931A4B04950393059523464F
:102A600038681849184AF8F741FB034660B90090E6
:102A700038682168154AF8F78CFB28B984F8406259
:102A800084F84162206812E0D4F8F81119B1A36803
:102A90009868F1F3F1F7206908B100F03FF8206879
:102AA00008B1E5F377F42046E5F374F4002007B0AD
:102AB000BDE8F08365F68700C5EF870049F687001B
:102AC00039FF87006C1C890000E8890065008800D8
:102AD00038B50546F0B10468E4B1D4F8F81131B165
:102AE000A3689868F1F3C8F70023C4F8F831A36825
:102AF000224618680849F8F79EFAA3682168186802
:102B0000F8F7B8FB2846E5F345F42046BDE8384021
:102B1000E5F340B438BD00BF00E8890010B50446B5
:102B200030B159F0B9DE2046BDE81040E5F332B4CB
:102B300010BD0000F7B506680546F3691F6D023742
:102B40003F013846E5F314F4044610B300213A4639
:102B5000E0F3F8F384E860001021002628460E4ACE
:102B60000E4B00960194FBF7E3FDB042A0610CDB35
:102B700004F1200363614FF44773E360D5F838062E
:102B800004F11C01DFF3DEF518B12046E5F302F491
:102B900034462046FEBD00BFB90888009D08880065
:102BA00010B5044648B1C36913B11C30DFF3E0F53A
:102BB0002046BDE81040E5F3EDB310BDF0B5D0F808
:102BC000244100682569C069006D854211D267699A
:102BD0002E01B819013525614360059BBA51836008
:102BE000069BC360E068C31C591821F00301E16033
:102BF000F0BD4FF0FF30F0BD37B505461820E5F3C6
:102C0000B7F3044638B300211822E0F39BF32B6896
:102C1000256063606B682846A360FFF765FBE06092
:102C200088B15BF0AFD8002301468DE81800284634
:102C30000A4A0B4BFFF7C2FF0028206103DB51F06B
:102C40004DD8606107E0E06808B1FFF787FB2046D8
:102C5000E5F3A0F3002420463EBD00BF1D1B880005
:102C6000F91A880010B5044638B1C068FFF776FB42
:102C70002046BDE81040E5F38DB310BD73B50546A1
:102C80001820E5F375F30446002838D000211822F7
:102C9000E0F358F30C20E5F36BF3064600282DD043
:102CA00000210C22E0F34EF32B686661256063601F
:102CB0002846FFF73DFDA060B8B15BF09DD800232A
:102CC00001468DE8280028460E4A0F4BFFF776FF95
:102CD0000028E06009DB56F013DA0C4920610C4A49
:102CE000A0680C4BFFF76CFD09E0A06808B1FFF786
:102CF0006FFD2046E5F34EF3002400E00446204635
:102D00007CBD00BFCD1B8800A91B8800C1218800A5
:102D1000B5218800A91E880010B5044650B180680E
:102D2000FFF756FD6069E5F335F32046BDE8104036
:102D3000E5F330B310BD000070B5444B86B000938E
:102D40000023019302930393414B04460493414BA8
:102D5000414905930068414A2346F8F7C7F90546FB
:102D600000286FD1D4F884341421A3F86410A36A26
:102D7000012683F84C00E36A204683F84C60A16A80
:102D80005EF0E8D8E16A20465EF0E4D820462946A5
:102D90005DF0EADBA36A83F84D50E36A83F84D5097
:102DA000236A1869E7F7F6FE830707D5D4F8843459
:102DB0004FF0FF325E73D4F88434DA812368D4F89C
:102DC00084545E6951F0BCD90146304651F052D965
:102DD000E862002836D0D4F884341F2283F87820A3
:102DE000D4F88404052257304FF0FF31E0F3AAF203
:102DF0002368D4F88424B3F8C810D3F8D8005185D8
:102E00000A2151631649E1F315F1431E0D2BD4F845
:102E10008454236898BF68631249D3F8D800E1F35B
:102E200009F185F88A00D4F88434012283F851200E
:102E3000D4F8843400201A7883F84E20D4F88434EF
:102E4000586701E04FF0FF3006B070BDE9398800E7
:102E5000105C0100AD1E0100341D89006EB502003A
:102E600081B5020072B50200D0F8843410B5D96A79
:102E7000044611B1406851F00BD92068024922463E
:102E8000BDE81040F8F7D7B86EB5020038B5036852
:102E90000446D0F884542749D3F8D800E1F3CAF0A7
:102EA000287023682449D3F8D800D4F88454E1F377
:102EB000C1F0E870D4F884341A78013AD2B2FD2A0D
:102EC00001D901221A70D4F884341A785A70002378
:102ED000D4F88424D11812780133052B81F85220BC
:102EE000F6D1D4F8845401212846E0F38BF4A8707D
:102EF000D4F88434DA78013AD2B2FD2A01D9012219
:102F0000DA70D4F884340121DA785A71D4F8845410
:102F1000E81CE0F377F42871D4F8843420461A7959
:102F20009A715DF053DAB4F858142046BDE8384081
:102F30005DF0A49A8EB5020096B5020010B5044665
:102F4000D8B140680D492246FBF72BFC236A1BB120
:102F500004F12000DFF30CF4237F23B160680849FB
:102F60002246FBF708FCA06806492246F8F763F8FA
:102F70002046BDE81040E5F30DB210BDD1568800E3
:102F8000515488007E5C010030B5054687B024208E
:102F9000E5F3EEF1044600283ED000212422E0F3C0
:102FA000D1F12B680022A360AB686560E3606B68B9
:102FB000042123610823A3822846194B8DE81400BD
:102FC000FBF7B6FB0028206022DB28461549224685
:102FD000FBF7CCFBE0B901232377284612492246B0
:102FE000FBF7DAFBA0B9D5F8380604F12001DFF3CE
:102FF000A9F368B90D4B01900093029003900490DF
:1030000005900B4928680B4A2346F8F76FF818B16A
:103010002046FFF793FF0024204607B030BD00BFD5
:10302000C954880051548800D156880055558800ED
:103030001C1F89007E5C0100D0F8D036186ADFF3CF
:103040005DB3D0F8D036186ADFF3BAB3F8B5D0F86C
:10305000846404460D46D1F8D800C149E0F3EAF78C
:1030600086F81C01D5F8D800BE49E1F307F0D4F882
:10307000846438B1D5F8D800BA49E0F3DBF786F8B4
:10308000E80002E0022386F8E830D5F8D800B64917
:10309000E0F3F4F7D4F8846438B1D5F8D800B24935
:1030A000E0F3C8F786F8580102E0FF2386F85831AC
:1030B000AE49D5F8D800D4F88464E0F3BBF7AC4946
:1030C000C6F82001D5F8D800D4F88464E0F3B2F74C
:1030D000A849A6F82A01D5F8D800D4F88464E0F30A
:1030E000A9F7A549A6F82C01D5F8D800D4F884642E
:1030F000E0F3A0F7A149A6F82E01D5F8D800D4F83E
:103100008464E0F397F786F8E900D4F8843493F800
:10311000E92012B9022283F8E920D5F8D8009849AD
:10312000D4F88464E0F386F7A6F8C600D4F8846483
:10313000B6F9C63013B90123A6F8C630D5F8D800C1
:103140009049E0F377F7C6F8D800D4F88464D6F84D
:10315000D8301BB94CF25033C6F8D83096F8E93065
:1031600001229A40D6F8D810D5F8D8008A4288BFF4
:10317000C6F8D820022212FA03F38349C6F8DC30DD
:10318000E0F358F7C6F8E400D4F88464D6F8E430E5
:103190001BB94FF49673C6F8E430D5F8D8007B49D4
:1031A000E0F348F7A6F8C400D4F88464B6F9C43054
:1031B00013B91923A6F8C430D5F8D8007449E0F340
:1031C00039F786F86C01D4F8843493F86C2112B97D
:1031D000052283F86C216F49D5F8D800D4F88464AF
:1031E000E0F328F7D4F88434A6F8F00093F81C2113
:1031F000694983F81D21D4F8843493F81D2183F89C
:103200004821D4F88434DA7983F8AC20D4F88434B3
:103210001A7A83F84521D4F884644FF6A273A6F88D
:10322000EA30A6F8EC30A6F8EE30D5F8D800E0F396
:1032300001F7A6F8F200D4F88464B6F9F2301BB9AD
:103240004FF6A273A6F8F23096F8E930012212FA8E
:1032500003F3D6F8D8205149934288BFC6F8D83036
:103260000023A6F8B230A6F8B430A6F8B630C6F8F7
:10327000B830C6F8BC30C6F8C030D5F8D8001F4604
:10328000E0F3D8F686F844014549D5F8D800D4F8DB
:103290008464E0F3CFF686F84B01D5F8D8004149B5
:1032A000D4F88464E0F3C6F6D4F88434C6F8240174
:1032B00083F82971D4F88434D3F824211AB94FF44F
:1032C0009B72C3F8242193F81D2102B10322C3F895
:1032D0004C21C3F850210022C3F85421D5F8D8005E
:1032E0003149E0F3CBF640B1D5F8D8002E49D4F8F7
:1032F0008464E0F39FF6C6F85401D5F8D8002B4952
:10330000E0F3BCF640B1D5F8D8002849D4F884647D
:10331000E0F390F6C6F84C01D5F8D8002449E0F364
:10332000ADF640B1D5F8D8002149D4F88464E0F373
:1033300081F6C6F850011F4922460023A068D4F840
:103340008454F1F3B1F31C49C5F830012246A0685A
:103350000023D4F88454F1F3A7F3C5F83401F8BD81
:103360002CB60200A4B6020074B6020057B60200E2
:10337000CBB50200EEB5020000B6020096B6020020
:103380009EB5020067B602001FB60200BEB502007D
:10339000CDB60200DDB5020081B6020012B6020011
:1033A000AEB50200BFB6020045B6020035B6020057
:1033B000AFB602003F330100AD33010038B504461B
:1033C00080B105682246D5F844010749FDF779FC2C
:1033D000284606492246FBF7CEF92046BDE838408C
:1033E000E4F3D8B738BD00BF1D708800B16E880007
:1033F00037B505460820E4F3C1F70446C0B10560BF
:1034000000220190042128460C4B0092FBF790F912
:10341000002860600CDB284609492246FBF7A6F924
:1034200030B9D5F8440107492246FDF747FC18B1E9
:103430002046FFF7C3FF002420463EBD596F880099
:10344000B16E88001D70880038B5044670B10568FB
:1034500021462868F7F70EFF286805492246F7F746
:10346000EAFD2046BDE83840E4F394B738BD00BF1C
:10347000845C010030B5054687B00C20E4F37EF78C
:103480000446002846D0274B05604FF49071009306
:1034900001902022D5F89406234BFCF711FB00285D
:1034A00038D1224BD5F894068DE818004FF490716E
:1034B00023221F4BFCF704FB00282BD11D4BD5F812
:1034C00094068DE81800402188221B4BFCF718FB5E
:1034D00000BBD5F8940680212022184B0094FCF7FD
:1034E00007FCB8B9164B02900093164B039001935A
:1034F0000490059014492868144A2346F7F7F6FD0E
:1035000040B9134B286800932146124A0123F7F76C
:1035100040FE18B12046FFF797FF0024204607B071
:1035200030BD00BF21768800E97388005576880099
:103530000D748800C1758800D5738800BD7388003C
:103540005D748800BD758800781F8900845C010067
:10355000701F89003174880010B5044660B1074BB4
:1035600007491B882246C3581868F7F764FD2046B0
:10357000BDE81040E4F30EB710BD00BFDA03000051
:10358000885C0100F0B5074687B01420E4F3F6F636
:10359000054620B3154B06460024042206F8044BCA
:1035A0001A80012347603372F46074720421019021
:1035B0000F4A38460F4B0094FFF700FBA0427060A3
:1035C0000DDB0D4B00940193029403940494059435
:1035D00038682146094A2B46F7F788FD18B1284676
:1035E000FFF7BAFF0025284607B0F0BDDA03000058
:1035F000D9778800B977880029788800885C01002D
:1036000070B5054686B01820E4F3B8F604460028E5
:103610005AD02B680026012243600560082183F8F8
:10362000AD2001903246284633460096FFF7C6FA91
:10363000B04220614BDB10212846274A274B0096D9
:103640000194FBF775F8B042C5F898013FDB0423FD
:10365000E360234BA06005218DE81800D5F894069F
:103660004422204BFCF72CFA002830D11E4BD5F811
:1036700094068DE818004FF4907144221B4BFCF720
:103680001FFA002823D1D5F8940605214422184BAF
:103690000094FCF7CBFCD0B9D5F89406C0214422A5
:1036A000144B0094FCF7C2FC88B9134B01900093B3
:1036B000124B039002930490059011492868114A17
:1036C0002346F7F713FD10B9204606B070BD20461B
:1036D000E4F360F60024F7E7798188005D818800D3
:1036E000DD8088003580880035818800058188006C
:1036F000558088003D858800C5828800CD8588007A
:10370000E01F89008C5C010010B5044648B10549F2
:1037100022464068F7F78FFC2046BDE81040E4F3EE
:1037200039B610BD8C5C010070B5054686B03020FE
:10373000E4F31EF60446002831D000213022DFF3E6
:1037400001F61A4B25600093002301930293039323
:103750000493059328681649164A2346F7F7C6FCD2
:103760000646E0B9FF23A3750123E3752B681249D0
:10377000D3F8D800E0F382F420B131463246E0F3CA
:1037800019F2A0752B680D49D3F8D800E0F376F450
:1037900048B100210A46E0F30DF2E07503E0284647
:1037A00061F094DD0024204606B070BDA98C88002D
:1037B0001C20890056FB8900E3B60200EDB602002A
:1037C00038B50446002820D061F0D4DDA36A73B177
:1037D000204661F099DA0AE02B6868686360E4F3D8
:1037E000D9F52846E4F3D6F5237D013B23756568BA
:1037F000002DF1D12368054918682246F7F71BFC14
:103800002068BDE8384061F0619D38BD56FB8900F5
:10381000776C635F626D61635F696E666F5F696E2F
:1038200069740000000000000000000000000000BB
:103830000000000000000000000000000000000088
:103840000000000000000000000000000000000078
:103850000000000000000000000000000000000068
:103860000000000000000000000000000000000058
:103870000000000000000000000000000000000048
:103880000000000000000000000000000000000038
:103890000000000000000000000000000000000028
:1038A0000000000000000000000000000000000018
:1038B0000000000000000000000000000000000008
:1038C00000000000000000000000000000000000F8
:1038D00000000000000000000000000000000000E8
:1038E00000000000000000000000000000000000D8
:1038F00000000000000000000000000000000000C8
:1039000000000000000000000000000000000000B7
:1039100000000000000000000000000000000000A7
:103920000000000000000000000000000000000097
:103930000000000000000000000000000000000087
:103940000000000000000000000000000000000077
:103950000000000000000000000000000000000067
:103960000000000000000000000000000000000057
:103970000000000000000000000000000000000047
:103980000000000000000000000000000000000037
:103990000000000000000000000000000000000027
:1039A0000000000000000000000000000000000017
:1039B0000000000000000000000000000000000007
:1039C00000000000000000000000000000000000F7
:1039D00000000000000000000000000000000000E7
:1039E00000000000000000000000000000000000D7
:1039F00000000000000000000000000000000000C7
:103A000000000000000000000000000000000000B6
:103A100000000000000000000000000000000000A6
:103A20000000000000000000000000000000000096
:103A30000000000000000000000000000000000086
:103A40000000000000000000000000000000000076
:103A50000000000000000000000000000000000066
:103A60000000000000000000000000000000000056
:103A70000000000000000000000000000000000046
:103A80000000000000000000000000000000000036
:103A90000000000000000000000000000000000026
:103AA0000000000000000000000000000000000016
:103AB0000000000000000000000000000000000006
:103AC00000000000000000000000000000000000F6
:103AD00000000000000000000000000000000000E6
:103AE00000000000000000000000000000000000D6
:103AF00000000000000000000000000000000000C6
:103B000000000000000000000000000000000000B5
:103B100000000000000000000000000000000000A5
:103B20000000000000000000000000000000000095
:103B30000000000000000000000000000000000085
:103B40000000000000000000000000000000000075
:103B50000000000000000000000000000000000065
:103B60000000000000000000000000000000000055
:103B70000000000000000000000000000000000045
:103B80000000000000000000000000000000000035
:103B90000000000000000000000000000000000025
:103BA0000000000000000000000000000000000015
:103BB0000000000000000000000000000000000005
:103BC00000000000000000000000000000000000F5
:103BD00000000000000000000000000000000000E5
:103BE00000000000000000000000000000000000D5
:103BF00000000000000000000000000000000000C5
:103C000000000000000000000000000000000000B4
:103C100000000000000000000000000000000000A4
:103C20000000000000000000000000000000000094
:103C30000000000000000000000000000000000084
:103C40000000000000000000000000000000000074
:103C50000000000000000000000000000000000064
:103C60000000000000000000000000000000000054
:103C70000000000000000000000000000000000044
:103C80000000000000000000000000000000000034
:103C90000000000000000000000000000000000024
:103CA0000000000000000000000000000000000014
:103CB0000000000000000000000000000000000004
:103CC00000000000000000000000000000000000F4
:103CD00000000000000000000000000000000000E4
:103CE00000000000000000000000000000000000D4
:103CF00000000000000000000000000000000000C4
:103D000000000000000000000000000000000000B3
:103D100000000000000000000000000000000000A3
:103D20000000000000000000000000000000000093
:103D30000000000000000000000000000000000083
:103D40000000000000000000000000000000000073
:103D50000000000000000000000000000000000063
:103D60000000000000000000000000000000000053
:103D70000000000000000000000000000000000043
:103D80000000000000000000000000000000000033
:103D90000000000000000000000000000000000023
:103DA0000000000000000000000000000000000013
:103DB0000000000000000000000000000000000003
:103DC00000000000000000000000000000000000F3
:103DD00000000000000000000000000000000000E3
:103DE00000000000000000000000000000000000D3
:103DF00000000000000000000000000000000000C3
:103E000000000000000000000000000000000000B2
:103E100000000000000000000000000000000000A2
:103E20000000000000000000000000000000000092
:103E30000000000000000000000000000000000082
:103E40000000000000000000000000000000000072
:103E50000000000000000000000000000000000062
:103E60000000000000000000000000000000000052
:103E70000000000000000000000000000000000042
:103E80000000000000000000000000000000000032
:103E90000000000000000000000000000000000022
:103EA0000000000000000000000000000000000012
:103EB0000000000000000000000000000000000002
:103EC00000000000000000000000000000000000F2
:103ED00000000000000000000000000000000000E2
:103EE00000000000000000000000000000000000D2
:103EF00000000000000000000000000000000000C2
:103F000000000000000000000000000000000000B1
:103F100000000000000000000000000000000000A1
:103F20000000000000000000000000000000000091
:103F30000000000000000000000000000000000081
:103F40000000000000000000000000000000000071
:103F50000000000000000000000000000000000061
:103F60000000000000000000000000000000000051
:103F70000000000000000000000000000000000041
:103F80000000000000000000000000000000000031
:103F90000000000000000000000000000000000021
:103FA0000000000000000000000000000000000011
:103FB0000000000000000000000000000000000001
:103FC00000000000000000000000000000000000F1
:103FD00000000000000000000000000000000000E1
:103FE00000000000000000000000000000000000D1
:103FF00000000000000000000000000000000000C1
:1040000000000000000000000000000000000000B0
:1040100000000000000000000000000000000000A0
:104020000000000000000000000000000000000090
:104030000000000000000000000000000000000080
:104040000000000000000000000000000000000070
:104050000000000000000000000000000000000060
:104060000000000000000000000000000000000050
:104070000000000000000000000000000000000040
:104080000000000000000000000000000000000030
:104090000000000000000000000000000000000020
:1040A0000000000000000000000000000000000010
:1040B0000000000000000000000000000000000000
:1040C00000000000000000000000000000000000F0
:1040D00000000000000000000000000000000000E0
:1040E00000000000000000000000000000000000D0
:1040F00000000000000000000000000000000000C0
:1041000000000000000000000000000000000000AF
:10411000000000000000000000000000000000009F
:10412000000000000000000000000000000000008F
:10413000000000000000000000000000000000007F
:10414000000000000000000000000000000000006F
:10415000000000000000000000000000000000005F
:10416000000000000000000000000000000000004F
:10417000000000000000000000000000000000003F
:10418000000000000000000000000000000000002F
:10419000000000000000000000000000000000001F
:1041A000000000000000000000000000000000000F
:1041B00000000000000000000000000000000000FF
:1041C00000000000000000000000000000000000EF
:1041D00000000000000000000000000000000000DF
:1041E00000000000000000000000000000000000CF
:1041F00000000000000000000000000000000000BF
:1042000000000000000000000000000000000000AE
:10421000000000000000000000000000000000009E
:10422000000000000000000000000000000000008E
:10423000000000000000000000000000000000007E
:10424000000000000000000000000000000000006E
:10425000000000000000000000000000000000005E
:10426000000000000000000000000000000000004E
:10427000000000000000000000000000000000003E
:10428000000000000000000000000000000000002E
:10429000000000000000000000000000000000001E
:1042A000000000000000000000000000000000000E
:1042B00000000000000000000000000000000000FE
:1042C00000000000000000000000000000000000EE
:1042D00000000000000000000000000000000000DE
:1042E00000000000000000000000000000000000CE
:1042F00000000000000000000000000000000000BE
:1043000000000000000000000000000000000000AD
:10431000000000000000000000000000000000009D
:10432000000000000000000000000000000000008D
:10433000000000000000000000000000000000007D
:10434000000000000000000000000000000000006D
:10435000000000000000000000000000000000005D
:10436000000000000000000000000000000000004D
:10437000000000000000000000000000000000003D
:10438000000000000000000000000000000000002D
:10439000000000000000000000000000000000001D
:1043A000000000000000000000000000000000000D
:1043B00000000000000000000000000000000000FD
:1043C00000000000000000000000000000000000ED
:1043D00000000000000000000000000000000000DD
:1043E00000000000000000000000000000000000CD
:1043F00000000000000000000000000000000000BD
:1044000000000000000000000000000000000000AC
:10441000000000000000000000000000000000009C
:10442000000000000000000000000000000000008C
:10443000000000000000000000000000000000007C
:10444000000000000000000000000000000000006C
:10445000000000000000000000000000000000005C
:10446000000000000000000000000000000000004C
:10447000000000000000000000000000000000003C
:10448000000000000000000000000000000000002C
:10449000000000000000000000000000000000001C
:1044A000000000000000000000000000000000000C
:1044B00000000000000000000000000000000000FC
:1044C00000000000000000000000000000000000EC
:1044D00000000000000000000000000000000000DC
:1044E00000000000000000000000000000000000CC
:1044F00000000000000000000000000000000000BC
:1045000000000000000000000000000000000000AB
:10451000000000000000000000000000000000009B
:10452000000000000000000000000000000000008B
:10453000000000000000000000000000000000007B
:10454000000000000000000000000000000000006B
:10455000000000000000000000000000000000005B
:10456000000000000000000000000000000000004B
:10457000000000000000000000000000000000003B
:10458000000000000000000000000000000000002B
:10459000000000000000000000000000000000001B
:1045A000000000000000000000000000000000000B
:1045B00000000000000000000000000000000000FB
:1045C00000000000000000000000000000000000EB
:1045D00000000000000000000000000000000000DB
:1045E00000000000000000000000000000000000CB
:1045F00000000000000000000000000000000000BB
:1046000000000000000000000000000000000000AA
:10461000000000000000000000000000000000009A
:10462000000000000000000000000000000000008A
:10463000000000000000000000000000000000007A
:10464000000000000000000000000000000000006A
:10465000000000000000000000000000000000005A
:10466000000000000000000000000000000000004A
:10467000000000000000000000000000000000003A
:10468000000000000000000000000000000000002A
:10469000000000000000000000000000000000001A
:1046A000000000000000000000000000000000000A
:1046B00000000000000000000000000000000000FA
:1046C00000000000000000000000000000000000EA
:1046D00000000000000000000000000000000000DA
:1046E00000000000000000000000000000000000CA
:1046F00000000000000000000000000000000000BA
:1047000000000000000000000000000000000000A9
:104710000000000000000000000000000000000099
:104720000000000000000000000000000000000089
:104730000000000000000000000000000000000079
:104740000000000000000000000000000000000069
:104750000000000000000000000000000000000059
:104760000000000000000000000000000000000049
:104770000000000000000000000000000000000039
:104780000000000000000000000000000000000029
:104790000000000000000000000000000000000019
:1047A0000000000000000000000000000000000009
:1047B00000000000000000000000000000000000F9
:1047C00000000000000000000000000000000000E9
:1047D00000000000000000000000000000000000D9
:1047E00000000000000000000000000000000000C9
:1047F00000000000000000000000000000000000B9
:1048000000000000000000000000000000000000A8
:104810000000000000000000000000000000000098
:1048200000000000646561646D616E5F746F00720A
:10483000616D7374627964697300646561646D614C
:104840006E5F746F007370695F70755F656E616233
:10485000005344494F444556006773706964776F4D
:1048600072640050434D4349414445560073645FB0
:104870006F6F626F6E6C790073645F67706F7574D1
:1048800000475350492044776F7264204D6F646530
:1048900020656E61626C65640A0073645F677064B2
:1048A000630073645F677076616C0025733A204221
:1048B000726F6164636F6D20534450434D442043D5
:1048C0004443206472697665720A00736470636D94
:1048D000646364632564005344494F000A5254459D
:1048E000202825732D2573257325732920257320F2
:1048F0006F6E2042434D2573207225642040202591
:10490000642E25642F25642E25642F25642E2564AE
:104910004D487A0A0000434443006E6F637263009F
:104920006E6F7469665F63006E6F7469665F7300B3
:104930006F66646D3267706F3D3078257800706106
:104940002564677725646125643D3078257800709B
:104950006131686962303D25640070613168696267
:10496000313D256400706131686962323D25640023
:104970006761696E6374726C7370683D2564007062
:1049800061316D61787077723D2564006D6561738A
:10499000706F77657225643D30782578007278678E
:1049A00061696E7325646725637472656C6E6162FC
:1049B00079706125643D256400706132676125640A
:1049C0003D307825782C307825782C307825780083
:1049D00072737369736D6335673D25640075736227
:1049E000666C6167733D307825780070613267636B
:1049F000636B6125643D307825782C307825782CE0
:104A000030782578007064657472616E676532670E
:104A10003D30782578007573623330753175323DDD
:104A2000307825780073756276656E6469643D3010
:104A300078257800616725643D30782578006F65BA
:104A40006D3D25303278253032782530327825306A
:104A5000327825303278253032782530327825305A
:104A60003278006F66646D706F3D30782578007421
:104A7000656D706F66667365743D2564006D656174
:104A800073706F7765723D30782578007273736943
:104A9000736D6632673D2564007061706172616D8F
:104AA00062777665723D256400646F7431316167A9
:104AB0006F66646D6872627732303267706F3D3056
:104AC00078257800697474326761303D30782578D4
:104AD0000062786132673D25640072737369736D9B
:104AE0006332673D256400706135676277343061F9
:104AF00025643D307825782C307825782C30782541
:104B0000782C307825782C307825782C30782578DA
:104B10002C307825782C307825782C307825782C16
:104B2000307825782C307825782C30782578006DF1
:104B300063736277323035676C706F3D30782578FB
:104B40000000006D637362773230756C35676C708E
:104B50006F3D30782578006D637362773430356748
:104B60006C706F3D30782578000000757362757445
:104B70006D695F63746C3D3078257800657874707A
:104B8000616761696E32673D3078257800616E74C7
:104B9000737763746C32673D307825780070726F7C
:104BA000647563746E616D653D25730074785F6430
:104BB0007574795F6379636C655F74687265736837
:104BC0005F25645F35673D25640072786761696EB3
:104BD00065727232676125643D30782578006167BF
:104BE00030006D61787032676125643D30782578DA
:104BF000006277647570706F3D30782578006E6F55
:104C00006973656C766C35676125643D25642C2578
:104C1000642C25642C25640062773430706F3D303D
:104C20007825780070613567627738306125643D9A
:104C3000307825782C307825782C307825782C30F1
:104C40007825782C307825782C307825782C307899
:104C500025782C307825782C307825782C307825DC
:104C6000782C307825782C3078257800757362336D
:104C700030753175323D3078257800706465747216
:104C8000616E676535673D30782578006D616361D9
:104C90006464723D25730074656D70735F68797329
:104CA000746572657369733D2564006D6373256473
:104CB00067706F25643D3078257800626F6172649B
:104CC000666C616773323D3078257800626F61727F
:104CD00064666C616773333D30782578006C656479
:104CE000626825643D307825780072786761696E66
:104CF000732564672563747269736F6125643D254C
:104D00006400616132673D307825780070726F64AD
:104D100069643D307825780074656D7074687265DB
:104D200073683D256400636869707265763D25642B
:104D3000006C65676F66646D6277323035676C70E2
:104D40006F3D307825780000006C65676F66646D94
:104D500062773230756C35676C706F3D30782578CE
:104D6000006C65676F66646D6277323035676D70B1
:104D70006F3D307825780000006C65676F66646D64
:104D800062773230756C35676D706F3D307825789D
:104D9000006C65676F66646D627732303567687086
:104DA0006F3D307825780000006C65676F66646D34
:104DB00062773230756C356768706F3D3078257872
:104DC0000075736266733D25640074656D70735F72
:104DD000706572696F643D25640073623430616E82
:104DE00064383025637235672563706F3D307825F0
:104DF000780063633D2564002004D002A6A9FFFF6C
:104E0000646F7431316167647570256372706F3DD2
:104E1000307825780061676125643D307825780019
:104E2000747269736F35673D307825780074656DED
:104E30007073656E73655F736C6F70653D2564009C
:104E40006D61787035676125643D307825782C3048
:104E50007825782C307825782C307825780070618A
:104E6000316974737369743D256400706130623018
:104E70003D25640070613062313D25640070613011
:104E800062323D256400706135676125643D30788C
:104E900025782C307825782C307825782C3078259A
:104EA000782C307825782C307825782C3078257837
:104EB0002C307825782C307825782C307825782C73
:104EC000307825782C30782578006D6373627738D8
:104ED0003035672563706F3D3078257800737562D3
:104EE00062616E6435677665723D25640072737326
:104EF0006973617635673D2564006D63736277324F
:104F0000303267706F3D307825780000006D637334
:104F100062773230756C3267706F3D30782578007B
:104F20006D6373627734303267706F3D3078257807
:104F30000000007265677265763D30782578006301
:104F400063746C3D30782578006E6F6973656C769C
:104F50006C32676125643D2564007573623330727D
:104F6000656773303D307825782C307825782C3083
:104F70007825782C307825782C307825782C307866
:104F800025782C307825782C307825782C307825A9
:104F9000782C3078257800757362333072656773CA
:104FA000313D307825782C307825782C307825786C
:104FB0002C307825782C307825782C307825782C72
:104FC000307825782C307825782C307825782C305E
:104FD0007825780063636B706F3D307825780074B6
:104FE000726935673D25640063636B646967666950
:104FF0006C74747970653D25640076656E646964CF
:105000003D307825780066656D6374726C3D25646B
:105010000075736233307265677325643D3078259F
:10502000782C307825782C307825782C30782578B5
:105030000070646F6666736574326725646D612500
:10504000643D307825780075736265706E756D3DCE
:10505000307825780070613168696D617870777299
:105060003D2564007278636861696E3D307825780B
:1050700000626F617264666C6167733D3078257899
:105080000070613162303D25640070613162313DF4
:1050900025640070613162323D2564007478636874
:1050A00061696E3D307825780072786761696E734A
:1050B0002564672563656C6E616761696E6125644F
:1050C0003D2564006770646E3D307825780070611E
:1050D000306D61787077723D256400627861356764
:1050E0003D2564006167626725643D30782578005E
:1050F00075736273737068795F736C656570303D4A
:10510000307825780075736273737068795F736C9B
:10511000656570313D307825780075736273737002
:1051200068795F736C656570323D307825780075FD
:10513000736273737068795F736C656570333D304B
:10514000782578006C656464633D30782530347868
:10515000006D63733332706F3D3078257800727361
:10516000736973617632673D2564006F706F3D250A
:105170006400697474326761313D3078257800725B
:1051800078706F35673D256400657874706167617C
:10519000696E35673D30782578006F66646D3567D8
:1051A00068706F3D307825780074776F72616E6734
:1051B00065747373692564673D25640073623230DA
:1051C000696E3430256372706F3D30782578006DDC
:1051D000616E6669643D3078257800656C6E613279
:1051E000673D3078257800727063616C32673D30BE
:1051F0007825780000000000000000727063616C88
:10520000356762303D30782578000000000000727C
:105210007063616C356762313D307825780000003D
:10522000000000727063616C356762323D30782532
:1052300078000000000000727063616C35676233B3
:105240003D30782578000000000000706130623049
:105250005F6C6F3D25640070613062315F6C6F3D43
:1052600025640070613062325F6C6F3D25640073AD
:10527000623230696E3830616E6431363025637267
:1052800035672563706F3D307825780063646470FE
:105290006F3D3078257800626F6172647479706553
:1052A0003D3078257800616E747377697463683D6A
:1052B0003078257800626F6172646E756D3D25648B
:1052C0000072646C69643D30782578007874616C94
:1052D000667265713D2564006D617870356768613F
:1052E000303D307825780072786761696E73256487
:1052F00067656C6E616761696E6125643D25640058
:1053000075736273736D64696F25643D30782578B9
:105310002C307825782C307825782C30782578003A
:1053200073756264657669643D30782578007061D4
:10533000316C6F62303D2564007061316C6F623199
:105340003D2564007061316C6F62323D25640073ED
:10535000746263706F3D3078257800727867616998
:105360006E65727235676125643D307825782C3022
:105370007825782C307825782C3078257800706165
:10538000316C6F6D61787077723D25640070646F69
:10539000666673657425646D6125643D3078257893
:1053A0000074656D70636F7272783D2564006F667E
:1053B000646D3567706F3D30782578007573626E67
:1053C0006F73733D3078257800616135673D3078C3
:1053D000257800637573746F6D76617225643D3056
:1053E0007825780074785F647574795F6379636C8D
:1053F000655F6F66646D5F25645F35673D2564009A
:10540000757569643D257300757362646573635FC8
:10541000636F6D706F736974653D307825780074C3
:10542000656D7073656E73655F6F7074696F6E3DE7
:10543000256400706170646361702564673D256454
:10544000006C65676F66646D627732303267706FCB
:105450003D307825780000006C65676F66646D628A
:10546000773230756C3267706F3D30782578007018
:10547000646761696E2564673D2564006D617870BD
:10548000356761303D30782578006D61787035671B
:1054900061313D30782578006D637325646725633D
:1054A000706F25643D307825780070687963616C91
:1054B0005F74656D7064656C74613D256400706136
:1054C00025646725637725646125643D30782578F8
:1054D0000063636F64653D3078300072656777699B
:1054E0006E646F77737A3D2564006F66646D6C72CD
:1054F000627732303267706F3D3078257800776F91
:10550000776C5F6770696F706F6C3D256400616ECA
:1055100074737763746C35673D3078257800636306
:105520006B3267706F3D307825780074726932672E
:105530003D25640063636B627732303267706F3D84
:105540003078257800000063636B62773230756CC9
:105550003267706F3D307825780069747435676103
:10556000303D3078257800697474356761313D309D
:10557000782578006D63736C7235672563706F3DB5
:10558000307825780070646F6666736574326725BD
:10559000646D76616C69643D307825780072786757
:1055A00061696E732564677472656C6E616279708F
:1055B0006125643D256400626F6172647265763DA9
:1055C000307825780072617774656D7073656E73DD
:1055D000653D307825780075736273737068795F04
:1055E00075746D695F63746C303D30782578007533
:1055F000736273737068795F75746D695F63746CDF
:10560000313D307825780075736273737068795F07
:1056100075746D695F63746C323D30782578000075
:10562000000000006F66646D35676C706F3D307808
:105630002578007061306974737369743D25640066
:1056400074737369706F7335673D307825780072B5
:1056500078706F32673D25640074737369706F737F
:10566000736C6F70652564673D25640074726935DD
:1056700067683D2564006D616E663D257300747238
:105680006935676C3D2564006D6373627732303530
:105690006768706F3D307825780000006D63736235
:1056A000773230756C356768706F3D3078257800DB
:1056B0006D637362773430356768706F3D3078257D
:1056C0007800000073726F6D7265763D2564006C22
:1056D00065676F66646D3430647570706F3D3078E7
:1056E0002578006D61787035676861313D307825C7
:1056F000780064657669643D307825780072786753
:1057000061696E73256467747269736F6125643DA6
:105710002564006D61787035676C61303D307825A7
:1057200078006D61787035676C61313D307825782F
:10573000006570616761696E2564673D2564007767
:1057400070736770696F3D256400776F776C5F6772
:1057500070696F3D25640072737369736D66356798
:105760003D256400747269736F32673D3078257827
:105770000074737369706F7332673D3078257800F9
:105780007770736C65643D256400656C6E61356788
:105790003D30782578007061356762773430383075
:1057A0006125643D307825782C307825782C307848
:1057B00025782C307825782C307825782C30782571
:1057C000782C307825782C307825782C307825780E
:1057D0002C307825782C307825782C307825780076
:1057E0006D63736277323035676D706F3D30782549
:1057F000780000006D637362773230756C35676DC9
:10580000706F3D30782578006D6373627734303582
:10581000676D706F3D3078257800000063636F64BA
:10582000653D25632563006D6373627731363035DE
:10583000672563706F3D3078257800496E76616C1E
:1058400069642F556E737570706F7274656420781B
:1058500074616C2076616C756520256400726D69D9
:105860006E00636C646F5F627572737400706C6C51
:105870002564006C6E6C646F310072256464007284
:10588000256474007874616C6672657100000000B4
:105890000C000000020016000200000004000D00D1
:1058A0000700000001000A000800000004000D00CD
:1058B0000A00000004000D000D00000001000700B8
:1058C00017000000040004001B0000000400010099
:1058D0001C000000010007000000000002000200A0
:1058E00001000000010001000300000002000200AE
:1058F000040000000100010005000000010001009B
:105900000600000001000100090000000100050080
:105910000B000000010001000C000000020030003C
:105920000E000000010001000F0000000100010056
:105930001000000001000100110000000100010042
:10594000120000000300030013000000010001002A
:10595000140000000100010015000000010001001A
:1059600016000000010001001800000002001300F2
:1059700019000000020013001A00000002001300CA
:105980001D000000010001001E00000001000100D8
:105990000C00000002003000726D61780000004BC6
:1059A00000079065000C1892000F6C706C646F31EA
:1059B00000000000010000000000000000000000E6
:1059C00000000000020000000000000001000000D4
:1059D00000000000040000000000000003000000C0
:1059E00000000000080000000000000000000000AF
:1059F0000000000010000000000000000700000090
:105A0000000000002000000000000000571100000E
:105A1000000000004000000000000000170100002E
:105A2000000000008000000000000000570100009E
:105A30000000000000010000000000000300000062
:105A40000000000000020000000000000000000054
:105A5000000000000004000000000000030000003F
:105A60000000000000080000000000000704000023
:105A700000000000001000000000000057010000BE
:105A8000000000000020000000000000D71500000A
:105A9000000000000040000000000000F7BDC20E42
:105AA000000000000080000000000000F73DC20E72
:105AB00000000000000001000000000000000000E5
:105AC000000000000000020000000000F73DC00ED2
:105AD000000000000000040000000000F73DC20EBE
:105AE000000000000000080000000000F73DC20EAA
:105AF000000000000000100000000000F73DC0069C
:105B0000000000000000200000000000F73DDA0E59
:105B1000000000000000400000000000F73D00060B
:105B2000000000000000800000000000F73D40067B
:105B30000000000000000001000000000000000064
:105B4000000000000000000200000000D70100007B
:105B5000000000000000000400000000D70D00005D
:105B6000000000000000000800000000F73DC00633
:105B7000000000000000001000000000F73DCA0E09
:105B8000000000000000002000000000F73DCA1ED9
:105B9000000000000000004000000000F73DFA3E59
:105BA00000000000726567256400636C646F5F70BD
:105BB000776D006368697063256400626F61726469
:105BC000747970650070726F6469640073776465DE
:105BD0006E61626C65006770646E00626F61726412
:105BE000666C6167730062746378776172666C617A
:105BF0006773007874616C6672657100626F6172C0
:105C000064726576006465766964006D7578656EAA
:105C1000616200776C30696400776C25643A2042D9
:105C2000726F6164636F6D2042434D25732038307D
:105C3000322E313120576972656C65737320436F62
:105C40006E74726F6C6C65722025730A0074656DDA
:105C5000705F74686F72745F6D6F6E69746F725F7E
:105C600074696D650074785F6D696E696D756D5FDF
:105C7000647574795F6379636C650074785F6475CB
:105C800074795F6379636C655F63636B00616762FE
:105C90006730006167626731006167626732007474
:105CA000656D7062617365645F647574795F637953
:105CB000636C655F656E006161300074785F647568
:105CC00074795F6379636C655F6F66646D00000073
:105CD0001133820025348200000000000000000023
:105CE0004E5652414D5265760073617232670061C3
:105CF0006132670020432543034321432443184373
:105D000019431A43114313431243144315431643D3
:105D10001B431C431D43284329432A432B432C4345
:105D20002D43414340435043514352435343574310
:105D30009DA9760554435F433F434F432F4334436C
:105D40003543364337433843394316474847274797
:105D5000434360434643474348433143324333431D
:105D6000AA43584359435A43A943554356436343AF
:105D7000804381438243644365436643744367437E
:105D8000A043A143A243AE43AF43B043AB43AC43B4
:105D9000AD43E343E443E543E243D043D143D2433D
:105DA000BA43BB43BC43B143B243B343A343A4434D
:105DB000A543B743B843B943C043C143C243D343E8
:105DC000D443D543D643D743D843D943DA43DB43FF
:105DD000DF43E043E143EC43ED43EE43E943EA4371
:105DE000EB432243D6A867A868A89CA9D8A89DA978
:105DF0001343144386A83143A7A9DBA8D1A8DCA884
:105E0000A4A952AAC6A902AA31AA32AA74785F74B8
:105E1000656D705F74687265736800646576696447
:105E20000031316E5F64697361626C650061673077
:105E300000616B6D00000000299483005DB7830052
:105E4000059283000000000045338400DD398400A2
:105E500000000000000000007A62637867636967F1
:105E600070696F00616E74737763746C3267006180
:105E70006E74737763746C356700776C25643A646D
:105E80006D6125640061613267006C7465637866DA
:105E90006E73656C006274635F6D6F646500626F42
:105EA000617264666C616773006D616361646472E2
:105EB000006C746563787061646E756D0076656EF4
:105EC000646964007A626378666E73656C006274FC
:105ED00063786C657363616E007A62637870616485
:105EE0006E756D00637573746F6D766172310063EA
:105EF0007573746F6D76617232006274635F706186
:105F000072616D732564006274635F666C616773B0
:105F10000062746378776172666C61677300626FA8
:105F2000617264666C61677332006C746563786774
:105F300063696770696F00626F617264666C616744
:105F4000733400626F6172647265760064657669AD
:105F5000640073726F6D7265760062745F6465666B
:105F600061756C745F616E74006D6F6E69746F72D1
:105F70005F74696D655F6F75740062746364796ED8
:105F80005F64656661756C745F6274635F6D6F6496
:105F9000650070726F7465637465645F74696D65C4
:105FA0005F6F75740062746364796E5F6D73775FA1
:105FB000726F77300062746364796E5F6D73775FC0
:105FC000726F77310062746364796E5F6D73775FAF
:105FD000726F77320062746364796E5F64736E739C
:105FE0005F726F77730062746364796E5F636F656D
:105FF000785F74776F5F616E74007478635F647547
:10600000725F7468726573680062746364796E5F4E
:106010006D73775F726F77330062746364796E5F5C
:106020006D73775F726F77730062746364796E5F0C
:1060300064666C745F64736E735F6C6576656C0028
:1060400062746364796E5F6274727373695F687996
:10605000737465720070726F745F627472737369C7
:106060005F746872657368006374733273656C661D
:106070005F6475725F74687265736800616C6572E5
:10608000745F74696D655F6F7574006274636479C1
:106090006E5F686967685F64736E735F6C65766571
:1060A0006C007266615F636F756E745F74687265B1
:1060B00073680062746364796E5F6D69645F6473B2
:1060C0006E735F6C6576656C0062746364796E5F95
:1060D0006C6F775F64736E735F6C6576656C00627E
:1060E000746364796E5F666C616773006274636485
:1060F000796E5F64736E735F726F77300062746382
:1061000064796E5F64736E735F726F77310062746F
:106110006364796E5F64736E735F726F773200626F
:10612000746364796E5F64736E735F726F7733004C
:1061300073636F5F727373695F746872657368000D
:1061400063636F6465006363007265677265760000
:106150006576656E7471006873323000B1968600A2
:10616000F196860061848600B1848600B19686002F
:10617000F196860061848600B1848600B19686001F
:10618000F19686002D858600998686000000000025
:106190000000000000000000000000002D858600C7
:1061A000998686000000000000000000B19686007D
:1061B000F1968600B1968600F1968600B19686002B
:1061C000F1968600000000000D060F0000000000A0
:1061D0000406300400000000020640067273736972
:1061E000636F72726E6F726D00676C616369616C70
:1061F00074696D65720063616C5F706572696F646C
:10620000006C64706300747373696C696D75636F9F
:10621000640025732E6661622E25640074656D70BE
:10622000746872657368002E6661622E00747870FF
:10623000777262636B6F6600696E74657266657211
:10624000656E636500676C697463685F626173653E
:10625000645F6372736D696E0032675F63676100CC
:1062600072737369636F7272617474656E007068C3
:106270007963616C5F74656D7064656C74610074E2
:10628000656D70735F6879737465726573697300A7
:1062900072737369636F72727065727267326700CE
:1062A00074737369666C6F6F7232670076626174C3
:1062B0005F616464007061706476616C69647465C8
:1062C00073740073776469765F6770696F5F31001C
:1062D0006D63733267706F300073707572636F6EC9
:1062E000666967006D63733267706F310063636B5B
:1062F00064696766696C74747970650065755F655B
:10630000647468726573683267007265645F72787E
:10631000626C6F636B696E67000001006C094B0073
:1063200076011300323016000300417E0006000A99
:10633000D903270025000000910900006C09000026
:10634000000005035BE708003F5812122F141F1FBF
:106350001F1F20512761000009603F700200710972
:106360004B0076011300323016000300417E000618
:10637000000AD903270025000000910900007109D7
:106380000000000007030D8208003F5812122F146E
:106390001F1F1F1F20512761000009603F7003006D
:1063A00076094B0076011300323016000300417E5F
:1063B0000006000AD903270025000000910900000B
:1063C0007609000000000903BF1C08003F581212A4
:1063D0002F141F1F1F1F20512761000009603F70ED
:1063E00004007B094B0076011300323016000300D5
:1063F000417E0006000AD90327002500000091090C
:1064000000007B09000000000A0371B708003F5834
:1064100012122F141F1F1F1F205127610000096037
:106420003F70050080094B007601130032301600E2
:106430000300417E0006000AD90327002500000062
:10644000910900008009000000000C03235208009D
:106450003F5812122F141F1F1F1F215127610000C8
:1064600009603F70060085094B0076011300323049
:1064700016000300417E0006000AD903270025000C
:106480000000910900008509000000000D03D5EC13
:1064900008003F5812122F141F1F1F1F2151276180
:1064A000000009603F7007008A094B007601130065
:1064B000323016000300417E0006000AD90327008F
:1064C00025000000910900008A09000000000F0368
:1064D000878708003F5812122F141F1F1F1F2151BA
:1064E0002761000008603F7008008F094B007601AB
:1064F0001300323016000300417E0006000AD90363
:10650000270025000000910900008F09000000000D
:106510001103392208003F5812122F141F1F1F1F8A
:1065200021512761000008603F70090094094B0069
:1065300076011300323016000300417E0006000A87
:10654000D9032700250000009109000094090000EC
:1065500000001203EBBC08003F5812122F141F1F3B
:106560001F1F21512761000008603F600A00990940
:106570004B0076011300323016000300417E000606
:10658000000AD9032700250000009109000099099D
:106590000000000014039D5708003F5812122F14EA
:1065A0001F1F1F1F21512761000008603F600B0063
:1065B0009E094B0076011300323016000300417E25
:1065C0000006000AD90327002500000091090000F9
:1065D0009E090000000015034FF208003F581212F8
:1065E0002F141F1F1F1F21512761000007603F60EC
:1065F0000C00A3094B007601130032301600030093
:10660000417E0006000AD9032700250000009109F9
:106610000000A309000000001703018D08003F5887
:1066200012122F141F1F1F1F215127610000076026
:106630003F600D00A8094B007601130032301600B0
:106640000300417E0006000AD90327002500000050
:1066500091090000A809000000001903B3270800F1
:106660003F5812122F141F1F1F1F215128610000B5
:1066700007603F600E00B4094B0076011300323012
:1066800016000300417E0006000AD90327002500FA
:10669000000091090000B409000000001D035E0124
:1066A00008003F5812122F141F1F1F1F215128616D
:1066B000000007603F606D617870326761300000F4
:1066C00001006C09340004010D0023304F00030069
:1066D000417E0006000AD90327001A000000A20923
:1066E00000006C0900000000B208277608003F583F
:1066F00017173C191F1F1F1F3B511961000009602C
:106700003F7002007109340004010D0023304F0076
:106710000300417E0006000AD90327001A0000008A
:10672000A2090000710900000000B708B1130800B9
:106730003F5817173C191F1F1F1F3B5119610000BD
:1067400009603F7003007609340004010D00233016
:106750004F000300417E0006000AD90327001A00FB
:106760000000A2090000760900000000BB083BB150
:1067700008003F5817173C191F1F1F1F3C51196174
:10678000000009603F7004007B09340004010D0023
:1067900023304F000300417E0006000AD903270082
:1067A0001A000000A20900007B0900000000C008D8
:1067B000C44E08003F5817173C191F1F1F1F3C519C
:1067C0001961000009603F70050080093400040170
:1067D0000D0023304F000300417E0006000AD9035C
:1067E00027001A000000A209000080090000000034
:1067F000C4084EEC08003F5817173C191F1F1F1FF5
:106800003C511961000009603F70060085093400A1
:1068100004010D0023304F000300417E0006000AF2
:10682000D90327001A000000A20900008509000012
:106830000000C908D88908003F5817173C191F1FC6
:106840001F1F3C511961000009603F7007008A0951
:10685000340004010D0023304F000300417E000688
:10686000000AD90327001A000000A20900008A09C3
:1068700000000000CE08622708003F5817173C1997
:106880001F1F1F1F3C511961000008603F70080066
:106890008F09340004010D0023304F000300417EB6
:1068A0000006000AD90327001A000000A209000010
:1068B0008F0900000000D208ECC408003F581717E9
:1068C0003C191F1F1F1F3C511961000008603F70D9
:1068D00009009409340004010D0023304F00030027
:1068E000417E0006000AD90327001A000000A20911
:1068F0000000940900000000D708766208003F58A5
:1069000017173C191F1F1F1F3C5119610000086019
:106910003F600A009909340004010D0023304F0044
:106920000300417E0006000AD90327001A00000078
:10693000A2090000990900000000DC08000008001E
:106940003F5817173C191F1F1F1F3C5119610000AA
:1069500008603F600B009E09340004010D002330E5
:106960004F000300417E0006000AD90327001A00E9
:106970000000A20900009E0900000000E008899DB7
:1069800008003F5817173C191F1F1F1F3D51196161
:10699000000007603F600C00A309340004010D00F3
:1069A00023304F000300417E0006000AD903270070
:1069B0001A000000A2090000A30900000000E50879
:1069C000133B08003F5817173C191F1F1F1F3D514D
:1069D0001961000007603F600D00A8093400040140
:1069E0000D0023304F000300417E0006000AD9034A
:1069F00027001A000000A2090000A80900000000FA
:106A0000E9089DD808003F5817173C191F1F1F1F82
:106A10003D511961000007603F600E00B409340069
:106A200004010D0023304F000300417E0006000AE0
:106A3000D90327001A000000A2090000B4090000D1
:106A40000000F4084EEC08003F5817173C191F1FB0
:106A50001F1F3D511961000007603F6070726F7029
:106A6000627732303267706F0072636F725F61639A
:106A70006900706D696E00706170646D6F646500AF
:106A800063616C696478657374746172676574328C
:106A9000670063616C696478657374626173653201
:106AA00067007061326761305F6C6F0063636B32E7
:106AB00067706F0063636B7363616C650074656D11
:106AC000705F6D756C7400706170646570736F6673
:106AD00066736574006F66646D3267706F00706115
:106AE00063616C69647832670073776469765F7399
:106AF000776374726C5F656E006F66646D6469675E
:106B000066696C74747970656265004176566D696A
:106B100064495163616C0063636B69647870636896
:106B20006F6666730074656D705F6164640073778F
:106B30006469765F6770696F006D63736277323086
:106B40003267706F0070617064656E6469647800AC
:106B500001006C092600C0000A001A308000030002
:106B6000417E0006000AD903270013000000B00987
:106B700000006C0900000000C70B000008003F582F
:106B800017173C191F1F1F1F505119610000096082
:106B90003F70020071092600C0000A001A30800010
:106BA0000300417E0006000AD903270013000000FD
:106BB000B0090000710900000000CD0B0040080082
:106BC0003F5817173C191F1F1F1F51511961000013
:106BD00009603F70030076092600C0000A001A30E1
:106BE00080000300417E0006000AD903270013003D
:106BF0000000B0090000760900000000D30B0080FF
:106C000008003F5817173C191F1F1F1F51511961CA
:106C1000000009603F7004007B092600C0000A00E4
:106C20001A3080000300417E0006000AD9032700C5
:106C300013000000B00900007B0900000000D90B20
:106C400000C008003F5817173C191F1F1F1F515144
:106C50001961000009603F70050080092600C0002E
:106C60000A001A3080000300417E0006000AD903A2
:106C7000270013000000B009000080090000000098
:106C8000E00B000008003F5817173C191F1F1F1F7B
:106C900051511961000009603F7006008509260006
:106CA000C0000A001A3080000300417E0006000A7E
:106CB000D903270013000000B00900008509000077
:106CC0000000E60B004008003F5817173C191F1F33
:106CD0001F1F51511961000009603F7007008A09A8
:106CE0002600C0000A001A3080000300417E000622
:106CF000000AD903270013000000B00900008A0928
:106D000000000000EC0B008008003F5817173C19EA
:106D10001F1F1F1F51511961000008603F700800BC
:106D20008F092600C0000A001A3080000300417E4F
:106D30000006000AD903270013000000B009000074
:106D40008F0900000000F20B00C008003F58171721
:106D50003C191F1F1F1F52511961000008603F702E
:106D6000090094092600C0000A001A3080000300C0
:106D7000417E0006000AD903270013000000B00975
:106D80000000940900000000F90B000008003F58C3
:106D900017173C191F1F1F1F52511961000008606F
:106DA0003F600A0099092600C0000A001A308000DE
:106DB0000300417E0006000AD903270013000000EB
:106DC000B0090000990900000000FF0B0040080016
:106DD0003F5817173C191F1F1F1F52511961000000
:106DE00008603F600B009E092600C0000A001A30B0
:106DF00080000300417E0006000AD903270013002B
:106E00000000B00900009E0900000000050C008091
:106E100008003F5817173C191F1F1F1F52511961B7
:106E2000000007603F600C00A3092600C0000A00B4
:106E30001A3080000300417E0006000AD9032700B3
:106E400013000000B0090000A309000000000B0CB3
:106E500000C008003F5817173C191F1F1F1F525131
:106E60001961000007603F600D00A8092600C000FE
:106E70000A001A3080000300417E0006000AD90390
:106E8000270013000000B0090000A809000000005E
:106E9000120C000008003F5817173C191F1F1F1F36
:106EA00052511961000007603F600E00B4092600CE
:106EB000C0000A001A3080000300417E0006000A6C
:106EC000D903270013000000B0090000B409000036
:106ED0000000210C000008003F5817173C191F1F25
:106EE0001F1F53511961000007603F60697473737D
:106EF00069636F72720073776469765F656E0065AF
:106F0000646F66667468643230756C00696E6974AB
:106F10007869647870636800647373667468007479
:106F200073736974696D650063636B6277323032C5
:106F300067706F007061706474656D7000706132AD
:106F40006761305F3270777200696E697478696466
:106F5000780063636B7077726F6666736574300078
:106F60004176566D69645F63300074656D705F7162
:106F700000766261745F6D756C740063636B696E3B
:106F80006974786964780073726F6D726576006FEA
:106F900066646D64696766696C74747970650070A5
:106FA00061706474656D7062696173006C636E32E8
:106FB000305F6E6F69736563616C5F74626C5F658F
:106FC0006E0065646F6E74686432306C006C656767
:106FD0006F66646D627732303267706F0070613255
:106FE0006761300074787077726F666673657432AB
:106FF0006700706D617800766261745F71000607EA
:107000003F038A00000006073F03840000000607D4
:107010003F038000000006073F037B0000000607D7
:107020003F037700000006073F03720000000607D9
:107030003F036E00000006073F036A0000000607DA
:107040003F036700000006073F03630000000607D8
:107050003F036100000006073F035C0000000607D5
:107060003F035A00000006073F03570000000607D1
:107070003F035400000006073F03510000000607CD
:107080003F034F00000006073F034D0000000607C6
:107090003F034B00000006073F03480000000607BF
:1070A0003F034600000006073F03440000000607B8
:1070B0003F034200000006073F03400000000607B0
:1070C0003F033F00000006073F033D0000000607A6
:1070D0003F033B00000006073F033A00000006079D
:1070E0003F033800000006073F0336000000060794
:1070F0003F033500000006073F0334000000060789
:107100003F033200000006073F033100000006077E
:107110003F033000000006073E032F000000060773
:107120003C032F00000006073B032F00000006076A
:107130003B032D00000006073A032D000000060760
:107140003A032C00000006073A032B000000060754
:107150003A0329000000060739032900000006074A
:107160003803280000000607380327000000060740
:107170003803260000000607380325000000060734
:107180003803240000000607370324000000060728
:10719000370323000000060737032200000006071C
:1071A0003703210000000607350321000000060711
:1071B0003503200000000607340320000000060706
:1071C00034031F000000060732031F0000000607FB
:1071D00033031E000000060733031D0000000607EE
:1071E00031031D000000060732031C0000000607E3
:1071F00030031C00000006072F031C0000000607D8
:107200002D031C00000006072B031C0000000607CE
:107210002A031C000000060729031C0000000607C3
:1072200028031C000000060728031B0000000607B7
:1072300027031B000000060727031A0000000607AB
:1072400026031A000000060724031A0000000607A0
:1072500023031A000000060722031A000000060795
:1072600021031A0000000607210319000000060789
:1072700020031900000006071F031900000006077D
:107280001E031900000006071E0319000000060770
:107290001E031900000006071E0319000000060760
:1072A0001E031900000006071E0319000000060750
:1072B0001E031900000006071E0319000000060740
:1072C0001E031900000006071E0319000000060730
:1072D0001E031900000006071E0319000000060720
:1072E0001E031900000006071E0319000000060710
:1072F0001E031900000006071E0319000000060700
:107300001E031900000006071E03190000000607EF
:107310001E031900000006071E03190000000607DF
:107320001E031900000006071E03190000000607CF
:107330001E031900000006071E03190000000607BF
:107340001E031900000006071E03190000000607AF
:107350001E031900000006071E031900000006079F
:107360001E031900000006071E031900000006078F
:107370001E031900000006071E031900000006077F
:107380001E031900000006071E031900000006076F
:107390001E031900000006071E031900000006075F
:1073A0001E031900000006071E031900000006074F
:1073B0001E031900000006071E031900000006073F
:1073C0001E031900000006071E031900000006072F
:1073D0001E031900000006071E031900000006071F
:1073E0001E031900000006071E031900000006070F
:1073F0001E031900000006071E0319000000060FF7
:107400003FFF62000000060F3FFF5E000000060F16
:107410003FFF59000000060F3FFF55000000060F18
:107420003FFF51000000060F3FFF4D000000060F18
:107430003FFF4A000000060F3FFF47000000060F15
:107440003FFF44000000060F3FFF41000000060F11
:107450003FFF3E000000060F3FFF3C000000060F0C
:107460003FFF3A000000060F3FFF37000000060F05
:107470003FFF35000000060F3FFF33000000060FFE
:107480003FFF32000000060F3FFF30000000060FF4
:107490003FFF2E000000060F3DFF2E000000060FEC
:1074A00039FF2F000000060F3AFF2D000000060FE5
:1074B00039FF2C000000060F37FF2C000000060FDC
:1074C00036FF2B000000060F36FF2A000000060FD3
:1074D00035FF29000000060F35FF28000000060FC9
:1074E00033FF28000000060F31FF28000000060FC0
:1074F00030FF27000000060F2FFF27000000060FB7
:107500002DFF27000000060F2EFF25000000060FAC
:107510002CFF25000000060F2BFF25000000060FA2
:1075200029FF25000000060F28FF24000000060F99
:1075300026FF25000000060F24FF26000000060F8E
:1075400022FF26000000060F21FF26000000060F84
:1075500021FF25000000060F22FF23000000060F78
:1075600020FF23000000060F1FFF23000000060F6E
:107570001FFF22000000060F1FFF21000000060F62
:107580001CFF22000000060F1CFF21000000060F58
:107590001CFF20000000060F1CFF1F000000060F4C
:1075A0001CFF1E000000060F1AFF1F000000060F40
:1075B0001AFF1E000000060F19FF1E000000060F34
:1075C00019FF1D000000060F18FF1D000000060F28
:1075D00018FF1C000000060F16FF1D000000060F1C
:1075E00016FF1C000000060F17FF1B000000060F0F
:1075F00017FF1A000000060F17FF19000000060F02
:1076000016FF19000000060F15FF19000000060FF5
:1076100014FF19000000060F16FF17000000060FE8
:1076200015FF17000000060F17FF15000000060FDA
:1076300016FF15000000060F15FF15000000060FCD
:1076400014FF15000000060F15FF14000000060FC0
:1076500014FF14000000060F14FF13000000060FB3
:1076600015FF12000000060F12FF13000000060FA6
:1076700013FF12000000060F12FF12000000060F99
:1076800011FF12000000060F10FF12000000060F8D
:107690000DFF14000000060F0FFF12000000060F80
:1076A0000EFF12000000060F0CFF13000000060F73
:1076B0000DFF12000000060F0CFF12000000060F65
:1076C0000BFF13000000060F0CFF11000000060F57
:1076D00008FF14000000060F09FF13000000060F4A
:1076E00008FF13000000060F0AFF11000000060F3C
:1076F00008FF12000000060F07FF13000000060F2E
:1077000008FF11000000060F07FF12000000060F1F
:1077100007FF11000000060F05FF13000000060F11
:1077200008FF0F000000060F09FF0E000000060F03
:1077300008FF0E000000060F07FF0F000000060FF5
:1077400004FF11000000060F05FF10000000060FE7
:1077500003FF12000000060F04FF10000000060FD8
:1077600001FF14000000060F02FF12000000060FC8
:1077700001FF13000000060F02FF11000000060FBA
:1077800001FF12000000060F02FF10000000060FAC
:1077900001FF11000000060F01FF10000000060F9E
:1077A00001FF10000000060F01FF10000000060F8F
:1077B00001FF10000000060F01FF10000000060F7F
:1077C00001FF10000000060F01FF10000000060F6F
:1077D00001FF10000000060F01FF10000000060F5F
:1077E00001FF10000000060F01FF10000000060F4F
:1077F00001FF10000000060F01FF10000000726181
:10780000746573656C007374660063636B5F6F6EA1
:1078100065636F72655F74780074656D70735F7017
:107820006572696F64007478636861696E0072786C
:10783000636861696E0073776469765F736E7274F2
:1078400068726573680073776469765F74785F77D0
:1078500065696768740073776469765F736E726CCC
:10786000696D0073776469765F73776374726C5FB8
:107870006D61736B0073776469765F63636B736EBE
:1078800072636F72720073776469765F7377637483
:10789000726C5F616E74300073776469765F7377C2
:1078A0006374726C5F616E74310073776469765FC4
:1078B0007765696768740073776469765F73657468
:1078C000746C650073776469765F656E00737764C6
:1078D00069765F72785F706F6C6963790073776443
:1078E00069765F63656C6C5F706F6C696379007358
:1078F000776469765F73776374726C5F656E00732B
:10790000776469765F746872657368007377646919
:10791000765F6770696F5F310073776469765F6364
:10792000636B6E6F6973656573746C696D007377F3
:107930006469765F6C6F673261766700737764693C
:10794000765F6770696F0073776469765F74785FDC
:10795000706F6C6963790073776469765F74696DC1
:10796000656F757400616E746469765F72737369B4
:107970006469666674687265736800776F776C5FB8
:107980006770696F00776F776C5F6770696F706F92
:107990006C00000073B54369164600222F2B044685
:1079A0000D46019208DD332B06D013460121E2F388
:1079B000D9F183059B0D07E0002120460A46E2F33A
:1079C00031F2064B03401B0C1B022046336001A919
:1079D0002A4600F005F801987CBD00BF0000FF03B7
:1079E000F8B504460E461546E5F380F540F612015B
:1079F000002207462046E6F31BF32046E5F37EF51A
:107A000020463946E6F322F3024B33604FF4C86355
:107A10002B60F8BD4C6403000B46C06F11461A463C
:107A2000FFF7B8BF10B501210446C06FE2F35CF266
:107A3000E06FE6F337F3002010BD37B50024694648
:107A400001AA054600940194FFF7E6FF9DE80600B1
:107A50000346284624F052DC20463EBD38B5044695
:107A6000C06FE2F3D3F148B12046FFF7E6FF0546C9
:107A700038B92046FFF7D6FF284638BD4FF0FF3013
:107A800038BD002038BD2DE9FF4107464FF4B670E0
:107A90000E4615469846E0F36BF40446002832D0B3
:107AA00000214FF4B672DBF34DF40A9B3846009385
:107AB00004F18003019304F18403029331462A46C2
:107AC0004346F2F7F1FBE067C0B10123637440F66F
:107AD00012010022E6F3ACF20C210022C4F8880067
:107AE000E06FE5F3F7F42046F5F722FF2046FFF7B5
:107AF000B5FFE06FF2F780F9002500E00B25204686
:107B0000E0F348F400E01E25284604B0BDE8F0810B
:107B1000CDAB000001BC600300104E03BFDE02F0DD
:107B20000E5C0280C12700000403BFDE02F0105982
:107B300003A85E02F0001203A65E02F000120282A9
:107B40005E5300001202855EAF000012020200BF09
:107B500000000F03A85E02F000120282DEBB0000EC
:107B6000120282DEB300001202845EB7000012022D
:107B7000845EB3000012028600C7000012028480F7
:107B8000C300001201BC63FF1FF040000080000032
:107B90000000035B5E02F0001401BC6013001043A0
:107BA00000015E02F0000000025E02F0182C0202EA
:107BB00000BF0000B402045EFF00001B006B4465C0
:107BC00056801B01846002F7F7BF01BC6003000A06
:107BD000A600025E02F012370202DEFF0000200063
:107BE0006B44655520200182E002F7F7BF03BFDE3A
:107BF00002F006C30201AC7B00002500E844656189
:107C000077A101BC607F0817A2006D5E86F4402555
:107C100000A82C7B010B1E00682B4F00002A02805D
:107C2000DEFF0000B4006B44655A60B40184E006D6
:107C3000F577AB00025E02F0159B020480C70000DE
:107C40002C028180C700002E01806002F7F7BF017F
:107C5000BC6003000ADA00902BE300D7A200E02BFF
:107C6000DEF457A3006D446AF4603200B02BD700F5
:107C70000AF001876002F7F7BF00682BBF00003AE7
:107C800000E944655DF7A300E8C4695E77A2006877
:107C9000DE8B00003A006DDE8D5E003A0286ABD3CB
:107CA00000003A01876006F7F7BF0207DEFF000019
:107CB0003F00E844655A37A2006D5E895A003F01D3
:107CC00087E002F7F7BF01BC6003000AD100682C0F
:107CD0006F00004501BC61F70017A100E84465632F
:107CE00077A2006D5E8AF4204501BC6003000B1B87
:107CF00000A82C7B002B1E00682AE700005100E83A
:107D000044655737A1006DDE8556404C00682B2333
:107D100000005100E844655917A1006DDE8556400A
:107D20004E03BFDE02F0005101BC6003000ABA013D
:107D3000BC6003000AB901BC6003000AC801BC6052
:107D400003000AC000A82C7B004B1E0202DEB30019
:107D500000540200420300005400025E02F00D2FA6
:107D60000203C57300005702845EB30000B40068CC
:107D7000AAEF0000B40284DEB7000059020180C7F8
:107D800000007900B02AAB0017A202802BD30000BC
:107D90006000B02B030017A1006DDE855BE0AB0037
:107DA000685E8700006000682BE700006000B02B71
:107DB000E70017A200682AEB00006600E844655758
:107DC00057A101856006F5D7AE006DDE86F440ABA5
:107DD00000E05E8554F7A1006DDE86F440AB0185BE
:107DE0006002F5D7AE0202DEBB00007900682A9B74
:107DF00000007900E8446555D7A100E02A9B0157AF
:107E0000A2006EDE86F440720182E002F5D7AE0178
:107E100081600163CB1E01BC6003000AEA01BC6003
:107E200003000AA601BC6003000AE503BFDE02F0FE
:107E30000079006EAA9AF4207800E82A9AF437A113
:107E400000902A9B0037A2006E2A9EF4407700B073
:107E50002A9F0017A20069DE86F4407903BFDE0284
:107E6000F000AB0284DEB700009E028881AB000008
:107E70009C02045EB70000B4020480C700008500C5
:107E8000682AF700208500682AF700808500682AA4
:107E9000DF00008400682AF702E0820068AAF70881
:107EA000608400E844655637A1006D5E8556E0B4F5
:107EB00002005EFF00009C028080BF00009C006802
:107EC0002B2300008B02802BD300008B00B02B2BC8
:107ED0000017BB006E2B02F760B403BFDE02F00098
:107EE0009C0205DEB700008E00682AF70860B40324
:107EF000BFDE02F0009C028400C7000090028600F2
:107F0000C700009200682AEB00009C02812C270029
:107F1000009C00E844655637A10206ABD3000096EA
:107F200000E845C95AF7A203BFDE02F0009700E857
:107F300045895AF7A20286ABD300009A00E85E8614
:107F4000F457A10069DE8557009C006CC46556603B
:107F5000B402855EB70000B400025E02F015BE03F5
:107F6000BFDE02F000B40285ABD30000A50206AB71
:107F7000D30000A301BC63FF1FF7A1006845C6F44E
:107F8000209C03BFDE02F000A501BC63FF1FF7A128
:107F900000684586F4209C0203C5730000AB02858F
:107FA0005EB70000AB020100C70000B4006B44657F
:107FB0005680B40020E3FE1460B40282DEBB0000F1
:107FC000B402022C270000AE0282DEBB0000AE032A
:107FD000BFDE02F0009C028881AB0000B40282DEAA
:107FE000B30000B4028080BF0000B40284DEAF00A2
:107FF00000B402825EBB0000B400025E02F015EE27
:10800000018060020D906C03595E02F000B603D847
:108010005E02F000B703D8DE02F000B801BC618355
:1080200000112900B0007B00112B01BC630300117B
:108030002303125E02F00CB003975E02F00D4303BF
:10804000D05E02F0039403D0DE02F0063D03D5DEDD
:1080500002F00C6203915E02F006980396DE02F0D5
:108060000C5D0288C17300012303C45E02F0081096
:1080700003C75E02F0083403DCDE02F0163503AA03
:108080005E02F008A40386DE02F00CA10287C0376E
:10809000000CA103835E02F00A50020680C70000B4
:1080A000D00202B0E70000D0006C30EE2320D001F7
:1080B00082E001872C3901BC607F1FF7A201E05EDE
:1080C0008A1070830391DE02F00720020680C70049
:1080D0000107020601AB0000E3020030E70000E305
:1080E0000068DE4B0620E3020042030000E3028446
:1080F00045230000E30280B0E70000E3006E45176F
:108100000020E301BC600300108000A8412300F0C0
:108110004803D0DE02F000DC03D05E02F000DD0395
:10812000D5DE02F000DE00E001DF0020770180E014
:1081300005872C3901BC6003000C3A00025E02F096
:10814000180700025E02F0181B020E01AB0000F0DF
:10815000028445230000F0020130E70000F000E057
:1081600001E300207801816001872C390180E00162
:10817000872C39010C81430017A60068DE9B006044
:10818000ED01BC6003004C3A03BFDE02F000EF00DB
:1081900068DE9B0040EF01BC6003002C3A00025EE9
:1081A00002F01807020681AB000107020230E70067
:1081B00000FB028042030000FB028445230000FB19
:1081C00003915E02F0069800E001EB00207A018046
:1081D000E005872C3901826001872C3901BC6003DE
:1081E000000C3A00025E02F0180700025E02F0186E
:1081F0001B0201B0E70000FE006C30F22320FE01FC
:1082000081E001872C39020330E7000107006C3060
:10821000F623210701836001872C39020042030005
:10822000010700685E4B04410500685E4B00410594
:1082300003BFDE02F001070182600609104801BC9D
:10824000600300114503C2DE02F00D0A00025E0267
:10825000F0123603D4DE02F007B903A3DE02F00009
:108260000203C85E02F005FB0204DEB30001100247
:108270000145230001100184E002F597AC00025E85
:1082800002F006370201C5230001120187E002F562
:1082900077AB00025E02F00EAF00025E02F01177D3
:1082A00002182E2700011600025E02F0118A03A2B6
:1082B0005E02F0012003565E02F0011D0186600699
:1082C000091048031F5E02F0011D006A5E230001D1
:1082D0001C00B0002700178800E85E2300378803E1
:1082E000A65E02F0018E00025E02F011F800286026
:1082F0000E08E1B403C4DE02F00D7A0020C20300D0
:1083000021BC03BFDE02F0020D03815E02F00125F5
:108310000300DE02F000C30188E0020B905C03BFA3
:10832000DE02F0039102874063000127018EE00E18
:10833000F43018028740630001290002DE02F000D9
:10834000000287406300012B00B05E8B0010190112
:108350008EE00AF430180002DE02F0000001BC607A
:108360006300107B01BC601B00107A01AC607EF4DE
:108370007075028741D70001320002DE02F0000072
:1083800001BC606300107B01BC601B00107A01AC73
:1083900060BEF47075028741D70001370002DE022B
:1083A000F0000001BC606300107B00B05E8B001029
:1083B0007A01AC607EF43075028741D700013C0041
:1083C00002DE02F0000001BC606300107B00B05EC2
:1083D0008B00107A01AC60BEF43075028741D70083
:1083E00001410002DE02F0000001BC6003028006D1
:1083F0000280DE0700014D01DA6002F017800208FA
:108400005E0700016101BC60031E17A100E05E026F
:10841000F4306501BC60031C17A100E05E02F4307B
:108420006401BC600300281103BFDE02F001670194
:10843000105E030017A101035E030017A200E05EB7
:1084400086F457A100885E870037A200E05E86F4BC
:1084500057A100E0015AF43063028600C3000158BE
:1084600000B0560B00106200B0540300106201BC53
:10847000600300281103BFDE02F0016900B0418FE4
:108480000010620109DE030017A10068DE870041C9
:108490005C00E05E870037A100885E870057A1007E
:1084A000E05E8504B7A100E05E8703C00601BC6002
:1084B0000300481103BFDE02F0016901BC6007023E
:1084C00017A100E05E02F4306501BC60070017A14F
:1084D00000E05E02F4306401BC600318000601BCD9
:1084E000600300081100B05A0300106200B0580386
:1084F0000010630002DE02F0000001BC60030637DA
:108500009201BC63FF1FF0C301BC60031890E3013C
:10851000BC60FB1C10E501BC600300501000B040C3
:108520004300180000B040470010E70002DE02F0F0
:10853000000000E840330097A100B0400B0017A3F3
:10854000006D5E86F4617700905E8F0037A303BFF5
:10855000DE02F0017800905E870037A301BC601B4B
:108560000437A100E05E8EF437A301F041970017B5
:10857000A1006DDE86F4618C0287C1970001800145
:10858000385A030017A1013C5A030017A203BFDEAB
:1085900002F00182013C5A030017A101385A07007A
:1085A00017A200685E86F4818700D85E8B0037A230
:1085B00000E14196F4506500E1C19700306503BFCA
:1085C000DE02F0017A00D85E8B0037A200E141960E
:1085D000F457A100E1DE870037A101F05E870017A4
:1085E000A1006EDE86F4618D01BC63FF1FF7A4005D
:1085F00002DE02F00000020681AB00019001826001
:1086000001872C390020E38E090002031EDE02F0F0
:108610000196039F5E02F0019601BC60430117A121
:1086200000A84122F4304803BFDE02F00002020835
:10863000411F00019301816005610B0800025E0289
:10864000F00D2F00B000AB00108600B001630010E9
:108650008A00025E02F0107301BC600304179200EE
:10866000B0003B00111D0190600609104803A1DE17
:1086700002F001AE0181E00609104801BC60030070
:10868000904201BC600300112D039EDE02F001B197
:1086900001846002F2979400B0451700178F00B074
:1086A0005E170017900200441F0001AA01856002B6
:1086B0000910480181600700104701F0DE0F003704
:1086C000A1020400BF0001AD01F084C70037A10082
:1086D000A044B6F43145039EDE02F001B101BC6155
:1086E0003712B08003BFDE02F0000200A044B42ABB
:1086F000314501BC612712708003BFDE02F0000229
:108700000020E082090002010CDE530017A101885D
:108710005E8700104701BC60030050420108411F02
:108720000017A1018CDE86F2979403BFDE02F000F1
:10873000020002DE02F000000020E07E09000200DC
:10874000025E02F012020283C21F000002020280D7
:10875000F30001C600B044670017A1017C5E8623C8
:1087600057A302835EFF0001C500E000FAF4682908
:1087700001836006F7F7BF006BDE8D0521CA020694
:10878000D0030001CE00E950862337A100E8D08A4B
:108790002357A20069DE8B0001CE00025E02F00DBD
:1087A0002F0191601684F42700E020A70088290398
:1087B000BFDE02F0036E00025E02F00371020400ED
:1087C000BF0001D603945E02F000020020C28F06B3
:1087D000000200A0428F01F78000685E002DC002F9
:1087E00000025E02F00D2F03BFDE02F00012020154
:1087F000C28F000002011400630017A100685E87A9
:1088000000600200025E02F00D2F0194600F000074
:108810001800025E02F001DD03BFDE02F00012016B
:108820001400630017A100B05E870010A501BC60B2
:10883000131B906000685E870001E400E04183063E
:10884000D06000E85E870037A103BFDE02F001E0E0
:10885000028050C30001F2018760040310A000B041
:1088600000630010B400B042D300180000884183B8
:108870000030B601BC60030B10B500B0006300B05F
:10888000B40317DE02F001EB0397DE02F001EC0106
:108890008060068614300068D0D30001F20068D0F2
:1088A000D70001F200B0446700143400B0446B00FC
:1088B00014350002DE02F000000020E01280420CBD
:1088C000018760040310A000B000630010B401BC75
:1088D00060030E10B500B0006300F0B401BC605737
:1088E0000310B600B000630010B401BC600302D0F6
:1088F000B50207500B00020901BC600303D0B501AB
:108900008E6002F297940204500B0002020204D01F
:108910000B00020201866006F2979400E042D70045
:10892000D0B500A0500B1117A10068DE8711020816
:108930000186E006F2979400E042D70050B50207A6
:10894000D00B00020800E042D70090B500B042D73B
:108950000011E100B0006300B0B40317DE02F002C2
:108960000A0397DE02F0020B0002DE02F0000000B4
:108970006820C3000210006CC46506001201BC60D0
:1089800003000830006820BB00021600B0446700F6
:1089900017A2006C446988A215006B446988A01274
:1089A000006EDE8905E01201BC600300082E002085
:1089B000E0BE090002020681AB00021A0281B0E7A4
:1089C0000000020280B0E700000203905E02F000A7
:1089D0001203A25E02F0022C00025E02F01163029A
:1089E0000200BF00022B0284DEAF00022302045EFD
:1089F000B700022B00025E02F0156902045EB700A8
:108A0000022B03BFDE02F0000202045EB700022662
:108A1000020480C700022B02805EFF00022B0002CE
:108A20005E02F0150D0206ABD300022A02052C23CC
:108A300000022A03BFDE02F0022B03BFDE02F000B9
:108A40000200025E02F012020200421F0002430016
:108A50006842F300022F006D42F3006243011400EC
:108A6000630017A100B05E870017A203A25E02F0A8
:108A7000023703145E02F00245006EC45680624560
:108A800002814523000245006E5E8700624301BCFF
:108A900060030077A200886006F457A300885E8B0D
:108AA00001001800E85E8B0037A20020C28EF4623D
:108AB0003D006ADE86F4423703BFDE02F002430265
:108AC0000400BF00026F0090006301016500808513
:108AD000970217A100E064820DA16600025E02F019
:108AE00011DF03BFDE02F0026F018260020910484D
:108AF00003BFDE02F0000201BC600300111500B0EC
:108B0000017F0017A6031F5E02F00254020300C398
:108B100000024A0020C28F02024E03255E02F002CC
:108B2000540020C28F02024E00688153FFE01203FE
:108B3000BFDE02F002500194601300001803BFDE94
:108B400002F0026F039EDE02F002530068DE980B13
:108B5000C2530201411F000F250185600209104820
:108B600000685E980BC25800695E9F0062720298AE
:108B7000428F00025803BFDE02F002720201411F61
:108B8000000F25020400BF00025F0218428F000F91
:108B90002500025E02F011C100025E02F011DF0149
:108BA00094058700001803BFDE02F0026F02001573
:108BB0000B000268020016BB00026B00B0149700A5
:108BC00017A10068DE84B2226800B0149B0017A1D0
:108BD0000068DE84B2426800B0149F0017A10068EC
:108BE000DE84B26268029E14E700026B0201C28F4B
:108BF00000026D0194600F00001803BFDE02F00256
:108C00006F0201C28F00026D018060060D906C0240
:108C100000C28F000F250194600700001800025E5B
:108C200002F001DD020400BF0002A103BFDE02F07A
:108C300002A101BC60031810600129500B001792BB
:108C400000B0017B001065006800EB00027A00882C
:108C50005A130117A100E84466F437A1006EDE84C0
:108C600007427A03BFDE02F007B2019060120910DA
:108C7000480194601F00001801085A0F0017810175
:108C8000885E0681540A01345A0F00178000025E84
:108C900002F0014300B0017B00106500B0562300D4
:108CA00017A100E05E86A097A100E85E8400F403AF
:108CB00000E85E8400F41600B05A0300141300B0FC
:108CC0005A0700141400B05A0B0014150068DE0790
:108CD00000429200E800970057A101BC5E86F014A4
:108CE0001B017C5E8700F41C00B020470017810048
:108CF000025E02F0108400B0017B00106501085A8A
:108D00000F00178100B05E8700141E03BFDE02F063
:108D1000029500B0561700141B00B0561B00141C1F
:108D200000B0541300141E00B05013001086006DE4
:108D300000A700829B0190016300108A00B0418F60
:108D400000106200025E02F0160200B0422B001416
:108D50000601BC60031817A1006DC18C20029E01A2
:108D6000BC60030297A100E05E840377A100E05E8F
:108D700086B0111D03BFDE02F00337020300C700F7
:108D800002B1020CD0030002B1011400630017A16C
:108D9000028500630002B10080DE8701F7A201BCFA
:108DA000601B1857A200E05E8A0DB06500B04197C5
:108DB0000014320080DE8700B7A201BC601B15D70B
:108DC000A200E05E8A0DB06400B04193001433004D
:108DD00068D8130002BF02005A1B0002B301806072
:108DE0000684F42703BFDE02F006C30201D00300AD
:108DF00002B300B0509B00142F0281D0C700036B58
:108E000000025E02F00371010BD0030017A1013CC8
:108E1000502B0017A2018C5E86F457A10148014334
:108E20000017A2010C81430017A300685E8F002287
:108E3000BC018CE0000A17A200685E86F442BF0104
:108E400091601284F42703BFDE02F0036E00025E1D
:108E500002F001F300B0501300108600B05017006C
:108E6000108A03A25E02F0030B020CD0030002DEA4
:108E7000020300C70002DD00B050CB001065000205
:108E80005E02F01698020350C70002CB01BC6023BB
:108E90000097A100A85002F4340003BFDE02F002E4
:108EA000E2020481AB0002CD006D4246C080120098
:108EB000B05A1300178000025E02F0014D00B0545A
:108EC0000F00141E00B05A070017A100B05A13007B
:108ED000178001875A16F0178000B0418F00106587
:108EE00000025E02F0160B00E05E86A074030287AB
:108EF0005E030002DC0109DE030017A300E05E8BC5
:108F00000077A200E05E8AF477A200885E8B0037CB
:108F1000A100E05E86F4508903BFDE02F002E200A9
:108F20006D424A848012010650070017A1028CD0BE
:108F3000030002E100685E870002E20182DE8686AD
:108F40003431018260028634310020D0030402E80B
:108F500000B0504F0011F200B050530011F300B0B8
:108F600050570011F401BC60030091F0020601AB00
:108F700000030402015003000304020601AB0003D6
:108F80000403A25E02F00304028030E70003040140
:108F9000806005872C3900E001E700207901BC6082
:108FA000430890E600025E02F0016A01BC6003190A
:108FB00010E401BC600300000601BC600301D7821D
:108FC00001D2DE0877F0E000B00F030010E100B03E
:108FD000004700108600B00F1F00108A01BC60031C
:108FE00000378100025E02F0107000B0059B001097
:108FF0006400E8581A28F14500B0058B00106400A1
:109000006A4516C082FF00025E02F01095006E45B0
:109010001700430101BC600300514501BC6003001F
:1090200010BB01BC610303B08003BFDE02F000127D
:1090300003945E02F0030B0206500300030702874D
:10904000DEAF00030B028150030005DC0202D0C733
:1090500000030A0208502B00030B0285D003000511
:10906000F301906012863431011050070017A600FA
:1090700068DE9B004317013A500700178000885EA6
:109080000300778000E000AEF0106400B05E0700DF
:10909000081301BC602306D78100E041830170639F
:1090A00000E0418F00B06500025E02F010AB00B03E
:1090B000204F00178103A25E02F0032300B0500F7F
:1090C0000011160202D0C700031B00B0505B001154
:1090D000160282D003000323028147C300031C024F
:1090E00080504F000321002047C73F83230020C743
:1090F000DB00C36D03BFDE02F0032303A55E02F0B5
:1091000003230280C7DF00036D028850C700033FBE
:109110000129500B001792020300C7000330020C14
:10912000D003000330028350C700033000B050CB9F
:1091300000106501385A1300178001825A17005732
:1091400081010E5A130017A1018E5E86F03781024D
:1091500002D0C700033F00B0501B00108A03BFDEDF
:1091600002F0033F0282D0C70003370138502700C6
:10917000178001085013001781010250130017A136
:1091800001825E86F0378100B0507F00108903BFF6
:10919000DE02F0033F0138506F0017800108502BAA
:1091A0000017810106D0070017A101825E86F03703
:1091B0008100B0501B00108A00B05083001089015C
:1091C0000E50730017A1018E5E86F0378100025E9B
:1091D00002F0014300025E02F010700102421B0027
:1091E000178101825E0502378100025E02F0108461
:1091F000020680C700034B010C81430017A60068DC
:10920000DE9B00634900885E870057A103BFDE0232
:10921000F0034B0068DE9B00434B00885E870037FD
:10922000A100E05E840117A101D9DE87001083014F
:10923000BC613703B79100685E4B02837F02040074
:10924000BF0003520287500300035203945E02F0F2
:10925000035303225E02F00360020681AB00035E4B
:1092600000685E4B04435700685E4B00435703BFE2
:10927000DE02F0035E00E001EF00207B01BC600332
:1092800002914501836005872C3900E044670A0C90
:109290003D018C600E1770BB01BC6103023080037E
:1092A000BFDE02F0000201BC610300308003BFDEBC
:1092B00002F0000201BC613303B791028500630034
:1092C0000366009000630097A100E06482F43065BB
:1092D000006E5A130023660188E006F237910206F9
:1092E00001AB00036A0068DE4B05A36A01BC6103A1
:1092F00000308003BFDE02F0000203BFDE02F00395
:109300007F0191600E84F42703BFDE02F0036E013B
:1093100091600684F42701BC60030010B40181E071
:109320000686343103BFDE02F006C3011C508F00F5
:1093300017A10080DE870197A200E0015E0DB065F5
:1093400002805A7F00037E02815A7F00037A020363
:10935000DA7F00037E00685A8700037E008860067B
:10936000F437A100201CBAF4237E00025E02F00D47
:109370002F0191601E84F42700015E02F0000003BB
:10938000BFDE02F0036E0002DE02F0000003C4DE66
:1093900002F00D7A020650030003870207DEAF00D9
:1093A000038701BC61030037910207500300038566
:1093B00001BC620300F79100E0010B00204203BFF3
:1093C000DE02F0038801BC600300204200B05E476B
:1093D000001080020400BF00039000B0058B001055
:1093E00064006E45170000020068DE4B02838F00A8
:1093F000A044B42A314503BFDE02F0000200025E41
:1094000002F010950068C51700000203D05E02F05C
:10941000039400025E02F0109503BFDE02F000022A
:10942000020601AB0003970068DE4B05A39701809D
:109430006001872C39020E01AB00039A0200B0E7ED
:1094400000039A01816005872C3900E10DB228E301
:109450006C00E08DB700036D01836002F7F7BF0178
:10946000BC600300900400A8412330104801BC6296
:109470000F0011E001816002F5D7AE020200BF00CB
:1094800003B80068DE4B0203A400025E02F017BAC4
:109490000068DE4B0623B802045EB30003B8020680
:1094A000ABD30003A90204C5AF0003B803BFDE02BB
:1094B000F003AA0200456F0003B800E84465563780
:1094C000A100E82A96F437A100695E870823B80254
:1094D00006ABD30003B2006BAC422323B100E044DF
:1094E00067014B100183E0022B915C03BFDE02F0A9
:1094F00003B80183E0022B915C01BC600318517832
:1095000000B045E3001800018360022F317900A804
:109510004138F9D7A100B05E84FE704E0187E002A9
:10952000F577AB0068810B0023BB00B044670000F7
:10953000430182E00609104800A841B310906C0175
:109540008260062891440188E0020B905C00025E74
:1095500002F012360185E002F7F7BF0288421B00D5
:1095600003C30185E006F7F7BF035B5E02F003C5A6
:1095700001BC601300104301BC600300108501BCF6
:1095800060030010B8008850770090B90208502B93
:109590000003CC013850730017A1017C506EF437E2
:1095A000A100885E870090B9020047A30003D001A4
:1095B000BC60030011EA009042E70091EB00B04765
:1095C000A300D1E8020047B30003D201B0E08E3D12
:1095D00091EC01D2E00210908403A95E02F004FD38
:1095E00001BC600300108400E001C300207000B0E3
:1095F0004467000C0D00B0446B000C0E0320DE022B
:10960000F0044B00685E4B18A3E30068DE4B078351
:10961000EC01BC63FF1F708401BC600300F0850196
:109620003813630010B500E042D700D0B501BC602C
:10963000030010A601BC602314D0B400E01357004F
:1096400024D503BFDE02F004930184E006F597AC55
:1096500001BC60FF1FF08400025E02F0042801BC20
:1096600060030010B401BC60030010A601BC6003DD
:1096700002D0B501BC602304D0B400E0135B002429
:10968000D603BFDE02F0049301816006F5B7AD009A
:1096900068DE4B04A3FF0203DEBB0003F100E02EF3
:1096A0000B00106503BFDE02F003F201BC60230172
:1096B000106500A05E7FFE10EC00B05A030010EDB4
:1096C00000B05A070010EE00B05A0B0010EF00B0C7
:1096D0005A0F0010F001BC63FF1EF08401BC600350
:1096E00000308501BC60030010B401BC600301D0F0
:1096F000A601BC60030450B501BC602304D0B400D3
:10970000E002AF0020AB03BFDE02F0049301BC61B6
:10971000FF1FF08401BC60030010850068DE4B056C
:10972000240701BC60030010B401BC600B0B50A601
:1097300001BC600302D0B501BC602304D0B403BFF8
:10974000DE02F004130068DE4B02441E00B03067F6
:109750000010840285C38F00040B00E05E270037F1
:109760008901DA5E270010EE01BC63FF1FF0CE0115
:10977000BC60030010B40080E02183180000E069A1
:10978000820DB0A601BC600303D0B501BC60230408
:10979000D0B400E001D3002074018460070011E020
:1097A0000282DEB30005BC02045EB30005BC018189
:1097B000E006F5D7AE0183E00609104800B041236A
:1097C00000180001BC600306B78E0188204610D740
:1097D0008100025E02F0108400885E8700708303BF
:1097E000BFDE02F005BC01BC60031FF0840103DE94
:1097F000530017A200680ECF00042300B00ECF0064
:1098000017A200901CBAF457A202005EFF000425C4
:1098100001BC60030037A200682B4F00042701BC85
:1098200060030037A201865E8A1C70E3006AC3935E
:1098300000043100E8439000D0E40202421B00041F
:109840002F0090001B0037A10020421B00442E0077
:10985000B020970017A100E04392F430E40069C300
:109860009300043101BC60030010E400682B4F003A
:10987000043300E043915B30E401BC60030010B4AA
:1098800001BC60030010A601BC60030210B501BC5E
:10989000602304D0B400685E4B06A44900E001CB0D
:1098A000002072020681AB0004930280B0E700043E
:1098B000930203B0E700049301BC600704F7A6021B
:1098C00088421B00044101BC600F0017A6028242BF
:1098D0001B00044101BC60170017A6010C81430066
:1098E00017A50068DE9700644400885E9B0037A6D9
:1098F00000E04466F4CC3C0181E005872C3901820C
:109900006005872C390183E001872C3903BFDE0213
:10991000F0049300E001CF00207303BFDE02F004E7
:109920009303205E02F0049A0181E00209104800CE
:10993000E001D7002075031EDE02F0047A01BC604E
:10994000030017A2006A5E230004530102428F0045
:1099500017A201855E8A0910480180E00610308157
:109960000284DE5300045A00B000770017A100E023
:109970005E840437A100885E870057A100E05E87FF
:109980000D57A103BFDE02F0045B01BC60030D575D
:10999000A10068002700047A00E05E8401F7A101BD
:1099A000BC6023009065008841970030B601BC6020
:1099B000030010B400905E870050A601BC60030154
:1099C00010B501BC602300B0B40317DE02F00463DD
:1099D0000397DE02F004640020DE8700446D00205F
:1099E000DE8700246A01B85E22D0168001805E8A7C
:1099F000D0368103BFDE02F0047301BC5E22D016B4
:109A00008001845E8AD0368103BFDE02F0047300D9
:109A100020DE8700247101B85E22D0368101805E8D
:109A20008AD0568203BFDE02F0047301BC5E22D0EE
:109A3000368101845E8AD0568201886002F430A8A3
:109A400000B05A030010B000B05A070010B10280F5
:109A500042A300047600E042A30090A800B05A0B95
:109A60000010B000B05A0F0010B1018760061090CE
:109A70008400E05E2700378901DA5E270010EE01DE
:109A8000BC60030010B401BC60030350A600B0002A
:109A9000330010B50284DE5300048400E0606803E4
:109AA000B0A600E042980430A600B000370010B520
:109AB00001BC602304D0B401846006F2979401864F
:109AC0006002091048039EDE02F0048E0280441FEB
:109AD00000049100B05E3F00114501BC6003001717
:109AE0008F00B05E4300178500B05E0F0017900333
:109AF000BFDE02F0049100B05E0F001785028044C3
:109B00001F00049100A044B6F0B14501BC60030100
:109B1000104201836006F29794018460070011E00F
:109B200003A05E02F005BA02065EAF0005BC018626
:109B3000E006F577AB01BC600300108000025E0216
:109B4000F00D3703BFDE02F0072003A15E02F0052F
:109B500027011400630017A10068DE8700E49F015D
:109B600081600609104803BFDE02F0052702850068
:109B7000630004A10183E0060D906C01816006F58D
:109B8000D7AE011C508F0003BD0206508F0004A900
:109B900000B044670010F300B0446B0010F401BC47
:109BA00063FF1FF0D301BC63FF1FF0D400B0421766
:109BB0000310850020600E8624D001876004031006
:109BC000A000B000630010B401BC60030B10B5002E
:109BD000B0006300F0B4020300C70004BB020CD065
:109BE000030004BB028050C70004B300B05413004C
:109BF00017A100E05E8680741A00B0506B0010E47C
:109C000000B042130210840209502B0004BB00B0C4
:109C1000421300308401D2E03AA030E0028050C705
:109C20000004C101D2E052A030E003BFDE02F00424
:109C3000C10202D0C70004C100B0505F0010E000B4
:109C4000B050630010E100B050670010E200B05067
:109C50006B0010E400B0421302F084020050C70011
:109C600004CB018AE00E10908401BC60FB1C10E55F
:109C700001BC60030890E600B000630010B401BCB2
:109C800060030210B500B0006304D0B40184600723
:109C90000011E001BC600300178E03BFDE02F00577
:109CA000C700E001C700207100B000630010B401DC
:109CB000BC600302D0B500B0006304D0B403BFDEC3
:109CC00002F0055403225E02F004D200E002A70075
:109CD00020A9010350030017A100B85E870037A137
:109CE00001875E86101080020400BF0004E0032B91
:109CF000DE02F004E0020000F30004DA00E80023D2
:109D000000514201BC600A28514203945E02F004F3
:109D1000E000B0058B00106400E058230036080016
:109D20006858030004E000B0446700111200B05806
:109D300003001115020CD003000526020300C70022
:109D400004F300B050CB00106501BC600300168521
:109D500000E05A3300368C020350C70004E800E0EC
:109D60005A2700368903BFDE02F0052701BC6003D5
:109D70000017B200B05A0B000B8301385A130017BA
:109D8000A101BC5A06F430E0013C5A130017A101AE
:109D90007C5A06F430E10181E0061090840185E0F0
:109DA000070010E30185E0070010C30282D0C7005E
:109DB00004F803BFDE02F004FB0202D0C70004FD7A
:109DC00000B02A330017A101B8506EF430E000B0A3
:109DD00050730017A101B82A36F430E10282421311
:109DE0000004FB00B0507B0010E400B042130210EE
:109DF000840185E0061C30E100B04213007084014C
:109E00008760040310A0020300C700051300B050D0
:109E1000CB001065006D5ECAD1C5030185E0021854
:109E200070C300E05ECB00368E01BC601B1FD065A6
:109E300000E04196F6506500B0509700168000682B
:109E4000DECB00050B01BC60230150B800E001F33C
:109E500000207C00682E0F00251103BFDE02F005F4
:109E60001E00B05ECB0010B500B000630870B402F5
:109E70008342D300050D01BC60030170B80068AED9
:109E80000F00251E01BC60030170B802BC506700C2
:109E9000051D03BFDE02F0051C010CD0030017A155
:109EA00003A95E02F0051901BC60230150B800E06F
:109EB00001F300207C00685E8700651C03BFDE02A2
:109EC000F0051E01BC60030170B800685E870045A4
:109ED0001E01BC60030170B80181E0021710B801D7
:109EE000BC600300F0A501BC60030E10B500E001EA
:109EF000F700207D00B000630010B400B0006300E4
:109F0000F0B400B042D3001800018860080310B418
:109F1000018160060D906C03BFDE02F00554020261
:109F2000D0C700052D00B0506F0010E000B0507396
:109F30000010E100B050770010E2028242130005E9
:109F40002C00B0507B0010E400B0421302F08400FB
:109F5000E05E9F0037A703A15E02F0053601BC60FA
:109F6000030017A7018760040310A000B00063007E
:109F700010B401BC60030E10B500B0006300F0B473
:109F8000018860080310B403BFDE02F0054900B089
:109F9000017B00106500B05A030010E500B05A07BD
:109FA0000010E600B05A0B0010E70068A04B000557
:109FB0003C00E05E270037890068204B0005400127
:109FC00085E0070010E30185E0070010C300B04200
:109FD0001301108401DA5E270010EE01876006107D
:109FE000908400B042131C108401BC60030010B4C4
:109FF00000E0606803B0A600B000970010B501BC97
:10A00000602304D0B4018460070011E003BFDE02C6
:10A01000F005A901085E4B0017A100685E870025C6
:10A020005402025003000553029E509F0005500247
:10A0300001D00300055000E05E2700378901585E1B
:10A040002700142D01DA50B70010EE0187600610CA
:10A05000908403BFDE02F0055401BC600300142DA0
:10A060000104C1070017A100680EF700055900B0F0
:10A070000EF70017A100901CBAF437A103BFDE024F
:10A08000F0055B03225E02F0055B0103DE5300175F
:10A09000A100B05E870017A202005EFF00055E010E
:10A0A000BC60030037A200682B4F00056001BC6054
:10A0B000030037A202885E4B00056300685E4B0612
:10A0C000856301BC60030017A200688EF700056578
:10A0D0000183DE86F297940183DE8684F427028171
:10A0E000C21300056B01865E8B0010E301866007DA
:10A0F0000010C30181E00610908403BFDE02F0056A
:10A100006D01865E8A1C70E3018660061870C302CA
:10A11000B847A70005A502A047B70005A703A95E99
:10A1200002F0057501085E4B0017A100685E87000C
:10A1300025A6021E509F0005750185E0061C70E3F0
:10A140000185E0061870C3011400630017A10068C0
:10A15000DE8700857E00B001530017A20068DE8B09
:10A16000FFE57A0068424700257B0068DE8A84C5E7
:10A170007E018560020910480186E0021C70E3013F
:10A1800086E0061870C3011050070017A600685E2D
:10A190009B0005A601BC60030011E4013A500700D2
:10A1A000178000885E0300778000E000AEF0106446
:10A1B0000068DE9B00458B0207D00300058901BCC7
:10A1C000602B11F7A200E05E000B37A300025E02D5
:10A1D000F010D601BC602306906401BC60470017F4
:10A1E000A200025E02F010FE00685E9B0045A7011F
:10A1F000A46046F471E00068DE9B00C59901BC6173
:10A200001300B7A1020600F300059201BC60130021
:10A21000B7A10192C21AF437A203295E02F0059792
:10A2200001BC60030011EE009042E70091EF019243
:10A23000E00EF437A200B05E8B0011EC03BFDE022B
:10A24000F005A700685E9B00659E00685E9B00A508
:10A250009E00B0502F0011E200B050330011E20315
:10A26000BFDE02F005A7018760023D11E80068DE4D
:10A270009B00A5A1018760063D11E801BC600300B9
:10A2800011EA009042E70091EB0192C21B00B7A2D5
:10A2900001B85E8A3D11E803BFDE02F005A7018424
:10A2A00060070011E001BC600300112D00B0448381
:10A2B00000142C03A3DE02F005BD01BC60030017EF
:10A2C0008E00685E4B05A5AD020050030005B70186
:10A2D00083E00609104800B0412300180001BC606B
:10A2E0000306378E00685E4B05A5BC00E002A300A4
:10A2F00020A801BC600304B78E03A95E02F005BC70
:10A3000000685E4B0425BC01BC600306B78E03BF2A
:10A31000DE02F005BC01816006F577AB00B05E0F90
:10A3200000178500025E02F0109501BC6003001763
:10A330008C01BC600300178D0323DE02F005C70209
:10A340000680C70005C6010C81430017A10068DE26
:10A35000870065C60108421B0017A10068DE870060
:10A3600005C601BC607F1FF7A101E05E8610708307
:10A370000182E005872C3900E04467258C3B01878A
:10A38000E006107083006D00A70085D903295E02E6
:10A39000F005D9020300C70005D600B050CB00106D
:10A3A000650282D0C70005CE00E05A23003688033C
:10A3B000BFDE02F005CF00E05A2700368900682E84
:10A3C0000F0025D600E05ECB0037B2010A5ECB005D
:10A3D00017A100E050CAF4306500D06006F657A21D
:10A3E00000205A1AF445D603BFDE02F005D0000261
:10A3F0005E02F012360350DE02F005D603BFDE0225
:10A40000F0063D02055EAF0005DB0187E006267120
:10A410003303BFDE02F000020190600A863431028D
:10A4200082D0C70005E5013C502700178001095084
:10A430002B001781010750070017A101825E86F0EB
:10A44000378100B0501F00108A00B0500F00111665
:10A4500003BFDE02F005EB0138505F001780010AF0
:10A46000502B0017810107D0070017A101825E86DB
:10A47000F0378100B0502300108A00B0505B00110B
:10A4800016020300C70005F0020CD0030005F0021D
:10A49000085E070005F0013854070017800190425C
:10A4A0002AA1308A028050C70005F901BC6003056B
:10A4B000B79203BFDE02F0031B01906006863431C1
:10A4C000020300C70005DD020CD0030005DD00B06B
:10A4D000001F0017A100E05E8680741A03BFDE0231
:10A4E000F005DD01BC600306379203BFDE02F00316
:10A4F0001B00E0135F0024D70204DEB3000002005B
:10A50000B0130B001065011998870017A101095AB3
:10A51000130017A201895E86D0968400B01307004D
:10A5200017A3006DDE8498260400B05E870017A391
:10A5300001885E8ED096840068DE8AF4210E01BC0C
:10A5400063FF1FF0D000B05A130010F001BC60038D
:10A550000017A501825E961E10F001BC63FF1FF07C
:10A56000CF01BC601B00F0EF01BC63FF1FF0D10006
:10A57000B044670010F101BC63FF1FF0D200B0448B
:10A580006B0010F201BC60030404D801BC63FF1F20
:10A59000F0C301BC60031C10E301BC63FF1FF0C4E7
:10A5A00000B052130010E401BC63FF1FF0C500B0FF
:10A5B000522F0010E501BC63FF1FF0C600B05233FC
:10A5C0000010E601BC63FF1FF0C700B05237001057
:10A5D000E701BC63FF1FF0C800B052170010E8018C
:10A5E000BC63FF1FF0C900B0521B0010E901BC633F
:10A5F000FF1FF0CA00B0521F0010EA01BC63FF1F2A
:10A60000F0CB00B013470010EB01BC63FF1FF0CC90
:10A6100000B0134B0010EC01BC63FF1FF0CD00B085
:10A62000134F0010ED00B0136700106201BC60030F
:10A6300000281100025E02F0107400025E02F00DAC
:10A640002F01BC602B1877A100025E02F0012701E8
:10A650006040670011C000E040649B17A100E05E0D
:10A66000870097A101BC63FF1FF0C001BC6003011C
:10A67000550101D2DE86A030E000905E870177A10F
:10A6800001BC60030797920190600A09104803BF5C
:10A69000DE02F0035301BC60070011C101BC602B56
:10A6A0001817A101BC60030017A200025E02F001AE
:10A6B0002B01BC60030011C10002DE02F0000002A9
:10A6C00001C2E3000665020300C700064200682ECF
:10A6D0000F002652006E4246F6465203BFDE02F0DD
:10A6E0000644006E4247002652020300C700064F90
:10A6F0000355DE02F0064401806002861430013802
:10A7000050830017A100B050CB001065006DDA3205
:10A71000F42C6200A84123141048011400630010B7
:10A720006500E041970ED06500E05A0300368001D5
:10A73000BC621F0011E003BFDE02F000120181E0E5
:10A74000068634310191600E84F42703BFDE02F0E7
:10A750000665013C50670017A101AC5E861750BA30
:10A7600001BC60030190B8020300C700065F0068E7
:10A77000AE0F00265A0181E0021710B80350DE0226
:10A78000F0065803BFDE02F0066500E82E0F002B2E
:10A790008300B05ECB0010B500B000630870B40257
:10A7A0008342D300065D03BFDE02F006600186E04F
:10A7B000040310A000025E02F001E603D5DE02F001
:10A7C0000C6203D6DE02F00C7A0350DE02F0066162
:10A7D00003BFDE02F003C301BC600300F0A50182E9
:10A7E000E00209104801BC621F0011E001BC6003D7
:10A7F0000011EC01BC600F0011E80285500B00064F
:10A800006C0182600209104803A0DE02F0067003AA
:10A81000D5DE02F00C6203D6DE02F00C7A03205E75
:10A8200002F006760188600209104801BC6003004E
:10A83000083100685E4B18A0020068DE4B07867581
:10A8400000025E02F0063703BFDE02F0001201BC18
:10A8500060030037A100025E02F00E9603A3DE0241
:10A86000F00012020050C700068201BC6003001015
:10A870008001826006091048018060028634310040
:10A88000688EF70006800104C1070017A10183DE6E
:10A8900086F2979400E001CB00207203BFDE02F045
:10A8A000020D00B0010B0017A1006DDE840806C385
:10A8B00000E844640877A1006E5E840826C301871F
:10A8C000E006F577AB020200BF000697028881AB75
:10A8D000000697028400C70006970129500B001755
:10A8E000A10068DE870206970282DEBB000697029F
:10A8F00003C5730006960283DEB30006960286AB9C
:10A90000D30006920282DEBB00069200682AE700AE
:10A910000697006DDE2F01E6970182E006F7F7BF8C
:10A9200001BC613B0417A100E04466F42AA903BFFF
:10A93000DE02F0001203BFDE02F006C301BC6003BA
:10A9400000114902825EAF0006B201826006F5770F
:10A95000AB00B0446700081C020400BF0006A3005F
:10A9600068451F0006A30185E002F577AB032BDEE7
:10A9700002F006A10185E006F577AB00B0058B007B
:10A98000106400025E02F0119700B0014B0017A2A4
:10A990000208421B0006A600B0016B0017A2006867
:10A9A0005E8B0006AE0090452B0097A10080DE86EE
:10A9B000F457A1006E20BA0DA6AE00B041B7000852
:10A9C0002E00E120BA23282F00E0DE86234C45002C
:10A9D000B041B6F4282E02055EAF0006B001BC619E
:10A9E0000300113300E10D8229436000E08D8700F0
:10A9F000036100E844650397A5006D5E970100C1FF
:10AA0000020200BF0006C00068DE4B06A6B7018444
:10AA1000E002F7F7BF0068DE4B0406BA0282DEB33D
:10AA20000006BA01BC6003000B0A02045EB3000614
:10AA3000BD0068DE4B0626BD00025E02F0158F00E9
:10AA4000025E02F0123703A3DE02F006C00183E0CB
:10AA500002F597AC00025E02F017C001826002F5B9
:10AA600077AB03D15E02F00002020050C300071969
:10AA70000325DE02F006C70183600684F42703BFC6
:10AA8000DE02F006F9020CD0030006F7020300C74D
:10AA90000006E6011400630017A1006DDE87008642
:10AAA000F701BC600300178000B050CB00106500B8
:10AAB000B050CF001064018160060D906C0182607F
:10AAC0000686343100B05A230017A101BC60030090
:10AAD000168801BC5A2AF437A101BC600300168A0B
:10AAE00000B05E8700148F00B05A270017A101BC88
:10AAF000600300168901BC5A2EF437A101BC600323
:10AB000000168B00B05E8700149000B05A1B001432
:10AB10008D00B05A1F00148E01BC600300160400A3
:10AB200068DE030006E3020350C70006E20100509E
:10AB30009F00178001805E0291B48D01BC5E02927D
:10AB4000149001BC600300378000025E02F016E43E
:10AB500000B05E0300148C03BFDE02F006F2006852
:10AB6000C2470006EB0181E0068634310191600E98
:10AB700084F42701BC600300143003BFDE02F00040
:10AB80000200B0509F0017A100025E02F001E50034
:10AB9000B05E870014270186E0040310A000B042D5
:10ABA00083001800010CD0030017A10068DE8700A5
:10ABB00066E6010250C70017A101805E8684F42773
:10ABC000018AE00E84F42700B050BF00142603BFB2
:10ABD000DE02F006F90186E0040310A00200509F97
:10ABE0000006F90286C10700071403295E02F00679
:10ABF000FE00B0523300142D00B052370017A101EF
:10AC00009E5E8684F42700B0509F0017A10180DE6D
:10AC100086F437A1020580C300070500B0303B0071
:10AC2000108F00B0303700108E00B050D700108D5C
:10AC300000B050D300308C00B050BB00108F00B07B
:10AC400050B700108E00B0509B00108D0180600640
:10AC5000F4308C020250C700071100B052430010BC
:10AC60008F00B0523F00108E00B0523B00108D019B
:10AC70001A52370017A10198DE870437A101B85E88
:10AC80008691B08C01826002863431018160020DB0
:10AC9000906C01BC600300143401BC6003001435E7
:10ACA0000325DE02F00717019C600284F42703BF2E
:10ACB000DE02F0071B0285500B00071900A850C7E1
:10ACC0000D143101BC600300143001816002F5D71E
:10ACD000AE0183600284F4270185E0020910480177
:10ACE000BC600300142E03A25E02F0020D03BFDE5F
:10ACF00002F000120323DE02F0079103A35E02F0CC
:10AD0000079103A2DE02F0079101816006F577AB9F
:10AD100003AA5E02F007910183E002091048035183
:10AD2000DE02F0072C020680C70007290182E0013D
:10AD3000872C3900E0026B00209A0180E006F5774D
:10AD4000AB03BFDE02F007310301DE02F0072F0084
:10AD5000685E4F06272F01BC60030017A803A45E9E
:10AD600002F0073103C1DE02F0079402045EB30073
:10AD7000073A01846002F597AC0183E002091048AC
:10AD800000B02B3F0017A1006D2AEEF4200200E076
:10AD9000027B00209E01BC6003000ABB00025E0231
:10ADA000F0159203BFDE02F000020203DEB30007DB
:10ADB0004A0183E002F597AC00E020CF002833027F
:10ADC000015EBB00074A00B02A830017A1006D2076
:10ADD000CEF4274501BC600300083300E0027F0089
:10ADE000209F03A95E02F007480191601A84F427AE
:10ADF00003BFDE02F0036E01BC63FF1FF7A1000278
:10AE00005E02F00E9603295E02F0074A0191601A75
:10AE100084F42703BFDE02F0074A018460020910B0
:10AE20004800E10DC229437000E08DC700037102A4
:10AE30000400BF00075101BC60030011150114009C
:10AE4000630017A100E06602F4306500025E02F0C4
:10AE5000109A0182600209104800685E3B18A755ED
:10AE60000068DE3B07075603BFDE02F0000203293D
:10AE70005E02F007590201500300075900685E3B6B
:10AE800004A76001F0DE1700378500A05E16F0977A
:10AE90008500685E3B0627600201500300075F02E1
:10AEA0008780BF00075F0185E0060910480280D057
:10AEB0000300077000B05E1B0017A300B0008B00FA
:10AEC00017A4020400BF000766006E419730676652
:10AED00001185A030017A3011A5A030017A40068A7
:10AEE000C18318076900E002930020A403BFDE02BB
:10AEF000F0076B006D5E2EF4876B0182E0068634EE
:10AF00003100E05E3300378C0068DE32F4676E009B
:10AF1000B05E0F001785006DDE2EF4677C03BFDE88
:10AF200002F0078C00B05E1F0017A300B0008F0076
:10AF300017A4020400BF000776006E4197306776C1
:10AF4000011C5A030017A3011E5A030017A4006D29
:10AF50005E2EF487780182E00686343100E05E37A9
:10AF600000378D0068DE36F4677B00B05E0F001797
:10AF700085006D5E2EF4678C0185E00209104803A0
:10AF8000D1DE02F0077E03295E02F0078002030093
:10AF9000C700078100B05E0F00178500025E02F057
:10AFA0001095006841831807B2020300C7000788A4
:10AFB000020CD003000788028350C700078800688E
:10AFC000DE4B05A78803BFDE02F016640181E006B0
:10AFD0008634310068DE3B06278B00E0029F0020AC
:10AFE000A703BFDE02F006C300025E02F010950167
:10AFF00081600209104803295E02F0079102830074
:10B00000C700166403BFDE02F006C303D1DE02F000
:10B01000079203A5DE02F006C303BFDE02F00012B2
:10B0200000E10DBA29436E00E08DBF00036F0206F8
:10B03000500300079C00B001030017A1006D810AB6
:10B04000F4279C00E844640877A1006E5E8408271A
:10B050009C0187E006F577AB01085E4B0017A10065
:10B06000685E4B05279F00685E870027A000B05EE2
:10B070000F00178500025E02F0109500685E3B0627
:10B0800027A601BC600300178C0200D0030007ABA9
:10B0900001BC600300178D03BFDE02F007AB01BCEB
:10B0A000600300178C020300C700020D020CD003DE
:10B0B00000020D019C600284F42703BFDE02F0024F
:10B0C0000D006841831807B10180600684F42703EE
:10B0D000295E02F006C301826006863431028300D5
:10B0E000C700166403BFDE02F006C300E00297004B
:10B0F00020A50181600209104801BC60030008120C
:10B1000000E0017B00A05E01BC60131417A1006D7C
:10B11000017AF4201201BC60130C805E03BFDE02D2
:10B12000F0001200025E02F00D2F0338DE02F00084
:10B1300012039EDE02F0001200E8444C00F7A1006A
:10B14000E85E840117A1006ADE840107C200E85EA0
:10B150008401118701BC600300118801A5E0223041
:10B16000118001BC600300111301BC6003001114C5
:10B1700000B044670017A100B0446B0017A200B0F4
:10B180005E8700110400B05E8B00110503B8DE027B
:10B19000F007C403BFDE02F0001201BC600304B775
:10B1A0009201BC60030417A101BC63FF1FF0CE0035
:10B1B000B052170010E800B0521B0010E900B05266
:10B1C0001F0010EA01BC60030010E4028600C30007
:10B1D00007E200B0540F0017A20069DE8A9087D5FD
:10B1E00000E85212F450E40068A0470007E201BCF6
:10B1F00060030010E400B054270010E000B0542FAA
:10B200000010E103BFDE02F007EB01BC6003029710
:10B21000A101BC60031890E801BC60030010E901C3
:10B22000BC60030010EA03BFDE02F007E203A4DE05
:10B2300002F00A5003A9DE02F00A5001BC600301CB
:10B24000D7A1020600C30007E40280DE5F0007E921
:10B2500000B054070010E0006820470007E701D263
:10B26000DE86A030E000B0540B0010E103BFDE0228
:10B27000F007EB01BC5E869010E001BC601F00107F
:10B28000E101BC60030010E200B052230010E500B1
:10B29000B052270010E600B0522B0010E700025E0B
:10B2A00002F0107403A9DE02F00AB100685E4F04D8
:10B2B000280701BC63FF1FF0C300685E4F16A7F9A3
:10B2C00000685E4F05A7FC01BC60031A90E301BC57
:10B2D000600306B79200685E4F05280703BFDE02D1
:10B2E000F0080101BC600318B79201BC60030E9026
:10B2F000E303BFDE02F007FE01BC600306379201E4
:10B30000BC60031890E3028E01AB00080102984470
:10B3100007000BB502804607000BB500B0204700C0
:10B32000178100025E02F0108400E85E8400D7A15D
:10B33000006A5E8690880700E85212F430E403BF8A
:10B34000DE02F0080A01BC60030010E40338DE02EC
:10B35000F0080A0187E0061C90E40190600A0910D9
:10B360004801BC610304379100685E4F16AC400091
:10B37000685E4F05ABB503835E02F00A5003BFDE83
:10B3800002F000020204416300081D01876002F51B
:10B3900077AB01BC600300114901BC6003010B895C
:10B3A00000E10DB228E36C00E08DB700036D01846D
:10B3B00060020B105802055EAF0008190187E00615
:10B3C000267133020400BF00081C0185E002F577F6
:10B3D000AB00025E02F0119703BFDE02F000020331
:10B3E000A35E02F0081F00025E02F017C00285C5CE
:10B3F00023000002018460060B10580200DEFF00EB
:10B4000008250180E002F7F7BF00682B4F000825F0
:10B4100000E044655A4AD302055EAF00082701BC2C
:10B420006103001133020580BF00082D01BC6013C9
:10B430001157A100025E02F001270196600E033051
:10B440001900B040670017A200025E02F0012B0253
:10B4500003C03700082F03BFDE02F0001202875E30
:10B46000AF00083100E0021F00208701826006283B
:10B47000914401BC6003010B8903BFDE02F000129E
:10B48000020601AB00083601806001872C390206F4
:10B4900081AB0008380183E001872C390183E00289
:10B4A0000F107802814013000002020042030008DE
:10B4B0003D01846002F597AC01BC6003000ABB014A
:10B4C000BC600300108003A3DE02F008400190601E
:10B4D0000209104800B0446700179E00B0446B009A
:10B4E000179D00B0446F00179C00B0447300179B79
:10B4F0000068DE7A23284000E0022300208801153E
:10B50000403B001797006D80A700884B00A05E5F4E
:10B51000003797006880A700084B01BC6003003724
:10B520009700B001430017A1010C81430017A3004D
:10B53000685E8F00284F018CE0000A17A101C9DE68
:10B54000840527FF01BC60031077950191E0020D8F
:10B55000906C0286403700085500E002BB0020AE28
:10B5600003BFDE02F00CA401BC600300148001BC28
:10B57000600300148101B8600A04902401BC6003D8
:10B5800004082401BC600300482301BC600300D010
:10B590002A01B3600700100401BC60030008080121
:10B5A000BC600300080901BC600300080A01BC601C
:10B5B0000300080B0183E002F5D7AE00E044671FEB
:10B5C0004C1F0287C037000C9E00025E02F012364C
:10B5D0000286403700086703C35E02F0087903BFA4
:10B5E000DE02F00C9F0068C033004877006B4465B2
:10B5F00083E87700B041270017A100B0412701D0B0
:10B600004900B05E870017A100B05E870017A10057
:10B61000B05E870017A100B05E870017A100B05E82
:10B62000870017A100B05E870017A100B05E8700F9
:10B6300017A100B05E870017A100B05E870017A1B8
:10B6400000B05E870017A100B05E8700104903BFFD
:10B65000DE02F00D1303435E02F0086202864037FB
:10B6600000088500685E5F000C9F00685E5F004C0C
:10B670009F0152D2030017A10185D206F437A2031D
:10B68000BFDE02F00880013C52030017A101BC524A
:10B6900006F437A20323DE02F008830068DE8B0184
:10B6A000CC9F03BFDE02F0088500685E8B028885B0
:10B6B0000068DE8B038C9F006D403300CCA40068D3
:10B6C0005E5F00489800685E5F002895006800A7EC
:10B6D00000C88A006880A700A88B00E04466902814
:10B6E0003001BC62C30017A10280520300088E0122
:10B6F0009652030017A10080DE8690379A0203520B
:10B700000300089300E05E6A90379A0207D20300B4
:10B71000089300E85E6B00379A029E5E6B000CA4F3
:10B7200003BFDE02F0089C0152D2030017A101857D
:10B73000D206F4379A03BFDE02F0089C013C5203A4
:10B740000017A101BC5206F4379A006E5E680BAC7C
:10B75000A400685E6B000D130204C03B0008AE013C
:10B7600081E0060D906C0207C0AF0008A4020740FC
:10B77000370008A200E0027300209C03BFDE02F045
:10B780000CA400025E02F0123603BFDE02F0089E37
:10B7900000B02023000C1100B02027000C1200B0D4
:10B7A000202B000C1300B0202F000C1400B05E7F83
:10B7B000000C150287C0AF000C9E0282403B000CBB
:10B7C0009E015840AF00179A01BC603F1E17A100B0
:10B7D0006DDE6AF42C9E035B5E02F008B001BC6073
:10B7E0001300104301BC60FF1E17A1006E5E6AF4D7
:10B7F0002C9E00B0412328104801806002F29794EB
:10B800000184E002091048015840AF00102A006886
:10B8100040AB002C9E01BB5E5600900402035E57B5
:10B820000008C1020047A30008BE01BC621E3C1113
:10B83000E001BC60030011EA00B05E6B0011EB0197
:10B8400098601E3D11E8020047B30008C100B05ED9
:10B850006B0011EF01B0E0CE3D91EC03835E02F08E
:10B8600008C400025E02F01236006D403304C8C105
:10B8700003AADE02F008E001BC63FF1FE3B301BCD2
:10B88000601F10D06401BC600300B7A101BC63FF5E
:10B890001FE79300E04186F4306501BC63FF1FF6AB
:10B8A0000000E05E870077A100025E02F00F1F0239
:10B8B00000C0770008D6012940770017A2006D5E0E
:10B8C0008B04C8D400E85E8B04D60001BC601F0561
:10B8D000F06300E0418EC01063010C56030003B317
:10B8E0000068DE870168D600B05E8B000793006DAC
:10B8F000DE8701C8D900E0419300306403BFDE0257
:10B90000F008C903B05E02F008DF018360020D9009
:10B910006C00681E1BFFE8E001BC601F05F06500BD
:10B92000E04194F0D06502005A030008E001836012
:10B93000060D906C0020402F08A8E201BC600300B7
:10B9400003B301BC60030007FC0188E00F0007FDA2
:10B95000006D4033020A4A0129520F001793010972
:10B96000520F0017AA0068DE4F03A8EA01295223EC
:10B9700000179301A95E4F00379301966002F2977A
:10B980009400E0418701F06501BC600F0017A10041
:10B9900028DE869068F101866006F2979400E04107
:10B9A0009700706500E0209300C82401065E5300F4
:10B9B00017A200A05E4F0477A10068DE870448FF4D
:10B9C0000186E006F2979400B85E8B0037A200B0C3
:10B9D0005A030017A0020ADA030008F9018760067B
:10B9E000F297940284C03B0008FF0203DA030008C8
:10B9F000FF03AB5E02F008FD020441070008FF01EF
:10BA0000806004FFA7FD01065E530017A20182DEDD
:10BA10008A00900403AADE02F0094503AB5E02F03F
:10BA20000917018460020D906C01BC63FF1FF79938
:10BA300000B01E230017A20068DEAB00290900A099
:10BA40005E4FFF77A10068DE8707291503BFDE027E
:10BA5000F0090B0284520F0009150204D20F0009ED
:10BA60000E03B15E02F0091400B01E1F0017A203FE
:10BA7000BFDE02F0090F03B35E02F00914020052A8
:10BA80001700091500685E8BFFE91500E0015EF400
:10BA9000506502015A4700091500B01E4F00179962
:10BAA000018460060D906C020052170009430331B7
:10BAB0005E02F00943020200BF0009430180E00179
:10BAC000610B080200521700091E0068DE4F0409CE
:10BAD0001D00B02AD70017A2006DDE89550931027A
:10BAE00002AB2F00093E02832B2F00092000685E65
:10BAF0005F00092B01BC60030017A301385203004B
:10BB000017A30283AB2F0009270068DE5F002927F7
:10BB100001085E8F0017A300695E8F00693E03BFB6
:10BB2000DE02F0092B006DDE5F00492903BFDE0253
:10BB3000F0093E02842B2F00093E0068DE8F0009C9
:10BB40003E00682A9B00093E00B02B930017A2001C
:10BB50006DAA9AF4493E00685EAB00493100685E08
:10BB60004F06893103BFDE02F0093A00B02B9B007B
:10BB700017A200B02A9B0017A10283AC2700093648
:10BB800000682C87000937006D5E8564293700B096
:10BB90002C7F0017A2006D5E895CA93900B02C4B88
:10BBA000000B110184E006F7F7BF0068DE4F028941
:10BBB0003E00025E02F017BA0206DEFF00093E00F8
:10BBC000E02BC7002AF10068DE5F0009410068DE53
:10BBD000AB0049410180E005610B0800682B4F0074
:10BBE00009430180E006F7F7BF01BC63FF1FF7A51B
:10BBF000032B5E02F0094600B01E4F0017A5020796
:10BC0000520F0009C2028047A30009BF028047B358
:10BC10000009BF00E0209300882400E8208F0088FE
:10BC20002301BC60030011E401BC600303D1E10205
:10BC3000065E5300094F01BC60030491E10206DE79
:10BC40005300095300E047870051E10207D20F007B
:10BC5000095300E047870091E1006D403302CA4A72
:10BC600000685E4F0589560068DEAB0049C203AB31
:10BC70005E02F00959020052170009C2020580F362
:10BC800000095E00685E97FFE95B00E05E97009741
:10BC9000A50068DE97FFE95E028052170009C20224
:10BCA0000700BF0009C201BC601B0437A200904717
:10BCB0008700306500E04196F4506500E047870159
:10BCC000081A03835E02F0096500025E02F0123674
:10BCD000006D4031034962006D4031034A4A01BCA6
:10BCE000600B1D57A10068DE97FFE975010F5A0729
:10BCF0000017A5031EDE02F00975020052170009A5
:10BD000075032C5E02F009C200685E67FFE97500EA
:10BD1000E05E6700979900E05E66F43064012A589F
:10BD2000030017990100DE970017A500E05E66F496
:10BD3000B79900E05E67003799011558030017A610
:10BD400003BFDE02F0098500E05E96F43064012A4C
:10BD50005803001799020580F30009840182E0026C
:10BD6000F33799020052170009840116D80300170F
:10BD7000A6010F5A070017A4010CD8030017A10051
:10BD800068DE92F4298000E05E6702179903BFDE47
:10BD900002F00989010DD8030017A10068DE92F4B2
:10BDA00029C200E05E6704179903BFDE02F009892B
:10BDB000011058030017A60068DE9B00C9890181A5
:10BDC000DA030017A100B85E86C017A10281DE87E2
:10BDD0000009C200885E6700778000E000AEF010C6
:10BDE0006401AADE64FF87FC0068DE9B0049A302B1
:10BDF000078187000996006DDE030C0996028552C3
:10BE00000F0009960298523B0009960181E004FF59
:10BE1000A7FD00E05E000B37A300E05E8F0097A354
:10BE200000E041870077A200025E02F010D600E831
:10BE3000208F01082301BC602306D78100885E970C
:10BE40000077A100E85E86F4B06301BC60070E17BE
:10BE5000A100E0418EF4306300B056170017A10036
:10BE6000B0561B0017A20068DE86D049C20068DE0B
:10BE70008AD069C200025E02F010AB01BC602306EA
:10BE8000906401BC624F0017A200025E02F010FE37
:10BE900000E047870217A103835E02F009A7006E46
:10BEA000C032F429A5006EC032F42C9E00685E9B5F
:10BEB0000049BF01BC621EF471E00068DE9B00C94E
:10BEC000B201BC611300B7A1020600F30009AE0184
:10BED000BC601300B7A101BC60030011EE00B05EAE
:10BEE0006B0011EF0192E00EF431EC03BFDE02F0C3
:10BEF00009BF00685E9B0069B40068DE9B00A9BFB3
:10BF0000019860063D11E800E0209300882400E8D5
:10BF1000208F00882301BC60030011EA0068DE5F07
:10BF20000049BA00B05E6B0011EB0192DE5E3D117C
:10BF3000E8018760023D11E80068DE9B00A9BE01B0
:10BF40008760063D11E8019860163D11E80181E027
:10BF500004FF87FC01AADE64FF87FC03BFDE02F05A
:10BF600009C701BC620F0011E001BC60030011E4CD
:10BF70000181E000FFA7FD01BC600F0011E801BCDA
:10BF800060030011EC02001FF70009CE00E0208ED4
:10BF9000F3482300B0209300102500E8208E04A869
:10BFA00023006AA08F01C9CE01B860060490240165
:10BFB00082E006F297940188600A00900401BC6058
:10BFC0000318779503A0DE02F009DB00685E4F06D8
:10BFD000A9E00138520300178000B05E5F001781AE
:10BFE0000204DEB70009DA00685E070009D901BC67
:10BFF000600301778001BC600300378103BFDE026C
:10C00000F009DA01BC600301578000025E02F00112
:10C01000430068DEAB0049E000A05E4F0477A1005A
:10C02000685E87004C2D00685E87044C2D03BFDEE0
:10C0300002F00E350180600186EC37006EB083009F
:10C040002A1C0068DE4F040A1C03335E02F00A1C3F
:10C050000180600184AC2500E030B3002C2C0392F9
:10C06000DE02F00A1C00E03093002C2400B0308384
:10C070000017A1006D3092F429EB03BFDE02F00A35
:10C080001A0180600584AC2501BC60270897A100D7
:10C09000025E02F001270187E006032C2A00B001AE
:10C0A00043000C2B03835E02F00A18006DC03305B9
:10C0B000C9FB00E860BA0197A60080DE9B0117A5C6
:10C0C00000685E5F0009F60080DE9B0057A500B0A7
:10C0D00041B7000C360080B0DB0C8C3600B041B7A5
:10C0E000000C3600B030DB00104000008000000083
:10C0F0000001BC601B06D06501BC600300B7A40052
:10C10000025E02F0017200685E9300AA0303835E80
:10C1100002F00A18006DC031842A1801BC600306C1
:10C120004C3603BFDE02F009F70207C197000A068A
:10C1300001385A070017BB03BFDE02F00A07013CB3
:10C140005A030017BB01BC601B0437A600E84196E8
:10C15000F4D7A300885E8F0037A300E05E8EF777E8
:10C16000A500E05E970057A503835E02F00A180061
:10C170006DC031842A18006DC032F4AA1800E85E40
:10C18000960197A60080DE9B0117A400685E5F0001
:10C190000A130080DE9B0057A400B041B70017A42B
:10C1A0000080DE930C97A400B041B700104000005F
:10C1B000800000000003BFDE02F00A0C0386DE02EE
:10C1C000F00CA103BFDE02F00D8B0180600184AC96
:10C1D0002501BC6003000C240386DE02F00CA102E2
:10C1E00087C037000C9E00025E02F0123603035E29
:10C1F00002F00A1C03A9DE02F00A2600025E02F029
:10C20000123602074037000A210386DE02F00CA135
:10C210000287C037000C9E00025E02F00EA3006E83
:10C220004030020A500301DE02F00A500068DEAB23
:10C23000000A37032B5E02F00A2C00E0022B0020DC
:10C240008A03BFDE02F00A3002805217000A2F0074
:10C25000E0024300209003BFDE02F00A3000E0025B
:10C260005700209500685E4F040D8500685E4F0200
:10C270008D8500685E4F020BC100685E4F050E257C
:10C2800000685E4F060E2500685E4F068E2F03BFC6
:10C29000DE02F00E350068DEAB002A49032B5E0299
:10C2A000F00A3B00E0022F00208B03BFDE02F00A01
:10C2B0003F02805217000A3E00E00247002091032F
:10C2C000BFDE02F00A3F00E0025B00209600685EDD
:10C2D0004F06AB8E00685E4F042E4D00685E4F0423
:10C2E000AE4D00685E4F05AC3200685E4F062B8E87
:10C2F00000685E4F052E2300A05E4FFF77A1006807
:10C300005E87072E4000685E4F16AC3D03BFDE021D
:10C31000F00BB503BFDE02F00BB900E0020F002006
:10C320008301BC60030011EC01BC600F0011E80246
:10C3300084C03B0009C20184E00609104803BFDE47
:10C3400002F009C20200C09300000203A35E02F0E3
:10C350000A5403C35E02F00A5303BFDE02F00D115C
:10C3600000025E02F012360207C0AF000A57020751
:10C370004037000A540107C0AF0017A100B85E871C
:10C380000037A101825E860D906C00B0447F0007EB
:10C39000FE018360020910480287C037000C9E032B
:10C3A00086DE02F00CA100025E02F0123603435E4C
:10C3B00002F00A5C0287C037000C9E0301DE02F027
:10C3C0000A7B03305E02F00A7B01BC601F155065DA
:10C3D00000E04194F530650138402B001680012DB6
:10C3E000406B0017A200885E8B0137A202884027AD
:10C3F000000A6A01846006D0168000B05A02F45622
:10C40000800205C027000A6D0187E006D016800172
:10C41000BC601B0DD7A100025E02F0012700B040F6
:10C420006700168101BC601B0DF7A100025E02F0DF
:10C43000012700B0406700168200B05A0B0017A118
:10C4400000E85A06F437A200E15E8AF457A100E042
:10C45000DE86F457A100985E8700B7A100E01EA712
:10C460000067A900691EA7018A7B01BC6003000761
:10C47000A902801FF7000A7D006E4030020B89037D
:10C4800081DE02F00A8A00E002170020850329DE1F
:10C4900002F00A8102902E27000A8201BC6003008C
:10C4A0002B8903A9DE02F00A860184E00609104800
:10C4B0000180E0020910480184E002F7F7BF03861B
:10C4C000DE02F00CA101806004FF87FC01806006A1
:10C4D000F2979403BFDE02F00B370068DE4F040AC8
:10C4E0008D03335E02F00A8D01BC6003000C240151
:10C4F000836002F7F7BF0329DE02F00A910288AEDB
:10C5000027000AA301BC6003000B8903AB5E02F0A5
:10C510000A9E00685EAB002AA200685EAB000A9C1F
:10C52000010C520F0017A100685E87002A9800686E
:10C530005E87004A9A03BFDE02F00AA203B0DE0261
:10C54000F00A9E03BFDE02F00AA003B15E02F00A09
:10C550009E03BFDE02F00AA003B35E02F00A9E0350
:10C56000BFDE02F00AA001BC6003004B8903BFDEFE
:10C5700002F00AA301BC6003008B8903BFDE02F056
:10C580000AA301BC6003002B890386DE02F00CA124
:10C5900003AB5E02F00AA801F0521300118601A558
:10C5A000E00A30118003BFDE02F00ACA03A9DE02EE
:10C5B000F00AAE0068DEAB004ACA00B0523B00177A
:10C5C0009F00B0523B0017BE01BC60030028080367
:10C5D000BFDE02F00ACA02875E53000AD703A0DE5C
:10C5E00002F00AB903BFDE02F007CA0190600A092F
:10C5F000104800B0523B00179F00B0523B0017BEDE
:10C60000019E5E8300B0EB0106520F0017A100B837
:10C610005E870037A10182DE86F577AB01BC61033E
:10C6200000308000E8523AF3F7A2006BD23AF3EA06
:10C63000BC00E85E7E91D7A200905E8B0097A101BE
:10C64000BC6023011064006B523AF3EAC701185E24
:10C65000870017A2010A5E870017A300886006F40E
:10C6600057A200E04192F4706400B05802F4560002
:10C67000006BDEFA91CACA00B0523B0017BE03BF7E
:10C68000DE02F00ACA00025E02F0164F00B020235C
:10C6900000280800B0523B00179F0320DE02F00A7A
:10C6A000D702075E53000ACE0180E002091048035A
:10C6B000BFDE02F00AD70068DE5F000AD4021A5417
:10C6C00007000AD20103C0270017A101825E86106D
:10C6D000D0860102C0270017A100E0422AF4308A68
:10C6E0000180E004FF87FC03A9DE02F00AD700B056
:10C6F0005E4700108001085E4F0017A100685E874A
:10C70000002B0503AB5E02F00B0902005217000A72
:10C71000EF0068DEAB004ADD00E002530020940227
:10C72000865E53000B370284520F000D130284D231
:10C730000F000AE203AC5E02F00AED03BFDE02F076
:10C740000AF8032C5E02F00AF800685E4F040AED56
:10C750000106D20F0017A100808ECF0197A200E042
:10C76000015E0DB0640181DE86C3F61F0187DE869F
:10C7700024912400683077FFEAED00B04467000C94
:10C780001E02005E87000AED00E0446583AC1E00D7
:10C79000685E4F020B3703BFDE02F00B24031EDE80
:10C7A00002F00AF503315E02F00AF50068DEAB0024
:10C7B0004AF500808ECF0197A200E0015E0DB064C3
:10C7C0000181E002C3F61F0068DEAB004AFA00E018
:10C7D000023F00208F03BFDE02F00AFD00685EAB5F
:10C7E000004AFD0280522F000B3702024107000A67
:10C7F000FD00685E4F040B3700685E4F028B370206
:10C8000006DE53000B020028E01EF40B0200A044D9
:10C81000B703E14500B005130017A100E05E8428CE
:10C82000A14602844107000B3701806006F297940D
:10C8300003BFDE02F00B37032B5E02F00B370068FC
:10C840005E4F05AB2400685E4F052B2403BFDE025C
:10C85000F00B370068DEAB004B12006D8ECF002B63
:10C860001201BC6003000AB501826002F5D7AE0276
:10C87000805EFF000B1000682B4F000B1200E0449D
:10C88000655A4AD300682B6BFFCB1200E02B6B007C
:10C890002ADA02065E53000B1500E00263002098BE
:10C8A00003BFDE02F00B370323DE02F00B1F01296A
:10C8B000500B0017A30068DE8F052B1F020680C7F0
:10C8C000000B1A0182E001872C390187E002107009
:10C8D000830184600209104800B05E870017A10040
:10C8E0006EE003002B1E03D1DE02F00B1F0068DE9A
:10C8F000AB004B2100E0022700208900685E4F005A
:10C900000B3700685E4F010B3700685E4F058B37B1
:10C9100000808ECF0197A200E0015E0DB06500207F
:10C92000DA7F140B37028047C7000B870329DE022A
:10C93000F00B2D0102DEAF0017A10106520F001708
:10C94000A200385E86F44B370182DE8AF577AB00B1
:10C95000B052230011F200B052270011F300B05280
:10C960002B0011F40106520F0017A100E05E8700B2
:10C9700031F500B0005B0011F000B047C3001800B3
:10C980000134C7C70017A1006EDE8402AB3701BCBB
:10C9900060030810420283C107000B3B0301DE0263
:10C9A000F00B3A03B55E02F00B3B02805E53000DC4
:10C9B0001300B040330017A101089FF70017A20031
:10C9C000685E8B006B4300E840310497A102811F31
:10C9D000F7000B4300B020930017A102809FF700DF
:10C9E0000B4300B05E630017A1006E5E84020B89EA
:10C9F00000B05E870007F401816000FF87FC02023F
:10CA0000C013000B4900E05E840347F40181600419
:10CA1000FF87FC02011FF7000B8201035E53001722
:10CA2000A10187DE84FF87FC0386DE02F00CA100F3
:10CA3000025E02F0123603855E02F00B4C018E603E
:10CA4000023D11E80107C7830017A101825E84FF40
:10CA500087FC02019FF7000B550103C7970017A140
:10CA600001825E84FFA7FD00B020330017A1018E74
:10CA70005E84FFA7FD032A5E02F00B5D00025E02EA
:10CA8000F00E870329DE02F00B5C0301DE02F00BDF
:10CA90005C0182E0060D906C03BFDE02F008A40189
:10CAA000BC60030011EC01BC600F0011E801846060
:10CAB00004FFA7FD01075EAF0017A10185DE84FF1B
:10CAC00087FC00B040270007F600B0406B0007F875
:10CAD00000B0406F0007F900B0402B0007F701BC21
:10CAE000601B0DD7A100025E02F0012700B0406775
:10CAF0000017A201BC601B0DF7A100025E02F0014D
:10CB00002700B040670017A100E85E8AF437A20052
:10CB1000E15E8AF457A100E0DE86F457A100985E3A
:10CB20008700B7A101BC5E860147F700681F33008C
:10CB30000B7C018F60060127F600681F33002B79FC
:10CB400000B01FC70017A100025E02F0012700A07D
:10CB50004064F9D7A200B85E88FE17A103BFDE02C9
:10CB6000F00B7A00A04138FE17A10068DE87000BA9
:10CB70007C018F60020127F601846004FFA7FD019C
:10CB8000075EAF0017A10185DE84FF87FC00025E0F
:10CB900002F00EA301BC63FF1FD7A800025E02F0E3
:10CBA000109A00025E02F00E8701A8600A0090044D
:10CBB00002011FF700163B00A8401300500403BFFA
:10CBC000DE02F0072000E002870020A103BFDE02A2
:10CBD000F00B8A00E0020B00208203A9DE02F00DB8
:10CBE00013018460060910480184E0060910480317
:10CBF000BFDE02F00D13032B5E02F00BB10068DE06
:10CC00004F06AB9200E0023B00208E03BFDE02F035
:10CC10000B9300E0023700208D0323DE02F00BB5FA
:10CC20000068DE4EF1CBB5020680C7000B9701828B
:10CC3000E001872C390187E00210708301846002D3
:10CC400009104800B05E870017A1006EE003002BBA
:10CC50009B03D1DE02F00B9C00685E4F062BAF01F8
:10CC6000BC600300083303295E02F00BA10203DE5F
:10CC7000B3000BA20191601A84F4270183E002F54E
:10CC800097AC020200BF000BAE0206ABD3000BA7AD
:10CC9000020345AF000BA90185E0062D716B03BFB0
:10CCA000DE02F00BA90203456F000BA90185E00627
:10CCB0002B715B02045EB3000BAE0187E0021070C3
:10CCC000830183E00209104800025E02F01593031D
:10CCD000BFDE02F00BB50205500B000BB501826000
:10CCE0000609104803BFDE02F00BB500025E02F039
:10CCF0000BBC0068DE4F062BB500E0024F0020930E
:10CD000003BFDE02F00BB503AB5E02F00BB702040B
:10CD10004107000BBA02834107000A5003BFDE023D
:10CD2000F00BBA02844107000A5001806006F297B6
:10CD30009403BFDE02F00A50028700C3000BC0005C
:10CD400068D213000BC001BC600300118301BC60FA
:10CD5000030011820002DE02F00000039F5E02F079
:10CD60000BC4039EDE02F00E3502035E53000E3547
:10CD7000010C81430017A10068DE87002BC9010068
:10CD800001630017A10102C0270017A20038DE8648
:10CD9000F44BB903AB5E02F00BCB02005217000B51
:10CDA000B90280522F000BCD03335E02F00E350224
:10CDB000181DF3000BF101BC601B06106501BC607F
:10CDC000031BB7A400025E02F0017200B05E8F0088
:10CDD00017A60068DE931BABED0207C197000BDAC4
:10CDE00001385A070017A1013C5A070017A201BCDD
:10CDF0005A0AF457A2013C5A0B0017A301BC5A0E61
:10CE0000F477A303BFDE02F00BDD013C5A030017E9
:10CE1000A100B05A070017A200B05A0B0017A300D8
:10CE20006D5E87008BE701BC61BF0A17A50068DE55
:10CE30008AF4ABE201BC60271357A500685E8EF44C
:10CE4000ABE601BC605F0017A50068DE8AF4ABE7C3
:10CE500001BC60171E57A50068DE8EF4ABE703BF68
:10CE6000DE02F00C2900D85E870037A100E1419670
:10CE7000F4306500E1C19700306501F0419700177B
:10CE8000A200E05E8B0077A2006D5E8AF4CBD0003A
:10CE9000E840330097A5006E5E96004C2900B01D57
:10CEA000EF0017A10068DE840A0E35023C523F00F5
:10CEB0000C02013C523F0017A10068DE84048C275D
:10CEC00001BC600316106401BC601B06306500687D
:10CED0005E87002BFE00B05A030017A20068DE8AAE
:10CEE000C00C2700E0419700306500E0419300301E
:10CEF0006400E85E870057A1006A5E87002BF70098
:10CF0000685E87000C0301385A030017A1013858E6
:10CF1000030017A20068DE86F44C2703BFDE02F090
:10CF20000C030285C107000E3501BC601B061065AD
:10CF300001BC600305B7A400025E02F0017202802A
:10CF400000C3000C2701BC60131417A600E0017F8A
:10CF500000B7A5006D5E96F4CC0B01BC60130C9776
:10CF6000A500685E940BCC2B00B0017B001065001F
:10CF7000B052270017A200B0522B0017A30068413F
:10CF8000940BEC160068DE8ED04C1200685E8AD0DE
:10CF90002C2700E0419700B065006D4196F4CC0F5E
:10CFA00001BC60130C906503BFDE02F00C0F00E0C3
:10CFB000028B0020A200B0017F00106500B0522358
:10CFC00000168000B0522700168100B0522B0016C8
:10CFD0008200808ECF0197A200E0015E0DB0640256
:10CFE00003587F000C2001BC602F0037A103BFDE77
:10CFF00002F00C2101BC5202F2F7A101A95E02F479
:10D00000368300904467011684020281AB000C2530
:10D010000068DE9305AC2601846006D0968400B0DB
:10D020005E9700005F020781AB000C29018060065B
:10D03000F2979403AB5E02F007DF03BFDE02F00A53
:10D040005000E0028F0020A303BFDE02F00BB90303
:10D05000835E02F00C2F006D4033038C2D006D4079
:10D0600033038BB9032B5E02F00E3903BFDE02F0EF
:10D0700007DF032B5E02F00C3700E0023300208C48
:10D08000020681AB000C360183E005872C3903BF13
:10D09000DE02F007E100E0024B002092008800234E
:10D0A0000037A200E05E8800F7A200E0001AF45109
:10D0B000890186E00630118003BFDE02F00BB50364
:10D0C0002B5E02F00C3800E013530024D403BFDEC3
:10D0D00002F007DA02045247000BB501BC601F10D2
:10D0E000F06401BC60030177A101BC63FF1FE793FB
:10D0F00000E04186F4306501BC63FF1FF60000E0EC
:10D100005E870077A100025E02F00F1F0200C07769
:10D11000000BB5012940770017A2006D5E8B04CB90
:10D12000B500E85E8B04D60001BC601F05F063000B
:10D13000E0418EC010630200D603000BB502065614
:10D1400003000BB50184E006F597AC0116D6030089
:10D1500017A200885E8B0077A200E0019EF4506564
:10D1600000B041970004C201BC602B1817A100B0A9
:10D170005A0F0017A200025E02F0012B01BC602BC7
:10D180001837A100B05A130017A200025E02F00186
:10D190002B00B0418B0004D903BFDE02F00BB503B6
:10D1A000A2DE02F000C203A3DE02F00C7A00E0016E
:10D1B000FF00207F01BC60030017A303BFDE02F065
:10D1C0000C7C018760040310A001BC60030051E4E3
:10D1D00000B0479300180001BC600302900401BC3A
:10D1E000620F0011E001BC600F0131E800B047A3FD
:10D1F00000180001BC600F0011E801BC60030131A0
:10D20000EC00B047B300180001BC60030011EC0152
:10D210008460060910480020601E090C7100E001BE
:10D22000FB00207E03BFDE02F00C8501BC60030E14
:10D23000D7A1011400630017A200E05E86F45065D8
:10D2400000E05A03003680020300C7000C7703A9F0
:10D250005E02F00C7C0291509F000C7B0191601AE1
:10D2600084F42703BFDE02F00C7B00E001FF002006
:10D270007F01BC60030037A30323DE02F00C8501AD
:10D2800083E00209104801846002F597AC01BC609C
:10D2900003000ABB01BC600300178E020680C700B2
:10D2A0000C830182E001872C390187E00210708332
:10D2B0000182600209104803D0DE02F00C8603D020
:10D2C0005E02F00C870182E00209104803D5DE02FD
:10D2D000F00C8901BC60030010B401BC600300F7CE
:10D2E000A1006800A7000C8D0185421AF437A10047
:10D2F000025E02F0012700B040670017A501BC6381
:10D30000FF1FF7A200025E02F0012B0088600701F8
:10D3100057A400B85E86F497A100025E02F0012BCC
:10D320000283C21F000C9400025E02F0114C0284C2
:10D330004523000C9603D0DE02F00C9800685E8F47
:10D340000000020020E01E090C9C00B05E97001453
:10D350002E03BFDE02F0036E00A8412300F0480355
:10D36000BFDE02F000020183600209104800E00203
:10D370001300208403BFDE02F00CA401BC60070090
:10D380001042006E4030020CA400E0027700209DA5
:10D3900000025E02F0170A03A35E02F00A5003C601
:10D3A000DE02F00CA7032ADE02F00CAE00B030471C
:10D3B00000080800B0304B00080900B0304F0008EA
:10D3C0000A00B0305300080B00B0305700179F031D
:10D3D000BFDE02F00D130184E00609104803BFDE32
:10D3E00002F00D13020681AB000CB30281B0E7001E
:10D3F00000BD028330E70000BD028445230000BD6C
:10D400000320DE02F00CBB0068A0C7000CB801BC12
:10D41000609F0217A100E04466F42831006B446568
:10D42000062CBC0020E1020900BD00025E02F00DE6
:10D430002F01BC60030008310020E38A0900BD020F
:10D440008445230000BD00B05E870017A103915EF4
:10D4500002F000BD0396DE02F000BD03965E02F00E
:10D4600000BD00025E02F00D2F00E10DB228E36C5A
:10D4700000E08DB700036D01BC600300114701BCE3
:10D48000600300602000680173000CD701BC6013CA
:10D490000890E600025E02F0016A00B0017300101D
:10D4A000E401BC600300000601BC600300005C01F5
:10D4B000BC600301D78201D2DE0877F0E000B00F34
:10D4C000030010E100B0004700108600B00F1F00FD
:10D4D000108A01BC600300378100025E02F0107008
:10D4E0000190600A09104801BC610300308003BF4D
:10D4F000DE02F0000201BC60030030420187E0025E
:10D5000024712300025E02F014DB03975E02F00D2B
:10D510004303125E02F00CDA01BC600300402001FC
:10D52000BC6003000B8901BC600300114901BC61B0
:10D530008300112500B0007B00112701BC60130C93
:10D54000805E01BC60130C805F0180E006F5D7AE01
:10D550000107C1070017A101805E86F577AB01BC0A
:10D56000600F0011E801BC620F0011E000025E02D2
:10D57000F00CF701BC61CF0C105C01BC6003001023
:10D580005D01BC61CF01F05E01BC603B0AF05F0150
:10D59000866005610B0800025E02F0145C01866083
:10D5A00001610B0801BC600300082E020300C700E4
:10D5B000001201BC60030006B201BC60030006B7A4
:10D5C00001BC60030006BC01BC60030006C103BFD0
:10D5D000DE02F0001201BC60430017BB00A0412234
:10D5E000F7704801BC63FF1FF05401BC63FF1FF0DC
:10D5F0005501BC63BF1FF05601BC63FF0FF057001D
:10D60000025E02F0170A0187E00624712301BC6064
:10D610000300105401BC600300105501BC600300FE
:10D62000105601BC600300105701BC600F002017AA
:10D630000106C1070017A101825E8402E0170107FD
:10D6400041070017A100B85E870037A10180DE877F
:10D650000000160002DE02F000000285C037000064
:10D660000200025E02F0123602864037000D0A0008
:10D67000E0021B00208601BC6003010B890386DEEB
:10D6800002F00CA10287C037000CA100025E02F07C
:10D6900017D003BFDE02F0001201B8600A04902424
:10D6A00003AA5E02F00D160158600300102A01BCA7
:10D6B000600302900400B040130018000183600270
:10D6C00009104801806000FFA7FD00025E02F01211
:10D6D0003603855E02F00D1A01BC620F0011E001F5
:10D6E000BC600F0131E800B047A300180001BC6026
:10D6F0000F0011E801BC60030157A100E85E87003C
:10D7000037A10068DE87000D2101BC600302900490
:10D7100000B0401300180001BC60030131EC00B000
:10D7200047B300180001BC60030011EC0324DE02C3
:10D73000F0072001866006F577AB00025E02F00D6F
:10D740002F0180600610308100B05E870017A101B4
:10D7500080600210308103BFDE02F0072002060164
:10D76000AB000D3101806001872C3901BC610300E1
:10D77000108000B04203001800006EE003002D345A
:10D7800003505E02F00D3700015E02F0000003BF9F
:10D79000DE02F0039401846002F597AC01BC6003E3
:10D7A000000ABB00A8412304F0480182600209106E
:10D7B000480206DEAF000D3E03D5DE02F00D3E034B
:10D7C00050DE02F00D3C01BC60030010B40284C7BF
:10D7D00083000D4101BC600B0011E0018E6002F579
:10D7E00077AB0002DE02F0000003A2DE02F000BD13
:10D7F00002BC4287000D4A01BC60030037A401BC93
:10D8000060031FF7A3011400630017A200886006DD
:10D81000F457A203BFDE02F00D4F00886007011726
:10D82000A401BC63FF0017A3011400630017A2004A
:10D83000E05E8B0117A200886006F457A201BC606D
:10D84000131B906501BC601B18506401BC60030091
:10D8500017A50020C286F48D5900E0419706D065D7
:10D8600000E0419301F06400E05E970037A5008876
:10D870005E930037A400205E92F46D7803BFDE0251
:10D88000F00D520068DE92F44D5E00680083006D7A
:10D890005E03A0DE02F00D5E0020C123160D5300D2
:10D8A000025E02F00D2F006DDE93200D7402030066
:10D8B000C7000D68006DDE97008D6801BC60030035
:10D8C000160801BC600300160901BC600300160ABB
:10D8D00001BC600300160B01BC600300160C01BC08
:10D8E000600300160D01BC600300160E02005AC34F
:10D8F000000D73023C5A9F000D7300680083006D99
:10D90000730385DE02F000BD03855E02F000BD03F7
:10D91000A2DE02F000BD03A3DE02F000BD0397DE2D
:10D9200002F000BD00B041970010600191600A84D0
:10D93000F42703BFDE02F0036E01806002D616B04A
:10D9400000B05E930010A101836002F7F7BF01BC35
:10D95000600300304303BFDE02F00D530068808394
:10D960000060BD03BFDE02F00CDB0283C21F0000BB
:10D970000200B05E870017A103D0DE02F0063D0171
:10D98000BC6003041042039EDE02F0001200B05E91
:10D990003F00114501BC600300178F00B05E4300DB
:10D9A000178500B05E0F00179000025E02F00D2F89
:10D9B00003BFDE02F00012006D4033058BBA03ACEA
:10D9C0005E02F00D8A00685E4F028DEB00E0026798
:10D9D00000209903BFDE02F00DEB00685E4F028D60
:10D9E000EB028030DF000D8E00E0025F0020970127
:10D9F00080600586EC3700025E02F00EAF018660A3
:10DA000002F5B7AD01826002F5D7AE01BC6003003C
:10DA10000AB5039EDE02F00DA00321DE02F00DA088
:10DA200000E0026F00209B00025E02F00D2F0186D5
:10DA3000600209104800A8412301304801BC60037E
:10DA40000210420280441F000D9F00B05E3F001193
:10DA50004501BC600300178F00B05E4300178500CE
:10DA6000B05E0F00179003BFDE02F00DA000A044CF
:10DA7000B6F07145028200C3000DEB00B0007300E8
:10DA800017A100E05E86B017A100E15E7AF4379E30
:10DA900000E1DE7700179D00E1DE7300179C00E0D7
:10DAA000DE6F00179B039EDE02F00DAF006E5E6E10
:10DAB000924E21006D5E6E924DAF006E5E72922EA0
:10DAC00021006D5E72922DAF006E5E76920E210087
:10DAD0006D5E76920DAF006DDE7A91EE2102003020
:10DAE00097000DB400B05E7B000C3200B05E770092
:10DAF0000C3300B05E73000C3400B05E6F000C3568
:10DB0000028201AB000DC500B0446700082D00B0D3
:10DB1000446B00082C00B0446F00082B00B0447325
:10DB200000082A0068A0B6232DAF00E920B6F3D77D
:10DB30009E00E9A0B2F3B79D00E9A0AEF3979C0068
:10DB4000E8A0AAF3779B00E15E7A91F7A100B05EAE
:10DB50008700111900E1DE7692111A00E1DE72925F
:10DB6000311B00E0DE6E92511C0068DE86232DBE64
:10DB700003BFDE02F00DEB00E9523EF3D7A100E94E
:10DB8000D242F3B7A200E9D246F397A300E8D24A03
:10DB9000F377A400880ECF0057A500E0015EF4B033
:10DBA0006400E95E86C9A78100E9DE8AC9C78200F0
:10DBB000E9DE8EC9E78300E8DE92CA078400808E22
:10DBC000CF0197A501BC601F07778000E05E020DC2
:10DBD000B06500885A0F00F7A500B05E970817A53A
:10DBE0000134DA0F0017A600E95E94F037A500E8CB
:10DBF000DE98F057A6017BDE96F4D7A500685E9606
:10DC0000D06DEB00E85E96D077A600B05E97001668
:10DC10008300685A13000DDD00E05A16F4D6850023
:10DC2000685A1B000DDF00E05A1EF4D68700885E9C
:10DC30009B00F7A10134DE9B0017A201BC6003002A
:10DC400017A301BC60030017A40069DE9B000DE769
:10DC500001BC63FF1FF7A301BC63FF1FF7A401C34F
:10DC6000DE8EF457A200E95936F4364D00E9D93A70
:10DC7000F4564E00E9D93EF4764F00E8D942F496C6
:10DC800050031EDE02F00E21039F5E02F00E210003
:10DC9000685E4F028E21032C5E02F00E2101BC60F3
:10DCA0001B06D06501BC600300B7A400025E02F051
:10DCB000017202003097000DF600685E9300ADF629
:10DCC00000E030C7002C3103BFDE02F0188400688A
:10DCD000DE9300AE210207C197000DFC013C5A07FC
:10DCE0000017BB013C5A0B0017A101385A07000C62
:10DCF0002603BFDE02F00DFF01385A070017BB01F3
:10DD0000385A0B0017A1013C5A03000C2600B05EE4
:10DD100087000C2700808ECF0197A200E0015E0DE6
:10DD2000B06400B05EEF0016280181DE86C3F61FE6
:10DD300000683073FFEE0802005E87000E0800885E
:10DD400030730071260090307301B128006830777D
:10DD5000FFEE0C00B04467000C1E02005E87000E50
:10DD60000C00E0446583AC1E0187DE86249124020A
:10DD70000680F3000E100181E002C3F61F0187E068
:10DD80000224912402003097000E2100E030B700F9
:10DD90002C2D028680F3000E140281D87F000E1F06
:10DDA00000B0309F0017A100025E02F00F08028051
:10DDB0005E8B000E1F00E85E6984D7A100685E8557
:10DDC000846E1B00E030BF002C2F03BFDE02F00E7C
:10DDD0001F00E030BB002C2E01BC6003000C2501AD
:10DDE000BC600700104303BFDE02F00D1300E85EC5
:10DDF0006984CC2303BFDE02F0188403AB5E02F01B
:10DE000007DF03BFDE02F00A50032B5E02F00BB9FE
:10DE100003BFDE02F007DF03AB5E02F00E28032C27
:10DE20005E02F00BB903BFDE02F00E3900B05223E0
:10DE30000011F200B052270011F300B0522B001174
:10DE4000F401BC60030091F501BC600308104200BE
:10DE5000B0005B0011F003BFDE02F007DF013852B3
:10DE60003F0017A102065E53000E320138524B00EC
:10DE700017A10068DE87008E3503AB5E02F007DF76
:10DE800003BFDE02F00A500068DE4F020E380207C0
:10DE900081AB000E3801806006F2979403AB5E02FE
:10DEA000F007DF020000F3000E3E0206DE53000E14
:10DEB0003E01185E830017A10068DE8700AE3E01B8
:10DEC000BC600B02514202005217000BB903BFDEC7
:10DED00002F00A5001BC600300118301BC60030022
:10DEE0001182032C5E02F00E450199E0062011001C
:10DEF00003BFDE02F00E490119402F0017A1006890
:10DF00005E87000BB50199DE8620110003315E02A9
:10DF1000F00BB500A05E3B0097A200205E4EF44BD4
:10DF2000B50184600209104803BFDE02F00BB5039F
:10DF3000AB5E02F00E5000025E02F00BBC03BFDECF
:10DF400002F00BB50068DE4F042E5400B0523300CF
:10DF5000179F00B0522F0010EB0281522F0007CA0A
:10DF600000E002AB0020AA0281522F000B9303298C
:10DF70005E02F00E5A0203DEB3000E5A0191601ADF
:10DF800084F4270183E002F597AC0208522F0007C2
:10DF9000DF03BFDE02F00A5001BC6003001067011E
:10DFA000BC60030010460180E0060930490282C1CE
:10DFB0001F000E6401BC603F1FF06501BC600300E0
:10DFC000168000E841970030650069C197000E6136
:10DFD00001BC600B00179401BC60030017AB01BCCF
:10DFE00060030017AC01BC60030017AD01BC600307
:10DFF0000017AE01BC60030017BF01BC63FF1FF731
:10E00000B501BC600300202001BC60030017A10023
:10E01000025E02F0012701384067000028011C4021
:10E020006700002901BC600300504901BC60030087
:10E0300017A701BC60030017A801BC60030017A963
:10E0400001BC60030017AC01BC60030017AD018286
:10E05000E0060F10780206C1E3000E77006880A783
:10E06000000E7A03BFDE02F00E7B006880A7008EF0
:10E070007B01BC601302600001BC60230E40010103
:10E08000BC63F318600201BC614B15600301BC6006
:10E090000300000401BC604305200501BC601B04B3
:10E0A000306101BC601702506001BC6003000822AF
:10E0B00000B05E0F00178500A044B6F0714503BFA5
:10E0C000DE02F00CC30183E0060F107801885E5C6D
:10E0D000FEC7F601BC601F1E900701BC60030190E3
:10E0E00008018860060090040386DE02F00CA1039C
:10E0F00005DE02F00E8C0386DE02F00CA10385DE45
:10E1000002F00E8E00B05E870017A1006EE00300E3
:10E110002E920386DE02F00CA1006EC0146FEE9505
:10E1200001BC60070010420002DE02F00000032183
:10E130005E02F00E9A00E0204AF4281200B0204B54
:10E1400000178B03BFDE02F00EA2028150C7000E43
:10E150009F011C509F00178B00E05E2EF4378B014F
:10E160009C5E2E84F42703BFDE02F00EA2011E5037
:10E170009F00178B00E05E2EF4378B019E5E2E848D
:10E18000F4270002DE02F00000006800A7008EA85D
:10E190000102C027000821006880A700AEAE00E0A1
:10E1A00020870028210002DE02F0000001BC60038D
:10E1B00000282101BC402B0017A100985E870117A1
:10E1C000A10098402B0117A2006ADE8AF42EAE014E
:10E1D000BC60030088210002DE02F00000028280A1
:10E1E000BF000F0700B0418F00081300B0418B0043
:10E1F000081400B044670017A2017BDE8A2357A1F0
:10E2000001BC601F07706501BC60030017A201BC60
:10E21000601F03D06401BC601F11506300685A0383
:10E22000000EFE01BC601F0FB06200E0418AF45096
:10E23000620090540300F7A6006B5E86D06ED40097
:10E24000B05A030017A300E05A0EF4D58000E05A3C
:10E250000EF4768300E85A2F00368B0069DA2F001F
:10E260000EC300E85A0700368B006CDA0EF42EBE9F
:10E2700000E85A0EF437A400905A030077A5006E08
:10E28000DE92F4AECA01BC600300360001BC600B34
:10E2900000104301BC600300278900205A0B080EC0
:10E2A000CD01BC600300279203BFDE02F00ED40054
:10E2B000205A0B140ED400202C27080ED000205A10
:10E2C0000B040ED401866006F5B7AD0088009B00F4
:10E2D000D1260090009B01512801BC63030011244A
:10E2E000006B5E86B00EDC00685A13000ED9018800
:10E2F0006006D0568200B056030017A400E05E927C
:10E30000D0968500E05A0EF4D58000205A0B080EF6
:10E31000DC01BC600300079200685A13000EE400A1
:10E320006B5E86D0AEE40188600AD0568200B0569B
:10E33000030017A400E05E92D0968501BC60030044
:10E34000360101BC600B00104301BC60030027894B
:10E3500000685A1B000EFE006B5E86D0EEFE0201C6
:10E360005A0B000EF300E85A1B00368600B05A27FD
:10E370000017A300E05A1EF4768701BC601F11D07D
:10E380006200E0418AF4506200B05A2B0017A300EB
:10E39000E05402F475000203D403000EF100E05AC9
:10E3A0001F0036870130540300150001816002D040
:10E3B000568203BFDE02F00EF600B05A230017A308
:10E3C00000E05A1EF4768701816006D0568200680C
:10E3D0005A1B000EF8006CDA1EF42EE602015A0BEE
:10E3E000000EFB01BC600300360203BFDE02F00E2C
:10E3F000FC01BC600300360301BC600B001043014C
:10E40000BC600300278900E0419701906500E05E51
:10E410008B0037A200E0419300906400E0418F0040
:10E420003063006D5E8B008EB802981DF3000F05FF
:10E4300001BC600300079200B0204F00106300B0E1
:10E4400020530010620002DE02F0000001BC6003F5
:10E450000017A20068018B000F1E0090018B00774F
:10E46000A201806002F437A1006E5E86F44F1E02A6
:10E4700007C197000F1001385A070017A303BFDE2A
:10E4800002F00F11013C5A030017A300E85E8F0051
:10E4900097A300E85E8AF437A2006A5E8AF46F1ED2
:10E4A00000D0419700306400E05E8B00B7A300E02D
:10E4B0004192F4706400D841930030640207C19324
:10E4C000000F1B013C58030017A103BFDE02F00F31
:10E4D0001C013858030017A100A0018B00F7A2000F
:10E4E000905E86F457A20002DE02F0000000B05AEF
:10E4F0000300101F00B05A0700102000B05A0B0094
:10E5000010210180600700101D02804077000F235A
:10E510000002DE02F000000187E002F577AB039114
:10E520005E02F000020020E3FE0900020200421F2A
:10E530000000020068C2F3000002028445230000CC
:10E54000020068C0170000020068AB9700000200DC
:10E55000025E02F00EAF00683073FFEF310207C4B5
:10E5600093000F3C00683077FFE00200683077FFCF
:10E57000EF350068307B000F3B006BC46583CF3CF8
:10E5800003BFDE02F0000201BC601F07706400E000
:10E5900041930617A20068D82F000F390281D80BCB
:10E5A00000000200E04193019064006D4192F44F3D
:10E5B000370287C49300000200689E4B00000202ED
:10E5C000815E53000F4A0283411F000F400281DE2B
:10E5D00053000F5B01BC600300115101BC600300DC
:10E5E000115201BC620300115301BC600300515081
:10E5F00001896006F2979401BC60E700107701BCC6
:10E60000600300107601BC60031117A300025E02D4
:10E61000F0013403BFDE02F000020280C5430000B7
:10E620000201F0C5470011560107C5470017A101B7
:10E63000F0C54AF4315500B0455700107700B04599
:10E640005B00107601BC60030E97A300025E02F02F
:10E65000013400B04557000C1000B0455B000C0FB2
:10E6600001BC600300115501BC600300115600900D
:10E67000303F00CC0F00B030430017A101AD5E85E4
:10E6800081EC0F0189600AF2979401BC60030810C5
:10E69000470392DE02F00FAF020480BF000F60015B
:10E6A000BC63FF1FE7F301BC61FF1FE80E03BFDE81
:10E6B00002F00FB101866002F597AC01BC601F0744
:10E6C000706501BC601F0FB06401BC60030037A11E
:10E6D00001BC60030017A300685A03000F9D01BC32
:10E6E00060030017A502035A0B000F6E02805A0B3D
:10E6F000000FAF00E9440AC017BB00E8C40F0017C1
:10E70000A4017BDEEEF497A400685A13000F7C038B
:10E71000BFDE02F00F790068DE87002F700203DE93
:10E7200053000FAF0203DA0B000F8400B05A0F0042
:10E7300017A400685A07002F7500685A2F002F751C
:10E7400001BC60030037A500685A13000F79006C04
:10E75000DE92D0AF7900B05A170017A401BC600355
:10E760000037A500201CBAF42F7C00685A1B000F4C
:10E770009703BFDE02F00F7F00885E870097BB0023
:10E78000201CBAF76FAF02015A0B000FAF006CDE0E
:10E7900092D0EF9700B05A1F0017A400201CBAF4C3
:10E7A0002F8301BC60030037A503BFDE02F00F9783
:10E7B0000202DA0B000F9D0204C107000FAF00B088
:10E7C0005A0F0017A400E85A2F0037BB0069DEEF8C
:10E7D000000F8A00E85A070037BB013C016F0017A1
:10E7E000800068DE03000F900138016F0017800081
:10E7F000685E03000F9300E85E030037BB03BFDED3
:10E8000002F00F9300E85E030037800080DE02D044
:10E81000378000E05EEE0DB7BB00685EEF000F973B
:10E8200000E05E92D017A400E85EEF0037BB03BFA4
:10E83000DE02F00F9300685E8F000F9A006B5E920D
:10E84000F44F9B03BFDE02F00F9D01BC6003003755
:10E85000A300B05E930017A200B05E970017A60059
:10E86000885E870037A100E0419701906500E04194
:10E8700093003064006D5E87020F6500685E8F0054
:10E880000FAF00B044670017A5017BDE962357A5A4
:10E8900000E85E8AF4B7A400885E9300E4DB009091
:10E8A0005E9301271D00B0012B0017A300689C7721
:10E8B000000FAA006E936EF46FAF03A65E02F00F16
:10E8C000AF00B05E9B00078500E9136EF467F300AC
:10E8D000E89C7700080E03BFDE02F00FB100681E4F
:10E8E0001700000203BFDE02F0105901BC610300F3
:10E8F00011230069203B000FB50180E006F29794D8
:10E9000003BFDE02F00FB70180E002F2979403BF6D
:10E91000DE02F0000200684127000FC60284452392
:10E92000000FB8006800A700AFBC006800A700CFC8
:10E93000BC006880A7010FBF00B044670017A100AA
:10E94000E84466F437A2006D5E8B004FBD0280C1C3
:10E9500027000FC10392DE02F010590392DE02F08D
:10E960000CE700025E02F014E700025E02F0113DC7
:10E9700000025E02F0113800025E02F0114801BC94
:10E98000600F0011E8031EDE02F00FCD01BC600332
:10E9900000105C01BC600300905D01BC605304107A
:10E9A0005E01BC600300105F03BFDE02F00FD10107
:10E9B000BC600B00105C01BC600300905D01BC609A
:10E9C0004304105E01BC600300105F01BC600300E3
:10E9D0000C1E01BC6003008020028500BF00106097
:10E9E00000B01FCF00115100B0203B001152006E4B
:10E9F0001FCE2A8FDA0068A03B000FDA00E01FCE9E
:10EA000023280F03BFDE02F00FFB00B044670008AD
:10EA10000F00E91FCE2A915100E8A03B00115201DE
:10EA2000BC61FF1F707701BC63FF1FF07601BC6003
:10EA3000031197A300025E02F0013400B0454B00C1
:10EA4000107700B0454700107601BC60030F17A394
:10EA500000025E02F0013401BC602F1AB06500B004
:10EA6000455700169100B0455B00169200B0440B6C
:10EA700000169300B0440F00169401BC63FF1FF111
:10EA80005201BC63FF1FF15101BC6003001155012D
:10EA9000BC600300115601AC607F02907502874193
:10EAA000D7000FEF00B041DB0003B100B041DF0041
:10EAB00003B200B0446700082D00B0446B00082C7E
:10EAC00000B0446F00082B00B0447300082A00E136
:10EAD0004464FE6C1A00E0C46901CC1B01BC6003F5
:10EAE00002315000B0454300180000686003000F79
:10EAF000FB01BC6003001040000080000000000229
:10EB00000480BF000FFF0312DE02F00FFB0068C598
:10EB10005700100701BC602F1AB06500B05A4700BB
:10EB2000115500B05A4B00115600B05A4F00110257
:10EB300000B05A5300110301BC60030017A701BCC9
:10EB400060030017A801BC600300006601AC607F91
:10EB50000F1075028741D700100900B041DB00118A
:10EB60005100B041DF00115200684547001010000D
:10EB7000E91FCE2A87F300E8A03B00080E0186605B
:10EB800006F597AC01BC600300107701BC60030080
:10EB9000107601BC60030F17A300025E02F001347F
:10EBA00001BC6003001150028445430010150207A8
:10EBB000C1E300101600B044670017A100685E862C
:10EBC0002330180182E0060F10780206C1E300101E
:10EBD0001A01BC600300402001BC60030000660114
:10EBE00086600620110001BC606300107B01BC60E0
:10EBF0001B00107A01AC607F029075028741D7003C
:10EC0000102100E941D876379C00E8C1DC76579B9B
:10EC100000B0303F0017A10080DE72F4379D00B0D5
:10EC200041B700179E0080DE6EF4379C00E15E76EF
:10EC30000DB79D00E0DE7300179C017D5E7AF3B78F
:10EC4000A1017D5E76F397A200905E730157A30049
:10EC5000E120B6F4311900E1A0B2F4511A00E1A0AC
:10EC6000AEF4711B00E0A0AB00111C00E10DAAF492
:10EC7000236A00E08DAEF4436B00B0441F0018001F
:10EC8000008844230157A30090442300D7A400B078
:10EC9000440B0017A100B0440F0017A200E95E86E4
:10ECA0002337A100E8DE8A2357A20069DE8B00101B
:10ECB0004100E1440AF4710200E0C40EF491030043
:10ECC000E85E230037880069DE2300103600E80084
:10ECD0002700378803BFDE02F0103601866002206D
:10ECE000110001BC600300402000E9306A2337A115
:10ECF00000E8B06E2357A20068DE8B00105001BC04
:10ED0000604F1117A3006DDE86F4705001BC6003E4
:10ED100000104001BC600300105D018260060BF032
:10ED20005F00D05E8700713401E1DE8A26913501F3
:10ED3000BC6303001133000080000000000182600A
:10ED4000020BF05F02865EB300105900681E1700C8
:10ED5000105901BC60430017A100E04466F43780FD
:10ED600001BC600300078900025E02F00EAF006C78
:10ED70004466F0105900681E2700105503BFDE02DC
:10ED8000F00F5B0200DE530010630180E002F29797
:10ED90009400025E02F0113B01BC600300104003CE
:10EDA000BFDE02F0105E00E044640957A103BFDE3D
:10EDB00002F0106301BC600300104000B0012F009E
:10EDC00017A100E0012AF4310900B0012F00110958
:10EDD00001BC61CF0C105C01BC600300105D01BC84
:10EDE00061CF01F05E01BC603B0AF05F00025E0291
:10EDF000F0114400025E02F0114B00025E02F011BD
:10EE00004101BC6003000785006D80A7008CE7000E
:10EE1000E044670477A10068DE8623306E03BFDE1E
:10EE200002F00CE701885E0610D08601025E070042
:10EE300017A101825E8610D0860002DE02F000007B
:10EE400000B00047001086010820470017810138F4
:10EE500052030017800102C0270017A600025E02BD
:10EE6000F015F80068204700507B00B054070017E9
:10EE70008000025E02F010700068204700308300BE
:10EE800068A04700107F021A54070010830103C0D6
:10EE9000270017A103BFDE02F010820106C03B006D
:10EEA00017A101825E8610D0860002DE02F000000B
:10EEB00000B054130017A10068DE4F16B08700B0F1
:10EEC00054130017A10200DE0700108F00B0418B21
:10EED00000106501BC600301D7A10068DE4F16B0C9
:10EEE0008C01BC60030297A100025E02F0160B00C9
:10EEF000E05E8400F7A103BFDE02F01094020480FC
:10EF0000F300109402025E0700109402805E070076
:10EF100010940090001B0037A200E85412F457A18F
:10EF20000002DE02F00000020400BF0010980002A0
:10EF30005E02F011E903BFDE02F0109900A044B6B2
:10EF4000F0B1450002DE02F00000020000BF001038
:10EF5000AA0068ABEF0010AA00E05EA30037A8008B
:10EF60006D5EA005D0AA00B02E2F0017A100025E92
:10EF700002F0012700B040670017A20068DEA3FF7F
:10EF8000F0A700B05E897197A2006D00A70090A65F
:10EF9000006DA0870050A803BFDE02F010A7006834
:10EFA000A0870010A800B85E897197A200025E02D7
:10EFB000F0012B01BC60030017A80002DE02F00084
:10EFC0000000D85A030117A201B85A06F457A2004C
:10EFD000B0560300083600B0560700083700B05698
:10EFE0000B00083800B0560F00083900B056130067
:10EFF000083A00E05612F4483B00B05A03000834C7
:10F0000001385E8B00083500B020EF0017A401BC6A
:10F0100060030017A200B0419300106500B85E9233
:10F02000D017A400E05E06F4506300F05E93001772
:10F03000A300F05E930077A400E05E8B0037A2008F
:10F04000B85E92F477A400E04192F4506500E05677
:10F0500002F4958000B056030017A4006EDE8B000A
:10F06000B0B800B85E92C0D7A200D85E8B0037A2BD
:10F0700000E020DAF4483600B020DB0017A400B826
:10F080005E92C0F7A200D85E8B0037A200E020DEBF
:10F09000F4483700D820DF0037A200E020E2F4482F
:10F0A0003800D820E30037A200E020E6F448390019
:10F0B000D820E70037A200E020EAF4483A00D82040
:10F0C000EB0037A200E020EEF4483B00B020EF0058
:10F0D00017A200B85E8AC017A200905E8B0037A20C
:10F0E00001BC5E8906A8350002DE02F00000018046
:10F0F00060063C91E4018760063CD1E601A860020D
:10F100003CD1E6018B60023CD1E600B05E8F00107E
:10F110006300B056030011E700B056070011E70086
:10F12000B0560B0011E700B0560F0011E701A960BF
:10F13000423C91E401A860023CD1E6018B60063CB0
:10F14000D1E600B05E8B00106301BC60030057A1E4
:10F15000020456030010E601BC60030117A100E0A1
:10F16000418EF4306300B056030011E700B056073B
:10F170000011E700B0560B0011E700B05E8B0010E5
:10F180006301BC600300B7A10204D6030010F001C4
:10F19000BC60030117A102065E530010F001BC60C1
:10F1A000030197A100E0418EF4306300B0560300E4
:10F1B00011E700B056070011E700B0560B0011E749
:10F1C00001BC60030017A10206DE530010FB00B073
:10F1D0005E8B00106302065E530010FA00A0563FDB
:10F1E00001F7A103BFDE02F010FB00A0563301F7C8
:10F1F000A100B05E870011E701BC60030011E700C9
:10F2000002DE02F0000000685E9B00D11801BC60C5
:10F21000070211E30068DE9B00510B00E8478701FD
:10F2200011E101BC60030011E201BC60030011E2C6
:10F2300001BC60030011E201BC60030011E201BCEB
:10F2400060030011E201BC60030011E201BC600335
:10F250000011E201BC60030011E200B06142F45110
:10F26000E000B058030011E200B058070011E200BE
:10F27000B0580B0011E200B0580F0011E200B05876
:10F28000130011E200B058170011E200B0581B0043
:10F2900011E200B0581F0011E200B05E9B0017A4FD
:10F2A0000068DE9B00B11601BC60030077A40192E8
:10F2B000DE930217A30002DE02F0000001BC60072B
:10F2C0000011E300B058030011E200B0580700112C
:10F2D000E200B0580B0011E200B0580F0011E2003C
:10F2E000B058130011E200B058170011E200B058F6
:10F2F0001B0011E200B0581F0011E200E00146F0CF
:10F30000106401BC60070031E300B058030011E253
:10F3100000B058070011E200B0580B0011E200B035
:10F32000580F0011E200B058130011E200B0581756
:10F330000011E200B0581B0011E200B0581F00118C
:10F34000E20192E01B0017A30002DE02F0000002BF
:10F350008740C300112D01866006F0103002864000
:10F36000C300112F00B040C70017810002DE02F079
:10F370000000028740C300113200B05E0700103168
:10F380000186E006F010300002DE02F000000068A6
:10F3900000A701978C03BFDE02F0114A00025E0253
:10F3A000F0113B00025E02F0114B0002DE02F000A1
:10F3B00000006800A701970F0002DE02F0000001C4
:10F3C000816006093049006800A700914000025E94
:10F3D00002F0114C0002DE02F0000000025E02F0BA
:10F3E000114C018160020930490002DE02F0000088
:10F3F0000188E00E09304900B0412700180000B034
:10F40000002B0010020002DE02F0000001BC6003CD
:10F410000010020182E0020F10780002DE02F0000C
:10F4200000006800A701978B00B041270017A100DA
:10F43000B0412701D04900B05E870017A100B05E3F
:10F44000870017A100B05E870017A100B05E87009B
:10F4500017A100B05E870017A100B05E870017A15A
:10F4600000B05E870017A100B05E870017A100B052
:10F470005E870017A100B05E870017A100B05E870D
:10F480000010490002DE02F000000100DE53001708
:10F49000A601BC60030037A103BFDE02F0115D00CE
:10F4A000025E02F00127018760060337A20068DED2
:10F4B0009B001161018760020337A200025E02F027
:10F4C000012B0002DE02F000000202411F00117653
:10F4D00002825E5300116801826006F2979400B0C8
:10F4E000446700180000B0446B00081B00B044677C
:10F4F00000180000E844690377A4006800A70091A1
:10F500006B006DDE9300517000E044670317A303A6
:10F51000905E02F011730285C5230011730068DE4E
:10F520008E23316D01BC600302104701BC600300F3
:10F53000904301826002F2979401826002F5B7ADB8
:10F54000006800A7009176006800A700B17600026D
:10F55000DE02F000000201C11F00118902855EAFCA
:10F5600000117C01856006F577AB00B044670008A8
:10F570001E00B0446B00081F00E9446503D7A100DA
:10F58000E8C46903F7A200D05E870077A101E1DE3D
:10F590008AF437A200E95E862697A100E8DE8A2673
:10F5A000B7A200695E8B00118901BC6103001133B1
:10F5B00000E144DAF4313600E144DEF451370185EC
:10F5C0006002F577AB01BC600301104701BC60032A
:10F5D0000050430002DE02F000000201AE270011DD
:10F5E0008C0284C52300119601BC600F0C106500CD
:10F5F000E0419571306502002E2700119000E04136
:10F600009700B06501BC600F0D17A1006E4196F424
:10F61000319400E15A0229368000E0DA07001681B1
:10F6200001BC6003000B8901BC60030011490002AA
:10F63000DE02F0000000B0451F00178100B005B7E2
:10F640000017A601BC600704106401BC60131B9086
:10F650006501BC60030017A10205DEAF0011B10017
:10F66000B0580F0017800068DE842C31A100E058EC
:10F670002300360803BFDE02F011B902005E9B00D2
:10F6800011B10280DA030011A70118581F00178278
:10F6900000E05E0B00378201985E0AC0F60703BFE8
:10F6A000DE02F011AA011A581F00178200E05E0B5B
:10F6B000003782019A5E0AC0F60701F0DE030037C8
:10F6C0008000A05E02C0578000B05E0300160300F9
:10F6D000A044B6F0178200B05E0B00160500E05E95
:10F6E0000AC0960603BFDE02F011B900B05813003D
:10F6F000178200E85E06F057A5006ADE970011B792
:10F7000000E85816F4B6050069D8170011B701BC17
:10F71000600300160500B058170017A500E0581246
:10F72000F4B60600E0419302106400E0419706D071
:10F730006500E05E870037A100905E9B0037A60061
:10F7400068DE8700919C01BC600300114701BC602A
:10F750000300016D0002DE02F0000001BC60030046
:10F76000016C01BC600300016D01BC60070A1064FC
:10F7700001BC60030077A100B0428F00178000A099
:10F780005E0301F78000B05E0300016E01BC63FF01
:10F790001FF7A20068DE030011CB01BC6003001755
:10F7A000A200886006F43781002005BAF031D0004D
:10F7B00068DE8AC0D1D000E005B300216C00B0053E
:10F7C000B6F0216D00685E030011D400205E06F0E3
:10F7D00011DA006EDE8AC0D1DA03BFDE02F011D585
:10F7E000006DDE8AC0D1DA00B05E870017A300B0DA
:10F7F000419300016600B0581B0017A201BC6003D2
:10F8000000016C01BC600300016D00E8419302102F
:10F810006400E85E870037A10069DE870011CB0035
:10F82000B05E8F0001650002DE02F0000000B0054E
:10F830009B00106400B0581B00114500B0059B00F0
:10F84000016200B0059700016100B0580F001785F4
:10F8500000B0580700178300B0580B001784011838
:10F86000581F00178C011A581F00178D0002DE0266
:10F87000F0000000B0058B001064006E41932A1167
:10F88000F600A044B6F0B7A100B05E8700160500F0
:10F89000E05812F4360600B0581B00114502000073
:10F8A000F30011F3006D41932811F30200DEAF0065
:10F8B00011F301BC600B02514200B05E8700016F82
:10F8C00002015EAF0011F600B05E17001603018161
:10F8D0006002F577AB0002DE02F000000201452372
:10F8E0000012010287C49300120101826002F5D761
:10F8F000AE02012C230011FE00E02C2B002B0A018C
:10F90000816001610B0802065EB700120100E02A67
:10F91000D7002AB501866002F5B7AD0002DE02F01D
:10F920000000020200BF00120F00025E02F0123758
:10F930000202DEB30012070068428F000F2503BFEA
:10F94000DE02F00002028881AB00120F02845EFF2B
:10F9500000120502845EB30012050282DEFF00126F
:10F960000502822B2F00120D00682A9B00120F0245
:10F9700084DEAF00120502845EB700120500B05E9F
:10F98000870017A10002DE02F000000182E002F50C
:10F9900097AC0203DEFF00121902844523001219FE
:10F9A00002012B2F0012190180E006F29794000249
:10F9B0005E02F0114C0180E002F2979400025E02B8
:10F9C000F0114C0180E002F297940201AC23001187
:10F9D000360181E001610B0803BFDE02F01138023D
:10F9E0000400C70012270206ABD30012210284C50F
:10F9F000AF00123503BFDE02F012220284C56F0091
:10FA000012350284452300122402004203001235FD
:10FA100000685E4B04B23500685E4B06B235006884
:10FA20005E4B0632350182E006F597AC0284452331
:10FA300000122A0323DE02F0122B0183E006F59761
:10FA4000AC0180E006F29794028400C700113600F2
:10FA5000B02AD70017A2006DDE8955113602872B18
:10FA60002F00123202005EFF0011360207AB2F009A
:10FA700011360181E005610B0803BFDE02F0113889
:10FA800003BFDE02F011360002DE02F000000202C7
:10FA900000BF00144D0206ABD30012440104C1079D
:10FAA0000017A101855E85610B0802042C2300125A
:10FAB0004401846001610B0801BC60370017A2019A
:10FAC000BC60031417A100B045E300180000B04566
:10FAD000E300180000B045E300180001BC62030019
:10FAE000107701BC60031B507600025E02F0013EFD
:10FAF00000682AEB00124900E844655757A101BC91
:10FB000063F71D17A2006D5E86F4524900E8446653
:10FB1000F44ABA006CC46556724B00E84467002A88
:10FB2000B30206ABD3001250006DC46701524E0100
:10FB3000BC6003000B100284C5AF0012BD03BFDE22
:10FB400002F012510280456F0012BD020701AB00A6
:10FB500012530180600209D04E01BC63FF1FF7A160
:10FB60000068C586F4325601BC6003000ABD020479
:10FB7000DEB700144D0184E002F5B7AD0184E00169
:10FB8000610B080202DEB30012740206ABD300124E
:10FB9000650068AAF700925D00682B0300125E03FF
:10FBA000BFDE02F01263018B600E2B915C0287AB0B
:10FBB000D30012620182600209D04E03BFDE02F060
:10FBC00012630182600609D04E00025E02F012113B
:10FBD00003BFDE02F01267018360062B915C000216
:10FBE0005E02F012110204DEAF0012740282DEBB6C
:10FBF0000012740068AAF700926C0106AB17001798
:10FC0000BB0068DEEF001270028480C7001274002F
:10FC100068AAF700326F006CC4655672730068AA58
:10FC2000F700927400682B0300127400E845895AAB
:10FC3000F7A1006D5E856052740186E005610B08D6
:10FC400002835EBB00127A0206ABD300127800E892
:10FC500045C95AF7A103BFDE02F0127900E84589D1
:10FC60005AF7A1006E5E8554B2970205DEB7001206
:10FC70009300E02B97002AE501BC6003000AE7002F
:10FC8000682C4700127F00E82C47002B110186608A
:10FC900002F5B7AD0204DEFF00128900B02B9B0015
:10FCA00017A200B02A9B0017A10283AC270012867E
:10FCB00000682C87001287006D5E8564328700B073
:10FCC0002C7F0017A2006D2B96F452890184E0026C
:10FCD000F7F7BF0206DEFF00129300E02BC7020A0F
:10FCE000F100B04467000AFC01182BC70017A101FE
:10FCF0001A2BC70017A2006E5E87001291006DDEFE
:10FD0000895E529103BFDE02F0129301BC600300D2
:10FD10000AF10186E002F7F7BF02025EFF00144D10
:10FD20000068AAEB00144D00B02AC7000ABA03BF4E
:10FD3000DE02F0144D0182E002F7F7BF02862C23A9
:10FD400000129F0068B05B00129B0068305F0012D9
:10FD50009F00E9446582D7A600E8C46982F7BB002A
:10FD6000E10EE2F4C3B800E08EE6F763B902025E8A
:10FD7000FF0012A7020600C70012A402802BD300C6
:10FD800012A400B02B2B0017BB006E2B02F7744D92
:10FD900002025EFF0012A700B04467000ABA03BF68
:10FDA000DE02F0144D0205DEB70012B500682AF736
:10FDB0000872AA00E8446555CAB600682C470012CC
:10FDC000AC00E82C47002B1100E02B9F002AE70035
:10FDD000B02BA30017A100B02A9B0017A20283AC8E
:10FDE000270012B200682C870012B3006D5E896490
:10FDF00032B300B02C830017A1006D2B9EF432B5F6
:10FE000001BC6003000AE50068AAF700B2B800B0C0
:10FE10004467000AEF00B0446B000AF30068AAF7D9
:10FE20000132BC00B04467000B0B02062BD300125A
:10FE3000BC00B02C7B010B1E03BFDE02F0144D0290
:10FE40000701AB0012BF0180600609D04E0204DE3C
:10FE5000B70012C80283C5730012C201876006F59D
:10FE600077AB0282DEB300144D0203C57300141C8D
:10FE700000E844655637A1006D5E8555B44D018399
:10FE80006006F5D7AE03BFDE02F0144D00E10ED3DD
:10FE90000023B400E08ED70003B502862C230012A5
:10FEA000CD00B04467000C1600B0446B000C170284
:10FEB00006AC230012D001846002F5B7AD0186E0E4
:10FEC00001610B080206ABD30012D701BC6003002E
:10FED0000AD7006D45C71F52D400B045C7000AD7E6
:10FEE00000E044655AF7BB00E85EEE2E2AB103BF7E
:10FEF000DE02F012DC01BC6003000AD7006D45870A
:10FF00001F52DA00B04587000AD700E044655AF76F
:10FF1000BB00E85EEE2C2AB101836002F5D7AE018A
:10FF200084E006F5B7AD0185E002F5B7AD0182606A
:10FF300002F7F7BF01856002F5B7AD01BC600300B1
:10FF40000B0500E844655637A1006D5E855DD2E281
:10FF5000006D5E8555B2E600E02B63002AD800B044
:10FF60002A930017B30206ABD30012F501BC60035D
:10FF700001917800B045E300180000B045E7000AA1
:10FF8000C401BC600301B17800B045E30018000073
:10FF9000B045E7000AC501BC600301D17800B04557
:10FFA000E300180000B045E7000AC601BC60030189
:10FFB000F17800B045E300180000B045E7000AC73B
:10FFC00003BFDE02F0130101BC600300117800B032
:10FFD00045E300180000B045E7000AC401BC600317
:10FFE00000317800B045E300180000B045E7000A92
:10FFF000C501BC600300517800B045E30018000063
:020000041004E6
:10000000B045E7000AC601BC600300717800B04546
:10001000E300180000B045E7000AC70182E0016173
:100020000B080207AB1B0013040182E005610B08FB
:1000300000B02B170017BB01285EEF000ABD01BC02
:1000400060131C57BB02182B1B00130B01182B1B32
:100050000017A60080DE9AF777BB00B041B7001703
:10006000B301342B1B0017A201182B1B0017A30090
:10007000682AF70033180068AAF700931100685E39
:100080008F00731A03BFDE02F0131800682AF7010D
:1000900033170068AAF70053150068DE8B00731948
:1000A00003BFDE02F013170068AAF700731A006896
:1000B000DE8B00D31900685E8F00331A00685E8FF4
:1000C00000131A018760055E8AF402032BD3001324
:1000D0002200682AF702D31D0068AAF702B32201A2
:1000E000BC60131C57BB0234AB170013220134ABA6
:1000F000170017A60080DE9AF777BB00B041B70063
:1001000017B302022C270013240186600560AB059B
:10011000006E2AF701F3280088600557B7BB00205E
:10012000DEED5C532B03BFDE02F0132E00E82AF74E
:100130000217BB00886006F777BB00205EED5C739A
:100140002E01856006F5B7AD020480C300132E01B1
:1001500084E00560AB05006E2AF701F33500886086
:100160000557B7BB00205EEF019333018660016045
:10017000AB050068AC470013390020DEED5A933818
:1001800003BFDE02F0133900E82AF70217BB00882C
:100190006006F777BB00205EED5AB3390184600535
:1001A00060AB050068AAF702F342010DAB17001718
:1001B000A1010EAB170017A200685E870013420072
:1001C000E05E86F457A100E05E87080ABD01866004
:1001D0000160AB0500682C47001342018460016098
:1001E000AB0502032BD300134E018360015AAAD53D
:1001F00000682AF702D3490068AAF702B35E0068D4
:10020000AAE700134C0068AB2300134C0282DEBB4C
:1002100000134C02072B1B00134C0184600560ABDC
:100220000503BFDE02F0135E0283C57300135E0098
:10023000025E02F015BE0068AAF702B35E01836099
:10024000055AAAD500E02C8F002B2301856002F50A
:10025000B7AD0068AAE700135E0068AB2300135E29
:100260000282DEBB00135E00B02AC30017A2013475
:100270002B1B0017A1006EDE8706135900B02ABFA2
:100280000017A2006E5E8964735E01BC6003000B00
:100290002301BC6003000ADA01856006F5B7AD01F1
:1002A00084E005610B080068AAF700B36802075EE6
:1002B000FF00136801342B1B0017A3006DDE8D6057
:1002C000336800685E8F0013680283AB1700136603
:1002D0000183600560AB0503BFDE02F0136800B068
:1002E0002BDB000AF000B0446B000AF70068AAF7A5
:1002F0000133770202AC2700136B0186E00560AB87
:10030000050281ABD300137701BC6003000ADA0059
:10031000682C2F00137700E844656177A1006D5EBB
:100320008561937400B02C330017A200E05E8961F0
:10033000B7A2006DDE86F453760200AC230013777B
:100340000185600560AB0503BFDE02F01377018015
:10035000E001610B080068AAF701137A00B02AC710
:10036000000AD10187E006F7F7BF0207DEFF00139E
:100370007C0181E00560AB0500682AF7003381004D
:10038000682AF701F38102852BD300138000682AC5
:10039000F70313810068AAF700939201826006F7C1
:1003A000F7BF00B02AC7000AB90068AAF70313888C
:1003B00000682B2300138800B00013000ABD00B0B2
:1003C0002B7F000AC003BFDE02F013910068AAF77A
:1003D000009392011C2B17000AC00106AB170017EF
:1003E000BB00685EEF00138F01BC6003006AC300AE
:1003F000B02C7B004B1E03BFDE02F0139100A82C33
:100400007B004B1E01BC6003008AC300B02AC700FA
:100410000AC80202DEBB00139F0284DEFF001395B0
:100420000206DEFF00139F00B02AD70017A2006D5E
:10043000DE8955139E00B02B9B0017A200B02A9BAB
:100440000017A10283AC2700139C00682C870013BF
:100450009D006D5E8564339D00B02C7F0017A20067
:100460006DAB96F4539F0182E00560AB050286AB4D
:10047000D30013AD0088600557B7A10020DE856367
:1004800093A500E82AF70217A100886006F437A1B7
:1004900000205E8563B3AB00682C6F0013AB0134A2
:1004A0002B1B0017A2006E5E8B0293AA00B02C7B60
:1004B000002B1E03BFDE02F013AB00A82C7B002B29
:1004C0001E0068AAF702F3AD00B04467000B1B00E2
:1004D000E05ECD54B7B301826002F5D7AE00B02C18
:1004E0002B0017A100B02AD70017A2006D5E895516
:1004F00013B402865EB70013C503BFDE02F013B665
:10050000006D5E855FF3CA02812C230013C501BC18
:10051000601F07706501BC601F11506401BC601F43
:1005200011D7A400685A030013C10088580300F7CC
:10053000A30134D8030017A200E95E8E2337A3017C
:10054000C3E0022357A500E8DE8AF4B7A20068DE04
:100550008B0013C1006EDE8EF673C500E041930080
:10056000306400E04197019065006D4192F493B9C9
:1005700003BFDE02F013CA00682AF70093CA0068BE
:100580002AF70053CA00682AF70073CA018260067E
:10059000F5D7AE00025E02F015BE01BC60131C5719
:1005A000BB01342B1B0017A20080DE8AF777BB004B
:1005B000B041B70017A200682AF70053D700682A95
:1005C000F70253D700682AF70273D700682AF700AA
:1005D00073D700682AF70853D700682AF70873D73B
:1005E00000682AF70893D700682AF703D3D703BF18
:1005F000DE02F013E60185E006F5B7AD00685E8B1C
:100600000013E100B05E8B000AA60182E006F5D778
:10061000AE00682C8B0013DE006E5E896453DE0131
:1006200081600563CB1E00E02BAB002AEA006E5E02
:10063000896013E10182600560AB0500E8446556FE
:1006400037A100B044670017A300682AF70893E5B4
:1006500000E85E8EF42AAE01846002F7F7BF0282E2
:10066000DEB300144D0203C57300141C00B02AABA6
:100670000017A200B02AB30017A30068AAF70093DE
:10068000F602802BD30013F600B02B030017A10055
:100690006D5E855873F20180E00560AB0500682B44
:1006A0004F0013F201BC6003000ABC00025E02F0BE
:1006B000159B00685E870013F600682BE70013F6B1
:1006C00000B02BE70017A200B02BEB0017A30068C7
:1006D0005E8F0013FF00682AEB0013FF00E84465FB
:1006E0005757A100E05E8EF457A2006D5E86F4536A
:1006F000FF0181600560AB0500682B4F0013FF010F
:10070000BC6003000ABC00025E02F0159B0281ABD4
:100710002F00140402005EFF0014040204452300AD
:10072000140403A0DE02F014040183E00560AB05AD
:100730000281AC2700141C02862C1700144D02867F
:10074000AC1700144D028080BF00144D02825EBBC6
:1007500000144D02822BD300141C0281AC1700142C
:100760001C0280AC1700141C02812C1700141C0200
:10077000822C1700141C028881AB00141C0282AC6E
:100780001700141502832B1700141C02832C17006A
:10079000141502852C1700141502842C1700141C44
:1007A0000284AC1700141C0283AC1700141C0284D2
:1007B0005EB700141B0204DEAF00141B0281DEBB17
:1007C00000141B0184E002F577AB00025E02F01515
:1007D0009F03BFDE02F0144D00E844655637A100C8
:1007E0006DDE8554B4280206ABD30014210183E0EA
:1007F000022B915C03BFDE02F0144D0183E0022B5B
:10080000915C01BC600318517800B045E30018000A
:10081000018360022F317900A84138F9D7A100B0D7
:100820005E84FE704E03BFDE02F0144D028101AB08
:1008300000142C020081AB00143702842C17001422
:10084000370280AC170014370206ABD30014350012
:100850006BAC4223343000E04467014B10018B60E5
:10086000022B915C0287ABD300143301826006092E
:10087000D04E03BFDE02F014340182600209D04E74
:1008800003BFDE02F01436018360022B915C03BFCC
:10089000DE02F0144D0206ABD3001440006BAC42F4
:1008A00023343B00E04467014B10018B60022B9125
:1008B0005C0287ABD300143E0182600609D04E0370
:1008C000BFDE02F0143F0182600209D04E03BFDE9A
:1008D00002F01446018B60022B915C01BC6003188E
:1008E000517800B045E3001800018360022F317990
:1008F00000A84138F9D7A100B05E84FE704E000216
:100900005E02F0121D02845EB700144D02832BD3E9
:1009100000144A00682AF702B44D0184E006F57716
:10092000AB00E02B27002AC903BFDE02F0158700C9
:1009300002DE02F000000185E002F5B7AD01836040
:1009400002F5D7AE0182E002F5D7AE0182E002F7F0
:10095000F7BF0184E002F7F7BF01BC6003000AD3D0
:1009600001BC6003000AC801BC6003000AC001BCEE
:100970006003000AEA018760015F6AFB01BC600353
:10098000000C1601BC6003000C170181600163CBF1
:100990001E0002DE02F00000020200BF0014B202DC
:1009A00083DEFF0014DA0183E006F7F7BF018560FC
:1009B000060B705B018560060BF05F0206ABD3008F
:1009C000146601BC600302116D00B02A9700116E1D
:1009D000028045AB00147A03BFDE02F0146901BC4B
:1009E000600302115D00B02A9700115E0280456B22
:1009F00000147A0206ABD3001473006BAC422334AC
:100A00006D00E04467014B10018B60022B915C028A
:100A100087ABD30014700182600609D04E03BFDE9D
:100A200002F014710182600209D04E0188600E2D1F
:100A3000516A03BFDE02F0147A018B60022B915CD5
:100A400001BC600318517800B045E3001800018331
:100A500060022F317900A84138F9D7A100B05E8437
:100A6000FE704E0188600E2B515A00B0413F1FF0BE
:100A70004F00682ABB00148001846006F7F7BF01AD
:100A8000BC602F1717A300E04466F46AB401BC6091
:100A900003000AAE00025E02F0144E00E844695FF3
:100AA000D7A1006EDE8700348A00B02BD7000AF091
:100AB00001BC6003000AEF00682AEB00148A00B052
:100AC0004467000AB900E84465554ABA00B02AB341
:100AD0000017A100E82AEAF42ABA028080BF0014B5
:100AE000970281DEBB0014A80206ABD300148F026C
:100AF00004C5AF00149703BFDE02F0149002004556
:100B00006F0014970283C5730014970206ABD300DD
:100B1000149501BC63FF1FF7A10068C5C6F434A893
:100B200003BFDE02F0149701BC63FF1FF7A100684A
:100B3000C586F434A80206ABD300149E018B600E68
:100B40002B915C0287ABD300149C0182600209D018
:100B50004E03BFDE02F0149D0182600609D04E03F1
:100B6000BFDE02F014A4018B600E2B915C01BC600F
:100B70000318517800B045E3001800018B2B2E2F8D
:100B8000317900A84138F9D7A100B05E84F9B04EA0
:100B90000184E002F5B7AD0184E002F577AB018591
:100BA000E001610B0803BFDE02F015920206ABD331
:100BB0000014AB00025E02F0121D03BFDE02F0144F
:100BC000AD018360022B915C00025E02F0121D01F8
:100BD00084E006F5B7AD0184E006F577AB0206AB1D
:100BE000D30014B101846005610B0803BFDE02F07D
:100BF0001592018D60020BF05F0206ABD30014B6B4
:100C00000188600E2D516A03BFDE02F014B701881F
:100C1000600E2B515A028181AB0014C80206ABD37F
:100C20000014C1006BAC422334BC00E04467014BAC
:100C300010018B60062B915C0287ABD30014BF01BF
:100C400082600209D04E03BFDE02F014C001826050
:100C50000609D04E03BFDE02F014D7018B60062BCD
:100C6000915C01BC600318517800B045E3001800A6
:100C7000018360022F317900A84138F9D7A100B073
:100C80005E84FE704E03BFDE02F014D70206ABD3C3
:100C90000014D1006BAC422334CC00E04467014B1C
:100CA00010018B60022B915C0287ABD30014CF0143
:100CB00082600609D04E03BFDE02F014D0018260CC
:100CC0000209D04E03BFDE02F014D7018B60022B65
:100CD000915C01BC600318517800B045E300180036
:100CE000018360022F317900A84138F9D7A100B003
:100CF0005E84FE704E0184E002F5B7AD0184E0022F
:100D0000F577AB00025E02F0144E0002DE02F00046
:100D10000000B0446B000AFE0202DEB30014E702DA
:100D200006ABD30014E5018360062B915C0287AB10
:100D3000D30014E20182600209D04E03BFDE02F04C
:100D400014E30182600609D04E00025E02F0121127
:100D500003BFDE02F014E7018360062B915C000202
:100D60005E02F0121101866005610B08020200BFED
:100D700000150C0183E002F7F7BF0203C5730014EE
:100D8000FC020080BF0014FC0206ABD30014F50087
:100D90006BAC422334F000E04467014B10018B60E0
:100DA0000E2B915C0287ABD30014F3018260020921
:100DB000D04E03BFDE02F014F40182600609D04E6B
:100DC00003BFDE02F0150B018B600E2B915C01BCA2
:100DD000600318517800B045E3001800018B2B2EFA
:100DE0002F317900A84138F9D7A100B05E84F9B05D
:100DF0004E03BFDE02F0150B0206ABD30015050053
:100E0000E0446700B7BB006CC466F774FE018B60FA
:100E1000022B915C0287ABD30015030182600609A7
:100E2000D04E03BFDE02F015040182600209D04EED
:100E300003BFDE02F0150B018B60022B915C01BC3D
:100E4000600318517800B045E30018000183600288
:100E50002F317900A84138F9D7A100B05E84FE7027
:100E60004E0182E002F597AC0002DE02F0000001C4
:100E7000BC60030037A20020E3FE0915680020E0F3
:100E8000420D956802845EB300156802804203003B
:100E900015680284452300156803915E02F0156809
:100EA0000068AB4F0015680282DEFF00156800681D
:100EB0002ABB00151900E8446555D7B900E82A9AFD
:100EC000F737B902805EFF00159B020180C700154D
:100ED0009200B02AD70017A1006DDE855515920249
:100EE00082DEB30015680203C57300154902048051
:100EF000C700154900685E8B00152E0284AC2300E4
:100F0000152E0203C5730015490202ABD300152547
:100F100002855EBB0015260282DEBB00154900B0CB
:100F20002B830017A1006EAB6AF4352E0203C57344
:100F300000154900682A9B00152D00682ABB001582
:100F40002E006ADEE554F549006ADEE55A5549008F
:100F5000682AE700154902941DF30015310203DEEB
:100F60005300153603BFDE02F0153401141DF300E3
:100F700017A600901CBAF4D7A602005E9B00153697
:100F800000B02B87000AA703BFDE02F0159201BC58
:100F9000600302579201BC63FF1FF0C301BC6003F2
:100FA0000910E301865E8A1C70E3018460061C70F0
:100FB000E300682AEF00153D0185E0061C70E3019F
:100FC000BC600303978200025E02F0157200B05409
:100FD000130010E400E043915B30E401BC600300C7
:100FE00010EE01BC63FF1FF0CE00E02AEF002ABB29
:100FF00001BC61030077A601141DF30017A200B025
:101000005E8B000C1801BC610303EC1903BFDE0208
:10101000F0156202845EB700156801BC6023089079
:10102000E600025E02F0016A00B05ECF0010E4004C
:1010300068AAF70035520205AC2300155200E82AD1
:10104000CE2337A3006DDE8E1C955200B05E8F005C
:1010500010E400682A9B00155A00B02ADB0010E457
:101060000206ABD30015570284C5AF00155A03BF63
:10107000DE02F015580280456F00155A00695EE7E0
:1010800000155A00E05EE556D0E40282DEBB001592
:101090005E00682AF700155E00E10EDA1C83B600D8
:1010A000E08EDF0003B701BC600301D78200025E5F
:1010B00002F0157201BC61030077A603BFDE02F0E7
:1010C000156200B0004700108600025E02F015F8BD
:1010D00000025E02F010700190600A09104801845D
:1010E0006006F597AC00B05E9B0010800002DE0247
:1010F000F0000002805EFF00156D0281DEBB00156E
:101100006D020180C7001592020480C7001592018C
:10111000806002F7F7BF0280C28F0015930201DEE4
:10112000BB00159301BC60030017A203BFDE02F0F1
:10113000150E00685E4B0635790285DEFF001580CE
:1011400000B02B370017A1006DAAEEF4358001BC6A
:10115000600301378000B02B3B0017A1006D2AEE21
:10116000F4357B02812BD300157B01BC6003017732
:101170008001BC600300378100025E02F001430180
:10118000D2DE0AA030E000B0540B0010E103BFDE55
:1011900002F015860280ABD300157901BC60030113
:1011A000578001BC600300178100025E02F001431A
:1011B00000B054070010E000885E0B0070E10002F0
:1011C000DE02F0000000682AF30015920204DEAF90
:1011D00000159200E844655797A4006E5E9154F59F
:1011E0009200885E930037A4006D5E9154F59200E2
:1011F000025E02F015E303BFDE02F0159F00E84433
:10120000655797A400885E930037A400025E02F041
:1012100015E303BFDE02F0159F0284DEAF001596D2
:101220000181E002F5D7AE03BFDE02F0159F006832
:101230002B6700159B00E044655B2AD300682B6B8D
:1012400000159A00E044655A4AD30002DE02F0001D
:101250000001806006F7F7BF00682AF300159F00C1
:10126000E844655797A400025E02F015E30184602C
:1012700002F597AC01BC6003000ABC01BC6003002E
:101280000AD301BC6003000ABB0104DEAF0017A152
:1012900001845E86F5B7AD0284DEAF0015A801803B
:1012A00060060D906C0002DE02F000000285AC23A7
:1012B0000015BD0203C5730015BD00B02A8F0017CD
:1012C000A30202AC230015AD00B02AAF0017A302A1
:1012D00002DEBB0015AF00B02A8B0017A300E0446C
:1012E00066F46AB30185E005610B0800B04467004D
:1012F0000B030206ABD30015B7006BAC422335B627
:1013000000E04467014B100183E0022B915C03BFB6
:10131000DE02F015BD0183E0022B915C01BC60038D
:1013200018517800B045E3001800018360022F31A6
:101330007900A84138F9D7A100B05E84FE704E0054
:1013400002DE02F000000202DEB30015C90206ABA5
:10135000D30015C7018B600E2B915C0287ABD300C5
:1013600015C40182600209D04E03BFDE02F015C52C
:101370000182600609D04E00025E02F0121103BF26
:10138000DE02F015DB018360062B915C00025E0239
:10139000F012110203C5730015CE0284DEAF0015F2
:1013A000CE0281DEBB0015CE02805EFF0015CE02AC
:1013B000045EB70015E20206ABD30015D5018B60C1
:1013C0000E2B915C0287ABD30015D301826002091A
:1013D000D04E03BFDE02F015D40182600609D04E64
:1013E00003BFDE02F015DB018B600E2B915C01BCAC
:1013F000600318517800B045E3001800018B2B2ED4
:101400002F317900A84138F9D7A100B05E84F9B036
:101410004E0183E001610B0801846006F5B7AD0160
:1014200084E002F577AB01BC6003000ABB01846075
:1014300002F597AC0185E001610B080186E00161CE
:101440000B080002DE02F0000000682B5B0015E5CF
:1014500000B02B5B0017A4006D5E915555E700B0FE
:101460002AAB0017A400882B070037A500E82B0A39
:10147000F4AAC200885E930037A400E02B0AF48A25
:10148000C200902B0B00AAC100B02B07000AA700D6
:1014900002DE02F0000003A0DE02F015F1020042BD
:1014A000030015F100025E02F00D2F0183E00561DB
:1014B0000B0801846002F5B7AD0184E006F577AB57
:1014C00001BC6003000ABB01846002F597AC00B068
:1014D0004467000ABC0002DE02F00000010C8143F8
:1014E0000017A101BC600300508A00685E07001667
:1014F000020068DE8700360201BC600300B08A008B
:10150000685E070036020282DE0300160201BC603C
:101510000300908A0283DE0300160200E0600AF4F2
:10152000D08A00685E0700160A0190422AA1308A1C
:1015300000685E0700360A0190422AA0108A01095D
:10154000DE030017A2018F5E8A11508A00685E8B4D
:1015500000160A0191E00E11508A0002DE02F0002E
:10156000000109DE030017A400E05A06F497A50065
:10157000905E96F497A50203DE030016120282DE47
:101580000300161201BC61EF0857A60080DE96F436
:10159000D7A50116DE870017A300885E870077A114
:1015A00000E15E8702D7A100E0DE8F0017A301BC37
:1015B00060030017A2020E5E0300161901BC60034F
:1015C0000037A200905E96F457A50080DE96F437AF
:1015D000A100E141B7FFF7A600E1DE8701F7A10016
:1015E00080DE96F477A300E1DE860DB7A100E0DE91
:1015F0008F0017A3017A5E86F477A100885E86F4D7
:1016000057A100B05E870017A20287DE03001626EE
:1016100000885E870057A103BFDE02F01633028701
:101620005E0300162D01BC639B0CD7A50080DE86EF
:10163000F4B7A100E141B7FFF7A500E0DE8700178E
:10164000A100885E870057A103BFDE02F0163300B9
:10165000885E870057A101BC639B0CF7A50080DE64
:1016600086F4B7A101BC62030017A500E141B6F4FE
:10167000B7A500E0DE870017A100E05E8400D7A1D7
:101680000002DE02F0000002001FF70000120282DA
:10169000DE5300163B0188600204902400E0209293
:1016A000F3082400E8208EF3082303BFDE02F00BCA
:1016B0003701B8601604902401BC600301D02503F3
:1016C000055E02F0164C0287C037000C9E0386DED2
:1016D00002F00CA100025E02F01236035CDE02F0A2
:1016E000163D00D8409B0117A100E05E87023798A5
:1016F00000A85E630077980102DE530017A1018203
:10170000E002F297940188DE84FFA7FD006EA08EB0
:10171000F3164C00E85E6301D02501B86006049022
:101720002403BFDE02F0000201816004FFA7FD0177
:10173000B8600A04902403BFDE02F0000202285EB3
:101740008700166200B041930017A400E0419300A7
:101750007064010A5E870017A200E84192F45063AA
:1017600001185E870017A100E86042F437A20088E4
:101770005602F436000068418EF4965E00E8418F10
:1017800000306300E8419300306400685E8B02160D
:101790005600905602F457A300B05806F4760103A1
:1017A000BFDE02F0165600684192F4966200E841EE
:1017B0009300306401BC600300160003BFDE02F03A
:1017C000165E00B05E870017A10002DE02F0000086
:1017D0000180600286143000B050CB0010650138E3
:1017E00050830017A10068DE3B06366A00E05A33DA
:1017F00000368C006EDA32F4201200B05A0B00175B
:10180000A201BC63FF1FF7A300B050CF001064001B
:101810006EDA32F4366F00B05A370017A300B058B2
:101820001300178201BC600300160401BC601B1F7B
:10183000D7B60102D0C70017A100E04196F4306589
:1018400000E050CB00D06401BC60030017B401BCC1
:10185000600300178001BC600300378101876004CA
:101860000310A0009052330097A400E0418701B715
:10187000B500685ED2F0569600E05EDAF69063003E
:1018800020D802F0368A020250C700169000905607
:10189000030097A100E85E86F497A1019E6002F420
:1018A00037A1006DDE87081690010A5E870017A237
:1018B00001DA6002F437A100E05ED6F450630088DC
:1018C0006006F437A100205602F4369000B05802AA
:1018D000F0360000E05A2B00368A006ADED2F47639
:1018E0008C0068DED2F0169100E05E0300378000C5
:1018F000685E030036910186E0040310A003BFDE9A
:1019000002F01691006ADED2F4768C00E05ED3001D
:1019100037B400D05E0700378102985ED300167B93
:1019200000E0419300306403BFDE02F0167B0068E4
:101930005E0300001203BFDE02F006CC0282D0C7B5
:101940000016A000B02A370017A101B82A32F436D9
:101950008401025013001685013C50830017A1003A
:10196000B050A70017A4006D5A32F436A90182E0E6
:10197000068634310288502B0016A500B05A330079
:1019800017A1019E5E8684F42701836006863431A8
:101990000002DE02F0000000B050730017A101B891
:1019A000506EF436840106D00700168500B050ABA7
:1019B0000017A400D06006C0978000E0419700D7D0
:1019C000B5010A58130017A100E05ED6F437B50040
:1019D000B0580F001063011656030017810068D835
:1019E000130016BE011400630017A10068DE870013
:1019F00016B40088013B01168003BFDE02F016B961
:101A00000068DE870076B700A0013BE0168003BFC8
:101A1000DE02F016B900E05E8709706200885403A8
:101A200001168000E85A0330168001BC60030016DE
:101A30008101BC600300168201BC600300168303B1
:101A4000BFDE02F016C300E0418EC09063006EC19D
:101A50008EC036C300E8418EC0306300E8580300F2
:101A600037A100E0418EF43063013850A30017A580
:101A70000068581303F6DE0068418EC056DE006D24
:101A8000DA0AF4B6DE011656030017A10068DE86F6
:101A9000F036DE015856030017A100E05E870DD72F
:101AA000A200B05ED70010620020DE02A016D500B2
:101AB000E05E86D037A300E05E8ED077A3006D5A3B
:101AC00002F456DE006E5E8EF496DE00E86002F4EC
:101AD000368300B05E8F00168100A05A0F00768317
:101AE00000E05A0B00368200E85A02F4568000D01B
:101AF0005E0300378000E0581300360400E0418F99
:101B0000003063029858130016DB00E05ED7003700
:101B1000B5006EC18EC036C400B058030010630318
:101B2000BFDE02F016C400B058130017A10068DA37
:101B3000370016E100B05E8700168D006DDE86D19D
:101B4000B6E300B05E8700168D0002DE02F00000F2
:101B500001BC60030017A1018760040310A001BC51
:101B600060030990B500B0006300F0B401BC605799
:101B70000310B601BC60030090B500B0006300B074
:101B8000B400B042D30018000317DE02F016EC03D5
:101B900097DE02F016ED00B02A3300142F018EE01C
:101BA0000C0310A0006DDE02D1B6F300E85A36F047
:101BB000168D03BFDE02F016F501BC600300168C23
:101BC00001BC600300168D006E5A3AF016F801BC95
:101BD000600300168E03BFDE02F016F900E85A3AE1
:101BE000F0168E00B058070017A100E0580EF0164E
:101BF00003006ED80EF436FF00E85E86C017A10021
:101C0000E8580EF4360300E8580F00360301185E5A
:101C1000030017A1006DDE0302170700E86042F41D
:101C200037A200905A1AF4368600885A1EF457A23A
:101C300000905A1EF4368700B05A1AF4568603BF35
:101C4000DE02F0170900905A1EF4368601BC6003CC
:101C50000016870002DE02F0000001586003001049
:101C60002A01B8600A04902401BC600302900401B8
:101C700089E0020D906C0002DE02F000000200DE3E
:101C80005300171901BC60170777A100025E02F02C
:101C9000012700B040670017A200B05E8B0057A27A
:101CA00000025E02F0012B01BC600303378001BC1F
:101CB000600300178100025E02F011320002DE02B2
:101CC000F0000001BC600303378000025E02F011E7
:101CD0002D0183E006F037810181E006F0378100B5
:101CE000025E02F0113200B05E070017A200E0446D
:101CF000670B57A1006B4466F4372001BC600311E9
:101D0000378000025E02F0112D01806006F03781FD
:101D100000025E02F0113201BC60030097800002F5
:101D20005E02F0112D01806006F0378100025E0234
:101D3000F0113200E044670157A1006B4466F437AC
:101D40002A01BC600303378001A0607EF457810044
:101D5000025E02F0113200E044670797A1006B4475
:101D600066F4372F01BC600311578000025E02F059
:101D7000112D01846006F0378100025E02F01132FD
:101D800000B05E070017A201BC60030A37800002A2
:101D90005E02F0112D01806002F0378100025E02C8
:101DA000F0113200E044670037A1006B4466F4375D
:101DB0003A01806006F0378100025E02F0113201C4
:101DC000BC600308578000025E02F0112D018A609A
:101DD00002F0378100025E02F0113200E044670039
:101DE00037A1006B4466F43742018A600EF03781F8
:101DF00000025E02F0113200E044670657A1006B5A
:101E00004466F4374601BC60030CB78000025E02F2
:101E1000F0112D0280DE0700173001BC600311575E
:101E20008001846002F4578100025E02F0113201E9
:101E3000BC60030037A30206ABD30017510284C570
:101E4000AF00175903BFDE02F017520280456F0042
:101E5000175901BC60030017A3018B600E2B915C26
:101E600001BC600318517800B045E3001800018BF5
:101E70002B2E2F317900A84138F9D7A100B05E840C
:101E8000F9B04E01BC60170777A100025E02F001B5
:101E90002700B040670017A200A85E8B0057A20081
:101EA000025E02F0012B00E044670157A1006B4481
:101EB00066F4375F01BC600301B7A101BC60030495
:101EC00077A200025E02F0012B01BC60130AF7A1A9
:101ED00001BC60030017A200025E02F0012B01BCEE
:101EE00060030117A400E85E930037A401BC6003FF
:101EF00001D7A100B05E930017A200025E02F001BC
:101F00002B01BC60130AD7A101BC60030017A2001B
:101F1000025E02F0012B0068DE9300176700685E26
:101F20008F0017710002DE02F0000001BC60270C78
:101F3000B7A101BC60030197A200025E02F0012B71
:101F400001BC60270EB7A101BC60030137A20002EB
:101F50005E02F0012B01BC60030657A401BC6003C4
:101F60000077A301BC60130957A100025E02F001D3
:101F700027018060060337A200025E02F0012B01F8
:101F8000806002F457A200025E02F0012B00E044E0
:101F900066F497A1006B4466F4378000E85E8F001A
:101FA00037A300685E8F00178701BC60030317A486
:101FB00001BC60270F17A100025E02F00127006834
:101FC000C0671FF77901BC60270EB7A101BC600391
:101FD00001F7A200025E02F0012B0002DE02F00017
:101FE000000002DE02F000000200DE5300179D0137
:101FF000BC60130E77A100025E02F0012700A04032
:10200000673FEC4401BC60131497A100025E02F02C
:1020100001270196E0020337A200025E02F0012BC5
:1020200001BC601309B7A100025E02F0012701871D
:1020300060020337A200025E02F0012B01BC6013B4
:102040000997A100025E02F00127018760060337AD
:10205000A200025E02F0012B0002DE02F00000018D
:10206000BC60730017A301BC60131497A100025E4B
:1020700002F0012700A04066F477A40196E01EF468
:1020800097A300B05E8D8897A200025E02F0012B3C
:1020900001BC601309B7A100025E02F001270187AD
:1020A00060060337A200025E02F0012B01BC601340
:1020B0000997A100025E02F001270187600603373D
:1020C000A200025E02F0012B0002DE02F00000001E
:1020D00068DE930017B100E05E030057A201095EBD
:1020E0008B0017A103BFDE02F017B90068DE930072
:1020F00037B501105E030017A200E05E8B0097A1C8
:1021000003BFDE02F017B901305E030017A200E042
:102110005E8B0197A1006D5E870597B901BC6003D6
:102120000597A10002DE02F0000000682BCB00172B
:10213000BF00B02BF30017A100E05E855FB7A100E0
:102140006BDE862337BF0186E006F7F7BF0002DEAD
:1021500002F0000000681F330017CD020200BF002C
:1021600017C3020345730017CD0285C5230017CDA1
:1021700000681F330037CB00B01FC70017A1000253
:102180005E02F0012700A84064F9D7A200B05E8883
:10219000F9B7A200025E02F0012B03BFDE02F017C6
:1021A000CD00A84138F9D7A100B05E84F9B04E0047
:1021B00002DE02F00000020200BF0017C302034566
:1021C000730017CD0158600300102A0189E0020D49
:1021D000906C01BC600300900400B040130017A194
:1021E0000002DE02F00000018260060F1078020794
:1021F000C1E30017D601BC60030C17A301BC600348
:1022000000907601BC600300107700025E02F001CE
:102210003401BC60030C97A300025E02F0012F00A2
:102220008860118757A101BC5E860EF07700025EC0
:1022300002F0013401BC60030C17A301BC60030071
:10224000B07601BC600300107700025E02F001343A
:1022500001BC60030C97A300025E02F0012F00880E
:1022600060058757A101BC5E860ED07600025E0233
:10227000F0013401BC60030017A300025E02F0010C
:102280002F018560060ED07600025E02F001340157
:10229000BC60030C17A301BC600300307601BC6076
:1022A0000300107700025E02F0013401BC60030CF1
:1022B00097A300025E02F0012F01AC60A20EF0773E
:1022C00000025E02F0013401BC60030017A30002AB
:1022D0005E02F0012F018560060ED07600025E02DC
:1022E000F0013401BC60030C17A301BC6003003093
:1022F0007601BC600300107700025E02F001340139
:10230000BC60030C97A300025E02F0012F01AC60D9
:10231000020EF07700025E02F0013401BC6003009F
:1023200017A300025E02F0012F018560060ED07631
:1023300000025E02F00134018260020F1078000298
:10234000DE02F0000001BC60130817A100025E026B
:10235000F00127018060020337A200025E02F00153
:102360002B01BC60030037A100025E02F0012701CF
:1023700088600E0337A20068B0EB00181001886077
:102380000A0337A200025E02F0012B01BC601B06AB
:1023900057A100025E02F00127018830EA0337A24C
:1023A00000025E02F0012B00025E02F017D501BCB4
:1023B00060130817A100025E02F001270180600689
:1023C0000337A200025E02F0012B0002DE02F000E1
:1023D0000001BC60430890E600025E02F0016A0161
:1023E000BC604F1110E40190600A09104801BC6004
:1023F0000300000601BC600301D78201D2DE08772A
:10240000F0E000B00F030010E100B00047001086BC
:1024100000B00F1F00108A01BC600300378100026A
:102420005E02F0107001BC60030010BB01BC6103D0
:102430000010800182600610308103D05E02F0033C
:10244000940002DE02F0000000681F830018820280
:102450008042030018820285C52300188200681F8D
:102460008F00388200681F8B00385F01BC60130842
:1024700017A100025E02F00127018060020337A26B
:1024800000025E02F0012B01BC601B1B57A1000281
:102490005E02F0012700B04067000C3E0182E006BA
:1024A0000337A200025E02F0012B01846006F4579C
:1024B000A200025E02F0012B01BC60270F37A100D1
:1024C000025E02F0012700B04067000C3F01886007
:1024D000060337A200025E02F0012B01BC60271543
:1024E00097A100025E02F0012700B04067000C4097
:1024F000019B60160337A201806006F457A2000218
:102500005E02F0012B01BC60131077A101BC600BCF
:102510000017A200025E02F0012B01BC60131057ED
:10252000A100025E02F0012701B860820337A20019
:10253000025E02F0012B01BC60131037A100025EA5
:1025400002F001270180E0020337A200025E02F0E0
:10255000012B01BC60030007E201BC60030007E33C
:102560000068310F00185700E044658867E103BF39
:10257000DE02F0185800E044670807E101BC601370
:102580001037A100025E02F00127018060060337C8
:10259000A200025E02F0012B01BC60030027E200F2
:1025A000025E02F0012702004067001873028042B9
:1025B000030018730285C52300187301BC60131053
:1025C00037A100025E02F001270200406700186692
:1025D000006CC464FC385F00E03107002C4100E06F
:1025E000310B002C4201BC601310F7A100025E0207
:1025F000F0012700B0406700018401BC601310D7D0
:10260000A100025E02F0012700B0406700018501D1
:10261000BC602B1357A100025E02F0012700B040FE
:102620006700018601BC60131117A100025E02F071
:10263000012700B0406700018701BC60271597A102
:1026400000B031030017A200025E02F0012B01BCB2
:1026500060270F37A100B030FF0017A200025E0212
:10266000F0012B01BC601B1B57A100B030FB001711
:10267000A200025E02F0012B01BC60130817A1004A
:10268000025E02F00127018060060337A200025EAD
:1026900002F0012B01BC60030007E201BC600300F3
:1026A00007E000B05E870017A10002DE02F0000024
:1026B00001BC6003000C2500B030CB00179E00B0B9
:1026C00030CF00179D00B030D300179C00B030D73A
:1026D00000179B03BFDE02F00A1A00000000000092
:1026E00000000000000000000000000000000000EA
:1026F00000000000000000000000000000000000DA
:1027000000207EC00000000000000000000000006B
:1027100000000000000000000000000000000000B9
:1027200000000000000000000000000000000000A9
:102730000000000000000000000000000000000099
:1027400000207EC00000000000000000000000002B
:102750000000000000000000000000000000000079
:1027600000000000000020000000401101000000F7
:102770000000801601008000000080160100800328
:1027800000008016000000400000801A2100E003D5
:1027900000008016000200400000801A1002004075
:1027A0000000801A100202400000801A6100E0035D
:1027B00000008016100200400000801A6101E01342
:1027C00000008016300200400000801A1002004015
:1027D0000000801A1C0200400000801A0002000065
:1027E0000000801A1C0A00400000801A1C0A2040C9
:1027F0000000801A1FCA20400000801A1FCA204013
:102800000000801A010000000000801E0900000086
:102810000000801E00000000000080020000000098
:10282000000080020000000000008002080000009C
:102830000000801E000000000000801E010000005B
:102840000000801E110000000000801E1FCA20C072
:102850000000801A1FCA20C00000801A5FCA20C072
:102860000000801AB06400000000800E0000280004
:1028700000008012110000000000801E0000000017
:10288000C825428500000000000040010000000053
:102890000000400100000000000040015FCA20402D
:1028A000000040191FCA204000004019010000002C
:1028B0000000401D010000000000401D010000005C
:1028C0000000401D090000000000401D1FC2204004
:1028D000000040190F0000000000401D1FC220C072
:1028E000000040191BC220C000004019207D0000DC
:1028F0000000400D0000200000004011000000001A
:102900003304428900000000000040010000000084
:102910000000400100000000000040011BC22040F8
:1029200000004019090000000000401D1BC22040AB
:1029300000004019010000000000401D00000000E0
:102940000000401D1FC2204000004019010000008F
:102950000000401D090000000000401D1FC2204073
:10296000000040190B0100000000401D1FC220C0E4
:10297000000040191BC220C000004019C0770000B1
:102980000000400D00002800000040110000000081
:10299000331C4289000000000000400100000000DC
:1029A0000000400100000000000040011FC220C0E4
:1029B000000040191FC220C0000040196100E01350
:1029C0000000401500000000000040010000000071
:1029D0000000400100000000000040016101E01320
:1029E0000000401513C220C000004019610180138F
:1029F000000040150A0100000000401D13C220C065
:102A00000000401908040000000000F80000000069
:102A10000000400100000000000040010000000034
:102A20000000400100000000000040010000000024
:102A30000000400113C22040000040190B010000BB
:102A40000000401D13C220C000004019000000001B
:102A500000004001000000000000400103010000F0
:102A60000000401D13C22040000040190000080073
:102A700000004011610180130000401561018013C6
:102A80000000401561018013000040151FC2204066
:102A9000000040191FC22040000040191FC2204002
:102AA000000040190B0100000000401D0B01000058
:102AB0000000401D1FC220C0000040191BC220C0E2
:102AC00000004019C37700000000400D000008001E
:102AD0000000401100000000131C428800000000AC
:102AE0000000400100000000000040010000000064
:102AF000000040011BC220400000401909000000F6
:102B00000000401D1BCA2040000040191FCA204081
:102B100000004019090000000000401D1FC22040B5
:102B2000000040190F0000000000401D1FC220C01F
:102B3000000040191BC220C000004019237D000086
:102B40000000400D000000000000401100000000E7
:102B50001304428800000000000040010000000053
:102B60000000400100000000000040011BC22040A6
:102B700000004019090000000000401D1BCA204051
:102B800000004019010000000000401D1FCA204045
:102B900000004019110000000000401D1FCA204025
:102BA000000040191FCA20C0000040191FCA20C0E1
:102BB000000040191FCA20C0000040195FCA20C091
:102BC00000004019B06400000000400D0000080043
:102BD00000004011110000000000401D0000000036
:102BE000B825428400000000000040010000000001
:102BF0000000400100000000000040015FCA2040CA
:102C000000004019010000000000401D1FCA2040C4
:102C1000000040191FCA20400000401900000000B9
:102C20000000401D1C0A2040000000181C0A204023
:102C3000000000180000000000000010000000006C
:102C40000000001C61018013000000141C0A2040D9
:102C5000000000186101800300000014100A2040E9
:102C600000000018000A204000000018000A004080
:102C7000000000184101800300000014000800401B
:102C800000000018000010000000001000080240C2
:102C9000000000180008034000000018000802406F
:102CA00000000018000800400000001800000000AC
:102CB000000000100008004000000018000800405C
:102CC00000000018410180000000001441010000D4
:102CD0000000001440010000000000140008024041
:102CE000000000180001000000000014000800406F
:102CF00000000018000800C000000018080C0000C8
:102D00000000000408080000000000FC00000000B3
:102D100000000000000000000000000000000000B3
:102D2000000000000C715D48075F3100B3C9A56168
:102D3000005B234B452524472808000000000000C5
:102D4000941DC51301BD3208010034333433396199
:102D5000302D726F6D6C2F7364696F2D672D706FDE
:102D60006F6C2D7032702D69647375702D6964619C
:102D70007574682D706B7466696C7465722D6B6503
:102D80006570616C6976652D616F652D6C70632D62
:102D900073776469762D7372666173742D667561DD
:102DA00072742D627463782D6E6F636C6D696E63DF
:102DB0002D636C6D5F6D696E2D6662742D6D66702E
:102DC0002D7361652D776F776C70662D746B6F2036
:102DD00056657273696F6E3A20372E39352E343945
:102DE000202832323731626236204359292043523B
:102DF000433A206237613238656633204461746536
:102E00003A204D6F6E20323032312D31312D323932
:102E10002032323A35303A323720505354205563FD
:102E20006F6465205665723A20313034332E32316A
:102E3000363220465749442030312D6335316439CC
:102E400034303000FA00445649442030312D62308D
:102E500062343532306600000000000000000000DF
:102E60000000000000000000000000000000000062
:102E70000000000000000000000000000000000052
:102E80000000000000000000000000000000000042
:102E90000000000000000000424C4F423C000000D7
:102EA000FA69E0BB01000000020000000000000021
:102EB0003C000000980300000A6F2B520000000045
:102EC00000000000D403000004000000A0B0E5E210
:102ED00000000000434C4D204441544100000C00D0
:102EE000020052617370626572727950692E506986
:102EF000636F57000000312E32392E34000000007D
:102F00000000000070000000436C6D496D706F722E
:102F1000743A20312E34372E3100000000000000BA
:102F200000000000000076352032322F30362F327C
:102F3000340000000000000000000000010B010D43
:102F40000C0D000068030000740100006800000020
:102F5000300100007C010000000000004C01000076
:102F60004601000058030000000000002801000096
:102F700090030000880300007FB200000000000002
:102F80000000000000000000000000000000000041
:102F900000000000000000000000000070030000BE
:102FA00000000000320100000000000000000000EE
:102FB0000000000000000000000000000000000011
:102FC0000000000000000000000000000000000001
:102FD00000000000000000000000000000000000F1
:102FE00000000000000000000000000000000000E1
:102FF000000000000000000000000000340000009D
:10300000810100000102323032322D30362D32344F
:103010002030363A35353A3038000000FF000000E5
:103020000100FF011E0000014800010100FF011422
:103030000000014800010000FF0000000200000144
:103040001E01000148010100000000000000000016
:103050000001000101236E000200FFFFF000415457
:1030600000010001FFC000415500010001FFC00048
:10307000424500010001FFC000425200010001FF73
:10308000C00043410000FF00FFCC004348000100A6
:1030900001FFC000434C00010001FFC000434E008F
:1030A000010001FFC000434F00010001FFC00043C9
:1030B0005A00010001FFC00044450001FF01FFCCA0
:1030C00000444B00010001FFC00045450001000124
:1030D000FFC000455300010001FFC000465200013F
:1030E0000001FFC000474200010001FFC00047523D
:1030F00000010001FFC000484B00010001FFC000BB
:10310000485500010001FFC000494C00010001FFCB
:10311000C000494E00010001FFC0004953000100FA
:1031200001FFC000495400010001FFC0004A5000E7
:10313000010001FFC0004B4500010001FFC0004B32
:103140005200010001FFC0004C4900010001FFC016
:10315000004C5400010001FFC0004C55000100016B
:10316000FFC0004C5600010001FFC0004D5400019B
:103170000001FFC0004D5800010001FFC0004D5983
:1031800000010001FFC0004E4700010001FFC00028
:103190004E4C00010001FFC0004E4F00010001FF36
:1031A000C0004E5A00010001FFC000504500010060
:1031B00001FFC000504800010001FFC000504C005A
:1031C000010001FFC000505400010001FFC0005386
:1031D0004500010001FFC000534700010001FFC08E
:1031E00000534900010001FFC000534B00010001E2
:1031F000FFC000544800010001FFC000545200010C
:103200000001FFC000545700010001FFC0005553EA
:1032100000000000FFC00058580003FF02FFCC0070
:103220005A4100010001FFC000010D0100014800EA
:1032300000000148000000014801000001000000FA
:10324000550300000A0C0D0E0F1011121314150C6B
:10325000000102030405060708090A0B000000002C
:10326000000000000000000000000000AFA9000006
:103270004E5652414D5265763D2452657624006D7E
:10328000616E6669643D30783264300070726F64DC
:1032900069643D3078303732370076656E64696432
:1032A0003D3078313465340064657669643D30784A
:1032B0003433653200626F617264747970653D30D9
:1032C000783038383700626F6172647265763D30ED
:1032D000783131303000626F6172646E756D3D32ED
:1032E00032006D6163616464723D30303A41303A5E
:1032F00035303A62353A35393A35650073726F6D5B
:103300007265763D313100626F617264666C61672F
:10331000733D3078303034303430303100626F619A
:103320007264666C616773333D30783034303030AE
:10333000303030007874616C667265713D333734BB
:103340003030006E6F6372633D31006167303D3233
:10335000353500616132673D310063636F64653DFF
:10336000414C4C007061306974737369743D3078FE
:1033700032300065787470616761696E32673D3024
:10338000007061326761303D2D3136382C3731366F
:10339000312C2D383230004176566D69645F6330D0
:1033A0003D3078302C307863380063636B7077720F
:1033B0006F6666736574303D35006D617870326795
:1033C00061303D383400747870777262636B6F6679
:1033D0003D360063636B627732303267706F3D3029
:1033E000006C65676F66646D627732303267706F4C
:1033F0003D30783636313131313131006D637362B1
:103400007732303267706F3D30783737373131314E
:1034100031310070726F70627732303267706F3D99
:1034200030786464006F66646D64696766696C74A3
:10343000747970653D3138006F66646D64696766E4
:10344000696C747479706562653D313800706170C3
:10345000646D6F64653D31007061706476616C69A4
:1034600064746573743D3100706163616C69647884
:1034700032673D343500706170646570736F6666E5
:103480007365743D2D33300070617064656E6469DE
:1034900064783D3538006C746563786D75783D30BF
:1034A000006C746563787061646E756D3D30783062
:1034B000313032006C74656378666E73656C3D30D4
:1034C000783434006C746563786763696770696F1A
:1034D0003D3078303100696C306D616361646472D5
:1034E0003D30303A39303A34633A63353A31323A22
:1034F000333800776C3069643D30783433316200A2
:10350000646561646D616E5F746F3D307866666698
:103510006666666666006D7578656E61623D3078D8
:103520003130300073707572636F6E6669673D305D
:10353000783300676C697463685F62617365645FA8
:103540006372736D696E3D31006274635F6D6F64A9
:10355000653D3100000000000050F2010000000055
:10356000636F756E74727900000000006375725F9E
:103570006574686572616464720000000000000098
:1035800000000000636C6D6C6F616400000000005F
:10359000636C6D6C6F61645F73746174757300004C
:1035A0000000000000A050B5595E00006273730077
:1035B000000000006D61786173736F6300000000AC
:1035C00063636770696F696E000000003EA50010BC
:1035D00000A4001000A4001018A5001000A4001002
:1035E00000A40010F6A4001000A4001000A4001015
:1035F00000A4001000A40010E6A4001000A4001015
:1036000000A4001000A4001000A40010C4A4001026
:1036100000A4001000A4001000A4001000A40010DA
:1036200000A4001000A40010B0A4001000A400101A
:1036300000A4001000A4001000A4001000A40010BA
:1036400000A4001000A4001000A4001000A40010AA
:1036500000A4001000A4001000A4001000A400109A
:1036600000A4001000A4001000A4001000A400108A
:1036700000A4001000A4001000A4001000A400107A
:1036800000A4001094A4001000A4001000A40010D6
:1036900086A40010A4BC0010B0BC00100000000004
:1036A000B8BC00100000000000000000C0BC00100A
:1036B000CCBC001000000000000000000000000072
:1036C000D4BC0010E0BC00100000000000000000AE
:1036D00000000000F0BC001000000000000000002E
:1036E00000000000000000000000000000000000DA
:1036F00000000000000000000000000000000000CA
:1037000000000000000000000000000000000000B9
:1037100000000000000000000000000000000000A9
:103720000000000000000000000000000000000099
:103730000000000000000000000000000000000089
:10374000000000000000000000000000F8BC0010B5
:103750000000000000000000000000000000000069
:103760000000000000000000000000000000000059
:103770000000000000000000000000000000000049
:103780000000000000000000000000000000000039
:103790000000000000000000000000000000000029
:1037A000000000000000000000BD0010000000004C
:1037B0000000000000000000000000000000000009
:1037C00000000000000000000000000000000000F9
:1037D0000000000010BD001000000000000000000C
:1037E00000000000000000000000000000000000D9
:1037F00024BD001034BD00100200000019AD0010FF
:103800003DAF001015AF00102DAE0010F5AF001049
:10381000C1AF00108DAF001059AF001045AD0010C2
:1038200000000000F9AE0010EDAE00105DAE00101B
:10383000D0BD0010DCBD0010E8BD0010F4BD0010CC
:1038400000BE00100CBE001018BE001024BE0010F8
:0438500010C1001093
:10385400F8B54746CE4680B51F00002304009046C5
:1038640099460BE0BFF35F8F4A461A608CF31088C9
:103874004046390001F040F800281AD12668EFF3D9
:10388400108C72B63568002DFCD0BFF35F8F042313
:10389400E55E2368002DE5DD013DA580BFF35F8F64
:1038A40000221A608CF310880120C0BCB946B046CF
:1038B400F8BD0020F9E7C04630B50268EFF3108187
:1038C40072B61368002BFCD0BFF35F8F0422835EB3
:1038D4000625445F02689C420ADD01338380BFF3FE
:1038E4005F8F0023136081F3108840BF012030BD37
:1038F400BFF35F8F0023136081F310880020F6E785
:10390400D02330B500241B0600251C5707E0002BEC
:1039140013DBBFF35F8F156081F3108820BF02684B
:10392400EFF3108172B61368002BFCD0BFF35F8FE6
:103934000423C3560268A342E9D1437904710133D5
:103944004371BFF35F8F0023136081F3108830BD90
:1039540003000068EFF3108C72B60268002AFCD0F2
:10396400BFF35F8F04229A56002A0BDB002900D094
:103974000A6000201B68BFF35F8F00221A608CF37B
:1039840010887047D0221206126801201A71F1E7DC
:10399400F0B5C646150000B504001E000268EFF33A
:1039A400108172B61368002BFCD0BFF35F8F042321
:1039B400E3562268002B2BDBBFF35F8F00201060DF
:1039C40081F31088D02212061278002752B2904652
:1039D4009A420ED1002080BCB846F0BDBFF35F8F81
:1039E400176081F310882800310000F085FF00285B
:1039F400F0D12268EFF3108172B61368002BFCD06B
:103A0400BFF35F8F237922687F2BE7D9434602E017
:103A1400D0231B061B682371BFF35F8F0023136041
:103A240081F310880120D6E7D0220300002012067B
:103A340010B510561C68EFF3108C72B62268002A79
:103A4400FCD0BFF35F8F04229A56002A06DB824221
:103A540004D0002900D00A60002004E0187101207D
:103A64005A7901325A711B68BFF35F8F00221A60C2
:103A74008CF3108810BDC046F0B5C64600B50D00E5
:103A8400040000F019FFFA2206000F0000232800AA
:103A94000021920000F018FF36184F41002F02DA7F
:103AA4000126174F7642D0231B061B680025984633
:103AB4000AE0BFF35F8F156081F31088300039008E
:103AC40000F01AFF002818D12268EFF3108172B6B3
:103AD4001368002BFCD0BFF35F8F237922687F2B00
:103AE400E7D943462371BFF35F8F0023136081F34B
:103AF4001088012080BCB846F0BD0020FAE7C0461B
:103B0400FFFFFF7F0268EFF3108172B61368002B8A
:103B1400FCD0BFF35F8FFF2303710368BFF35F8F94
:103B240000221A6081F3108840BF704710B5026804
:103B3400EFF3108172B61368002BFCD0BFF35F8FD4
:103B440043790268013BDBB24371002B08D1FF24A7
:103B54000471BFF35F8F136081F3108840BF10BD01
:103B6400BFF35F8F0023136081F31088F7E7C0462B
:103B740010B5084C2378002B0AD180230648074946
:103B84005B051A68C25004338B42FAD101232370B7
:103B940010BDC046E62A0020FC1A001000010010E7
:103BA40010B5014B984710BDFD1A0020064B5A680A
:103BB40002609A684260DA6882601A69C2605A696F
:103BC40002619B6943617047000002400268064B32
:103BD4005A6042689A608268DA60C2681A6102694F
:103BE4005A6142699A61704700000240034B1A68A7
:103BF400C0239B009343024A136070470C8001402A
:103C04000C900140054B1A6880239B005340C0224E
:103C140092001340024A13607047C0460C80014072
:103C24000C9001400023F0B5DE4657464E4645460B
:103C34009A46E0B589B001900E00988A45491B8BDD
:103C440014009847534681464349988A1B8B9847EA
:103C5400534642490500988A1B8B98478046FFF7D4
:103C640087FF02A8FFF7A2FFC847A847FFF7CAFFCC
:103C7400251E22D00823C0219C4602204905624605
:103C84008B6A1A4018423FD0631B002D2FD1002AA3
:103C940011D1002C11D0C0235B059B4602239A4608
:103CA400063399465B464A4657469B6A1A401F426A
:103CB40042D0002AF6D0002C30D1FFF797FFC0473E
:103CC400FFF76EFF02A8FFF781FF09B0F0BCBB4607
:103CD400B246A946A046F0BD002C2FD1C022520501
:103CE400926A914608224F463A40BF072DD50D2BC4
:103CF4001BD9002AF0D1C0225205926A91460822AB
:103D04004F463A40BF07F2D4002A04D12B00234384
:103D1400002BB4D1D1E72B00002CF9D00B6E013C61
:103D24003370230001362B43F2E7019F013D3B78BA
:103D340001370B660197E7E70025E5E7C0235B053C
:103D44001B6E013C3370013699E72B00002ADFD14A
:103D5400DCE7C046494600004558000046430000E1
:103D64000022154B10B59A60DA601A615A619A61A3
:103D7400DA611A625A629A62DA621A635A639A635D
:103D8400DA631A645A649A64DA641A655A659A653D
:103D9400DA651A665A669A66DA661A675A679A671D
:103DA400DA67F03292000021044800F09DFD044BD4
:103DB400044A1A6010BDC04600001050AC25002013
:103DC4007429002080011050F0B54E464546DE4669
:103DD4005746E0B5214B00249E6D012585B0002E89
:103DE40022D01F4B9A46012399461E4B984601E068
:103DF400202C19D02A00230001342F003240E4B2D1
:103E04006D00002AF4D0524697654A465B085B0071
:103E140022409B185B01434418009B4600F01EFCA3
:103E2400002808D1BE43E3D105B0F0BCBB46B2467E
:103E3400A946A046F0BD5B46E0219A78DB8A01A83A
:103E440083600023C900018001210271437100F0E5
:103E540025FC584600F0A0FBE4E7C04600001150E2
:103E6400003011506C2500209823F0B5C646C84A8E
:103E740000B5D55880232E009B02102484B01E4028
:103E84001D4274D0C34BC44C9A6AC44B00261A60BA
:103E94003B23E35C022B00D14FE17B23E35C022B49
:103EA40000D1F3E0BB23E35C022B00D1FAE0FB2357
:103EB400E35C022B00D101E13C23FF33E35C022BE2
:103EC40000D12DE17C23FF33E35C022B00D10EE112
:103ED400BC23FF33E35C022B00D13FE1FC23FF331F
:103EE400E35C022B00D1F5E0AD4BE35C022B00D187
:103EF40074E1AC4BE35C022B00D105E1AA4BE35C1B
:103F0400022B00D175E1A94BE35C022B00D132E115
:103F1400A74BE35C022B00D1A0E1A64BE35C022B90
:103F240000D171E1A44BE35C022B00D1A1E1A34BCE
:103F3400E35C022B00D17FE1002E08D1A04B1B785B
:103F4400002B04D180219F4A90338902D150C02292
:103F540069468F4B92009B6C80265B058A805B0DC3
:103F6400012101A8029300F099FB974CB602EB06DD
:103F740000D57FE080235B021D4231D01E43012324
:103F840002249846844FBB7E002B14D000F07CFCA6
:103F9400012800D972E0C02200213800920100F00B
:103FA40001FB380000F0F8FA00F06EFC012802D999
:103FB400844B5C661C664346FB702037012C22D17F
:103FC400C0236A46DB009380804A02AB03CA03C362
:103FD400012101A800F062FB80227A4B92021A654B
:103FE40080235B011D4210D18023DB011D4223D1BC
:103FF40080231B021D422FD1AE4200D0C0E104B089
:1040040080BCB846F0BD0124BDE700241E43604BCC
:104014001C60FFF7A5FE80236A465B009380147240
:10402400012101A800F03AFB8022664B12031A65B5
:104034008023DB011D42DBD01E4380236A46DB0064
:104044009380012101A800F029FB10225D4B1A6521
:1040540080231B021D42CFD01E43A0236A46DB00EF
:104064009380012101A800F019FB8022554B120115
:104074001A65C1E7FFF7A8FE26007BE7544B444AC4
:104084001C66536E2340A342FBD184E77833E75C7C
:10409400002F00D106E70233E25C002A00D00DE1D4
:1040A4003E00FFE6B833E75C002F00D1FFE60233A1
:1040B400E25C002A00D0F9E03E00F8E6F833E75C61
:1040C400002F00D1F8E60233E25C002A00D041E17F
:1040D4003E00F1E6F933FF33E75C002F00D103E73C
:1040E4000233E25C002A00D02BE13E00FCE6793387
:1040F400FF33E75C002F00D1EAE60233E25C002ADA
:1041040000D015E13E00E3E6324BE75C002F00D11E
:10411400F4E60233E25C002A00D001E13E00EDE661
:104124003933FF33E75C002F00D1CBE60233E25C86
:10413400002A00D0EBE03E00C4E63833E65C002EF3
:1041440000D1AAE60233E25C002A00D1A5E62000F1
:1041540000222030E25400F04DFA9EE6B933FF33DA
:10416400E75C002F00D1B9E60233E25C002A00D0FC
:10417400C4E03E00B2E6184BE75C002F00D1C7E66E
:104184000233E25C002A00D0B0E03E00C0E6C04644
:1041940000001150004005406C25002064250020DB
:1041A4003B0200007B020000BB020000FB02000097
:1041B4003B0300007B030000BB030000FB03000083
:1041C400E42A0020003011501000020000001050BA
:1041D400002011507A020000FA0200006B4BE75CE9
:1041E400002F00D185E60233E25C002A76D13E003E
:1041F4007FE6674BE75C002F00D184E60233E25C84
:10420400002A63D13E007EE6624BE75C002F00D1BA
:1042140088E60233E25C002A00D0A3E05E4BE35C54
:10422400022B30D15D4BE35C002B27D15C4BE35C6C
:10423400022B00D08BE63E005A4BE35C002B00D1EE
:104244007AE6FF239B00E25C002A00D17FE600228D
:10425400E2541C3BE01800F0CDF978E6524BE75CE1
:10426400002F00D159E60233E25C002A16D13E0049
:1042740053E64A4BE35C002B00D158E6EF239B0046
:10428400E25C002A75D1464BE35C022B00D05EE66B
:10429400444BE35C002B00D159E6D2E70022E25400
:1042A4001C3BE01800F0A6F93E0036E62000002290
:1042B400A030E2543E0000F09DF9F8E52000002211
:1042C4006030E2543E0000F095F9EBE50022E25440
:1042D4001C3BE01800F08EF93E0014E60022E25484
:1042E4001C3BE01800F086F93E0002E60022E2548E
:1042F4001C3BE01800F07EF93E0009E62000002295
:10430400A130FF30E2543E0000F074F9E6E52000ED
:1043140000222130FF30E2543E0000F06BF9D1E579
:104324000022E2541C3BE01800F064F93E00E5E58D
:10433400200000226130FF30E2543E0000F05AF9C0
:10434400C6E520000022E130FF30E2543E0000F0D8
:1043540051F9C9E520000022E030E2543E0000F0AB
:1043640049F9A9E50022E2541C3BE01800F042F9A7
:1043740054E70022E2541C3BE01800F03BF982E7CA
:1043840031000A48694000F087FAC0463A0200004A
:10439400BA0200007A030000BB030000BA03000065
:1043A400FB030000FA0300003A030000ACB900105C
:1043B400F0B5C64600B50200838A008B8C46011C0A
:1043C400984200D9191CD47880252000461EB0419B
:1043D40089B2ED000D434003284301256C405B1A6C
:1043E400D47054789BB29382002C31D16446D56842
:1043F400A4014E1E2D19B0461469002923D0062E9F
:1044040032D92B0023439B072ED1631CEB1A022BBA
:104414002AD900238F08BF00E658EE5004339F4288
:10442400FAD14346ED19DB1BE419B94209D02678C9
:104434002E70002B05D066786E70012B01D0A37806
:10444400AB701469938A64181461802212021043B9
:10445400002B02D18023DB0118436346002B00D0DC
:10446400000480BCB846F0BD0023E65CEE54013382
:104474009942FAD1E5E7C0468368F0B51A680400AA
:10448400002900D0120C63789205900D002B08D1FE
:10449400E38AC318E382238B834201D90023A382D6
:1044A400F0BDE368890125695E18471E002822D003
:1044B400062F26D901315B18EB1A022B21D92B00C8
:1044C40033439B071DD10023120E9200F158E9508B
:1044D40004339A42FAD1BF1AAD18B618904209D0E3
:1044E40032782A70002F05D072786A70012F01D0BB
:1044F400B278AA702569E38A2D18C318E38225616E
:10450400C9E70022B35CAB5401329042FAD1256969
:10451400F1E7C04610B50400836800211B68FFF76B
:10452400ABFF63681B685B0002D5238B834200D01A
:1045340010BD01212000FFF79FFFF9E7084A03009F
:10454400126C0020920703D49A78D209012A00D071
:104554007047D87E023843425841C0B2F8E7C0469B
:104564000000115010B5FFF7E9FF00280CD00749EF
:10457400074B8C46074A9B6A126863449B1A0020C7
:10458400C6229A424041C0B210BDC046E0FCFFFFC3
:1045940000400540642500200023837643610361C5
:1045A4007047C04610B58368002901D01C682140BB
:1045B400002A12D08024E400114322420DD01A684C
:1045C40022420CD1084A0A401A60084A126C920727
:1045D40003D40C23033BFDD28368196010BD81789A
:1045E400034800F059F9C046FFFBFFFF00001150DB
:1045F400C0B90010436870B50021802504001E680E
:10460400FFF7D6FE124B6D011A6C0543A37892078F
:104614000ED55B060ED00F4B1E4080239B05334303
:1046240062680021136020002A00FFF7BBFF70BD01
:10463400DB09F0D0A38A002BEDD001212000FFF785
:10464400B7FEA023044ADB05324005431343E7E7E2
:1046540000001150FFFFFFAFFFFFFFDF70B5857E45
:104664000400002D14D0FFF755FFA38A002B01D1BD
:10467400280070BD2000FFF775FF002803D0012338
:1046840000252377F4E72000FFF7B4FF0025EFE7C8
:104694008178014800F000F9E0B90010F0B5CE4689
:1046A400474680B5437805000E0085B0062B08D830
:1046B4006C4A9B00D3589F466B4A13780133DBB294
:1046C40013706A4B1C686269EFF3108172B6136849
:1046D400002BFCD0BFF35F8FA1612000290000F004
:1046E400FBF86269A369BFF35F8F0021116083F354
:1046F4001088002804D105B0C0BCB946B046F0BD4E
:1047040032006978287800F0CFF8F4E70121584B9B
:104714001A788A431A701A7801318A431A7000226F
:104724005A701A7802318A431A70CAE75149524FB3
:10473400894652490024002388463A7812E04346C9
:104744001B6861015B18002B06D0DB69002B03D0CA
:104754006968287898473A780134E4B2511C2300F8
:10476400A14217DBA242EAD89B1A5B014B44ECE757
:104774003F4B1A78D207BED504211A780A431A701F
:104784009FE73B4B1A78D207B5D504211A788A43A0
:104794001A7096E7364F3B785B072BD504223B789B
:1047A400002193433B706B460632981D00F09CF841
:1047B4002B7801AC2370052363702C4B1B6898463F
:1047C4005A69EFF3108172B61368002BFCD0BFF363
:1047D4005F8F434640469961210000F07DF84346CF
:1047E4005A699B69BFF35F8F0021116083F31088BE
:1047F400002831D1FB78DB0700D47CE76B460A2222
:104804000021981D00F070F82B7801AC237003236D
:1048140063706B686360154B1D686A69EFF3108100
:1048240072B61368002BFCD0BFF35F8FA961280018
:10483400210000F051F86A69AB69BFF35F8F002172
:10484400116083F31088002800D154E732006178A6
:10485400207800F029F84EE732006178207800F0E3
:1048640023F8C7E728C20010E52A002048170020D3
:10487400F016002044C20010E22A0020381500205F
:104884007047C0460000000001B40248844601BCE1
:10489400604700BF2512001001B40248844601BCE1
:1048A400604700BF3112001001B40248844601BCC5
:1048B400604700BF255A001001B40248844601BC79
:1048C400604700BFA523001001B40248844601BC20
:1048D400604700BF6931001001B40248844601BC3E
:1048E400604700BF8574001001B40248844601BCCF
:1048F400604700BF1532001001B40248844601BC71
:10490400604700BF75220010100000000000000086
:104914000000010000000000000000000000020090
:104924000000000000000000000003000000000080
:10493400000000000000FF000000000001B548680E
:1049440001318E460047704609380149884701BD48
:10495400C11800100000000000000000000000006A
:104964000000000000000000B01200200000000061
:10497400503300004C330000543300005233000025
:104984004D5300004D4300005334000043340000F5
:10499400C95100107D510010F150001069500010F1
:1049A40000000000000100004C17002010000C0063
:1049B40000000000000000000000000000000000F3
:1049C40000000000FF00000000000000E9AA001041
:1049D4000000000000000000000000004DAA0010CC
:1049E40000000000000000000000000000000000C3
:0849F4000000000000000000BB
:04000005100001E9FD
:00000001FF
